{
"type": "FeatureCollection",
"name": "cdmx1",
"crs": { "type": "name", "properties": { "name": "urn:ogc:def:crs:OGC:1.3:CRS84" } },
"features": [
{ "type": "Feature", "properties": { "ID": 16.0, "ENTIDAD": 9, "MUNICIPIO": 10, "NOMBRE": "ALVARO OBREGON", "CONTROL": 12.0, "GEOMETRY1_": null, "ClaveEnt": "09" }, "geometry": { "type": "MultiPolygon", "coordinates": [ [ [ [ -99.192206477980747, 19.403739452578105 ], [ -99.192199877536282, 19.4034885153335 ], [ -99.192193277115734, 19.403237578081566 ], [ -99.192252878414124, 19.402672032409711 ], [ -99.192277806837822, 19.402422724641866 ], [ -99.192324267196753, 19.401958075239953 ], [ -99.192347291888822, 19.401654848910166 ], [ -99.192331153552104, 19.401471193183987 ], [ -99.192261092485921, 19.401255600906552 ], [ -99.19216734300241, 19.401063425602228 ], [ -99.192065843505091, 19.400908234286209 ], [ -99.191940998029324, 19.400782648244803 ], [ -99.191738173270096, 19.400620168523584 ], [ -99.19150147631197, 19.400453290764009 ], [ -99.191332894224843, 19.400315888538948 ], [ -99.191215508662282, 19.400199194273608 ], [ -99.19109063847857, 19.400051422140116 ], [ -99.190957957685271, 19.39988886777725 ], [ -99.190881493399758, 19.399764800319968 ], [ -99.190827618817949, 19.399677390041457 ], [ -99.190630041675405, 19.399386340213457 ], [ -99.190536269365978, 19.399171978511959 ], [ -99.190185909943338, 19.398355572652147 ], [ -99.189921801527049, 19.397740142530072 ], [ -99.189866380769615, 19.397599503839132 ], [ -99.189565862733801, 19.396836888532267 ], [ -99.189372803398626, 19.3963469637449 ], [ -99.189255973891306, 19.39608366550571 ], [ -99.189150688996705, 19.395816842692504 ], [ -99.189076980678536, 19.395630043623019 ], [ -99.188752907931885, 19.39484186370748 ], [ -99.188608735540384, 19.394496069765236 ], [ -99.18843199544115, 19.394080644945568 ], [ -99.188383720065787, 19.393903301275774 ], [ -99.188356792271122, 19.393710730303901 ], [ -99.188361917780441, 19.393523194515428 ], [ -99.188361783678232, 19.393406621651785 ], [ -99.188714721103096, 19.392319085708422 ], [ -99.188799899733297, 19.392075714478562 ], [ -99.189028476735913, 19.391127687667833 ], [ -99.18983214405327, 19.388158041752607 ], [ -99.190032470849943, 19.387383133631861 ], [ -99.190037316724698, 19.387364388629553 ], [ -99.190363268995497, 19.386103517262637 ], [ -99.190890450188647, 19.384897265108595 ], [ -99.190915426597556, 19.384840115690242 ], [ -99.190930136285502, 19.384806457904734 ], [ -99.190961728989961, 19.384734765968581 ], [ -99.19159966837654, 19.383296390345379 ], [ -99.19169676491893, 19.382979673875624 ], [ -99.191726496598733, 19.382759079849198 ], [ -99.19174365469236, 19.381622121423401 ], [ -99.191745272554343, 19.381419153191548 ], [ -99.191748943842882, 19.380921349828267 ], [ -99.191753336899723, 19.3803256778289 ], [ -99.191747112051573, 19.3802006422464 ], [ -99.191746039246127, 19.380179093288991 ], [ -99.19174395693058, 19.380137266741492 ], [ -99.191719227273452, 19.379640531298662 ], [ -99.191685117959594, 19.378955384707986 ], [ -99.191628205474046, 19.378264569725815 ], [ -99.191607518665592, 19.378013467617428 ], [ -99.19160975729163, 19.37760986597258 ], [ -99.191780080255157, 19.376379364555515 ], [ -99.191783223267237, 19.376356657635611 ], [ -99.191842845125421, 19.375925914004966 ], [ -99.19191513017239, 19.375283420948399 ], [ -99.192053817174425, 19.374253625658096 ], [ -99.192096201611506, 19.373865580761123 ], [ -99.192125574953479, 19.373633016959602 ], [ -99.192139703853769, 19.373395432071526 ], [ -99.192120595748946, 19.373217354761579 ], [ -99.192104866656308, 19.373157475070876 ], [ -99.19205002968603, 19.37299034139313 ], [ -99.191901955851051, 19.372626548414186 ], [ -99.191740372417328, 19.372284105797799 ], [ -99.191721083088041, 19.372195111178193 ], [ -99.191650892010458, 19.371871271778225 ], [ -99.19165782297587, 19.371455990016997 ], [ -99.191728788069952, 19.370834176642905 ], [ -99.191774024473858, 19.37040829665364 ], [ -99.191819260653176, 19.369982416635171 ], [ -99.191833494959866, 19.369470933547049 ], [ -99.191823238082051, 19.369430839120074 ], [ -99.191744090001876, 19.369121446326208 ], [ -99.19169938903984, 19.368947875783576 ], [ -99.191429188423186, 19.368313517295388 ], [ -99.191256338770472, 19.36801763404311 ], [ -99.190983922502411, 19.367535089717848 ], [ -99.190843700105319, 19.367230416545191 ], [ -99.190779702457846, 19.366988598304189 ], [ -99.190765652836447, 19.366935511021413 ], [ -99.190766786522929, 19.366885925331193 ], [ -99.190744594372958, 19.366645462208332 ], [ -99.190795864942814, 19.366188178098628 ], [ -99.19082845930383, 19.365892078297154 ], [ -99.190883007687617, 19.365396537326205 ], [ -99.190973235538607, 19.364820219719739 ], [ -99.191162033251075, 19.363614288135281 ], [ -99.191046745706956, 19.363579691038595 ], [ -99.190929115992006, 19.363536124069991 ], [ -99.190189544547991, 19.363322447382348 ], [ -99.189257941008805, 19.363102609059478 ], [ -99.189214438078366, 19.363092343175715 ], [ -99.189147733809108, 19.363089422224686 ], [ -99.189081029541981, 19.363086501249111 ], [ -99.189037582596669, 19.363084151788303 ], [ -99.18898266956279, 19.363081183347308 ], [ -99.188992073889537, 19.362939803891823 ], [ -99.188129538994588, 19.362925983560153 ], [ -99.18800500097619, 19.362861985013001 ], [ -99.187581149744631, 19.362572672980765 ], [ -99.186893619955313, 19.362113982186685 ], [ -99.186720322711778, 19.36204797249842 ], [ -99.186676631096176, 19.362021340918734 ], [ -99.186220695368178, 19.361831338108161 ], [ -99.18606056606238, 19.361764606794139 ], [ -99.185797792283452, 19.361692491289872 ], [ -99.185535018732381, 19.361620375403891 ], [ -99.185131306890966, 19.361644009932579 ], [ -99.184975776186519, 19.361653114936196 ], [ -99.184735354721624, 19.36169893172957 ], [ -99.184054917652603, 19.361594523518129 ], [ -99.183591960429396, 19.361731152710625 ], [ -99.182809364078267, 19.362114703860726 ], [ -99.182675460846994, 19.362229166997846 ], [ -99.182539903702207, 19.362348258882857 ], [ -99.181525585484536, 19.362677913447321 ], [ -99.181254982629014, 19.36274974941329 ], [ -99.180604038898679, 19.362760461336666 ], [ -99.180229393959195, 19.362740561551082 ], [ -99.180073196993447, 19.362780600427232 ], [ -99.179923472941041, 19.362827791501459 ], [ -99.179803928423723, 19.362883134056943 ], [ -99.179688715207419, 19.362957903091761 ], [ -99.1795254548218, 19.363107203596812 ], [ -99.179454029122439, 19.363182171152864 ], [ -99.179385761919477, 19.363252673650166 ], [ -99.179253074111159, 19.36339990469714 ], [ -99.179212640594628, 19.363467524305999 ], [ -99.179037659423841, 19.363733732328345 ], [ -99.178856848672822, 19.363930263686935 ], [ -99.178682500450407, 19.364124743172237 ], [ -99.17825995674049, 19.364528970083256 ], [ -99.177821908675924, 19.364903808719319 ], [ -99.177680400524082, 19.365024896946366 ], [ -99.177573560637029, 19.365116319420917 ], [ -99.17711080983382, 19.36467294449103 ], [ -99.176573867055907, 19.36415848170499 ], [ -99.17476490792977, 19.362425212406212 ], [ -99.174527869734234, 19.362223205458669 ], [ -99.174379561542793, 19.362049055333813 ], [ -99.173732210082875, 19.361091353685424 ], [ -99.173641896964725, 19.360984212112452 ], [ -99.173475195204446, 19.360786447562045 ], [ -99.173324296580219, 19.360644205594511 ], [ -99.172956785354927, 19.360307675830342 ], [ -99.172438415154062, 19.359983009350465 ], [ -99.171802919858152, 19.359601083001532 ], [ -99.171854293503628, 19.359449264977084 ], [ -99.172450567117735, 19.357934376770622 ], [ -99.172763727654456, 19.357194013125241 ], [ -99.173018893378284, 19.356779497106345 ], [ -99.173584799359176, 19.356148294440523 ], [ -99.174216603173434, 19.355476563024858 ], [ -99.174983308633884, 19.354643497744426 ], [ -99.175255797468211, 19.354257516985157 ], [ -99.175481041146966, 19.353982734076535 ], [ -99.175585349673256, 19.353872608256051 ], [ -99.176064713881615, 19.353431805454552 ], [ -99.177104979512819, 19.352594603675303 ], [ -99.177171226198055, 19.352477945790955 ], [ -99.177237472789642, 19.352361287881678 ], [ -99.177303342798794, 19.352245292932682 ], [ -99.177415873807988, 19.352068782112728 ], [ -99.177480989155896, 19.351966645051959 ], [ -99.177528404576179, 19.351892271221775 ], [ -99.17760137800316, 19.351777808023634 ], [ -99.177722919054048, 19.351675953484424 ], [ -99.178319599117955, 19.351156609682089 ], [ -99.179609222922096, 19.350079130880491 ], [ -99.179834213330622, 19.349872061018175 ], [ -99.179980341903146, 19.349687903615148 ], [ -99.180014634818136, 19.349649589590971 ], [ -99.180112108047808, 19.349508176942585 ], [ -99.180134979352658, 19.349448165619457 ], [ -99.180141843239241, 19.349340466402534 ], [ -99.180144759244371, 19.349294712186946 ], [ -99.180613420696062, 19.347230361513983 ], [ -99.180731155942695, 19.347213249756248 ], [ -99.180830592080639, 19.347144360934074 ], [ -99.180871971214245, 19.347000472527085 ], [ -99.181612815601426, 19.347257102728619 ], [ -99.181824472511693, 19.347323588693413 ], [ -99.182397107024798, 19.34679051951041 ], [ -99.182961097519438, 19.346433945145332 ], [ -99.183123663644352, 19.346181463117372 ], [ -99.183214228922935, 19.345851220482285 ], [ -99.183379019636249, 19.345250314299577 ], [ -99.183441103687215, 19.345023924826283 ], [ -99.183469152430234, 19.344921644883364 ], [ -99.183667931855325, 19.344417198117611 ], [ -99.183767884437842, 19.344286729233861 ], [ -99.184118574672411, 19.343828968468348 ], [ -99.184442138164272, 19.343735146799382 ], [ -99.184716287702699, 19.343576190824571 ], [ -99.185310266241274, 19.343166807034429 ], [ -99.186118261385332, 19.34251208971483 ], [ -99.186402022686238, 19.342259529522149 ], [ -99.186412840130018, 19.342213086726037 ], [ -99.186448239279201, 19.342061106506595 ], [ -99.186649124509998, 19.341949887530184 ], [ -99.18681290969603, 19.341859208509273 ], [ -99.186882369921193, 19.341403853223444 ], [ -99.187685781599626, 19.34108198827041 ], [ -99.187760433905723, 19.341052080618539 ], [ -99.187779851490731, 19.341036457457118 ], [ -99.187799269072045, 19.341020834293538 ], [ -99.188567928002698, 19.340356801838553 ], [ -99.188737360931469, 19.340236543737653 ], [ -99.189471450780175, 19.339810346007447 ], [ -99.189533502550603, 19.339686589699294 ], [ -99.189970697699763, 19.339155451872148 ], [ -99.190270071867076, 19.338953637634173 ], [ -99.190351059636257, 19.338842117218498 ], [ -99.190427682605929, 19.338736606973175 ], [ -99.190388855185219, 19.337772117444178 ], [ -99.191124287579157, 19.336847501813686 ], [ -99.191216393384792, 19.336847802879234 ], [ -99.191890938199748, 19.336806177489194 ], [ -99.19308178473247, 19.336632055426438 ], [ -99.193158260376094, 19.33662087310552 ], [ -99.193236210293406, 19.33661104290006 ], [ -99.193359806812609, 19.336595456165313 ], [ -99.194520720895341, 19.336314445536832 ], [ -99.194608752100208, 19.33629313638076 ], [ -99.1959499707242, 19.335968470150952 ], [ -99.196090792047144, 19.335937278732757 ], [ -99.197422578662056, 19.335642286814306 ], [ -99.197724993581701, 19.33557953704339 ], [ -99.198027408265588, 19.335516786772494 ], [ -99.198723876098668, 19.335041621546189 ], [ -99.199448924907244, 19.33401005378763 ], [ -99.200026564842176, 19.333239552828402 ], [ -99.19866541494423, 19.333389578547681 ], [ -99.198429310622842, 19.333415600866218 ], [ -99.198201433237983, 19.33344071615257 ], [ -99.198048377343326, 19.333475485407043 ], [ -99.197828454238746, 19.333522268772139 ], [ -99.197611111111144, 19.332900000029284 ], [ -99.194916962227623, 19.330386601124999 ], [ -99.194774562719132, 19.330137564079543 ], [ -99.194747645569564, 19.329974219160462 ], [ -99.194935602451267, 19.323091283079883 ], [ -99.194825315447943, 19.322431060049116 ], [ -99.195178822616455, 19.321504342939598 ], [ -99.19770279543846, 19.317491954638069 ], [ -99.201543063635739, 19.311390446537882 ], [ -99.201739948629466, 19.311077159812811 ], [ -99.200898706519553, 19.31074306933316 ], [ -99.20190784424048, 19.309765760314729 ], [ -99.202753925863277, 19.308917311214948 ], [ -99.205383259310636, 19.306415078232327 ], [ -99.205121036521675, 19.306215461856024 ], [ -99.205119862583288, 19.305979419342325 ], [ -99.204854480549059, 19.305779721752412 ], [ -99.204851153234699, 19.305711443217593 ], [ -99.204853120708577, 19.30558354981277 ], [ -99.204856175984176, 19.30551327206198 ], [ -99.205816678341549, 19.305694315596643 ], [ -99.209060574900136, 19.306261876618176 ], [ -99.211644078461987, 19.306720232018971 ], [ -99.213597240296281, 19.307072402538147 ], [ -99.214617615614785, 19.307315115588544 ], [ -99.215063438743229, 19.307468799173268 ], [ -99.215584330344129, 19.307693976447357 ], [ -99.216051088428216, 19.307938165872645 ], [ -99.216452274989976, 19.30816416815528 ], [ -99.216897764667877, 19.308496976284051 ], [ -99.217177717204095, 19.308708713650947 ], [ -99.21751777072744, 19.309023805830137 ], [ -99.218047976781094, 19.309629922519314 ], [ -99.218856434351991, 19.310666286116565 ], [ -99.219240088668101, 19.311183841118414 ], [ -99.219818944470575, 19.312005929700636 ], [ -99.220390960280582, 19.313182251421015 ], [ -99.220700120022343, 19.314041565926697 ], [ -99.220890362594304, 19.314952393476801 ], [ -99.221044445297309, 19.315975999576274 ], [ -99.221259716013705, 19.317078424724258 ], [ -99.221400912789647, 19.317891882484044 ], [ -99.221539721683328, 19.318626166266956 ], [ -99.221568056594549, 19.319201731869207 ], [ -99.221517668824077, 19.319442512064711 ], [ -99.221452030133634, 19.319754098885642 ], [ -99.221412767698268, 19.319856011290579 ], [ -99.221088712747587, 19.320346968678688 ], [ -99.220812696105455, 19.320765143173208 ], [ -99.220532519356652, 19.321077571201677 ], [ -99.214189087630942, 19.325376709806854 ], [ -99.21420505144674, 19.325424735280684 ], [ -99.212656213241502, 19.326867042548002 ], [ -99.210324538618679, 19.331155005568384 ], [ -99.20968134833619, 19.332693055662936 ], [ -99.209336282726795, 19.333335553606556 ], [ -99.20897661814756, 19.333794662410053 ], [ -99.20825325294868, 19.334793463423306 ], [ -99.206919195580085, 19.335971306427556 ], [ -99.206555305931019, 19.336279452275502 ], [ -99.206644103929619, 19.336358525364222 ], [ -99.206703469475556, 19.336411389293293 ], [ -99.20691216086324, 19.336597224715089 ], [ -99.207095973014461, 19.336612876466404 ], [ -99.207599599313525, 19.336441081731817 ], [ -99.207720798731913, 19.336797920464861 ], [ -99.207917561317785, 19.337265903174089 ], [ -99.207982304056245, 19.337287758800141 ], [ -99.209307088777365, 19.336642072055362 ], [ -99.209362621654151, 19.336515124459719 ], [ -99.209674403190348, 19.336430176899501 ], [ -99.210409469336781, 19.336350027560709 ], [ -99.210865101684377, 19.33609129231187 ], [ -99.211307179358712, 19.336228181431135 ], [ -99.212628557952982, 19.336289795731055 ], [ -99.213148954379207, 19.336481225110656 ], [ -99.213381953847474, 19.336522084692778 ], [ -99.213770539066829, 19.336590238462488 ], [ -99.214146073538643, 19.336452625743181 ], [ -99.214615194839396, 19.336361362327651 ], [ -99.215306406679701, 19.336133494986374 ], [ -99.2156741599903, 19.335603422704374 ], [ -99.216010089569863, 19.335335772851071 ], [ -99.216416744518838, 19.335327866884946 ], [ -99.216977253868819, 19.33501799273796 ], [ -99.217127750320813, 19.334829635568969 ], [ -99.217871089154485, 19.334651121190337 ], [ -99.218128002792341, 19.334657715971694 ], [ -99.218723982268912, 19.334482151483577 ], [ -99.219104052526689, 19.334152700195776 ], [ -99.219570079488236, 19.334056651997724 ], [ -99.220340710682535, 19.333897821984088 ], [ -99.221169543659613, 19.333800310694979 ], [ -99.221716721171802, 19.333614054356634 ], [ -99.222006326420527, 19.333799293662036 ], [ -99.223173352280469, 19.333085468306695 ], [ -99.223193974892993, 19.333072854115791 ], [ -99.22327165400722, 19.333025340253602 ], [ -99.223764518150432, 19.332968074418002 ], [ -99.224196613011713, 19.332763810181081 ], [ -99.224358701914511, 19.332549649091931 ], [ -99.224811533274831, 19.332270711022321 ], [ -99.224990888449824, 19.33227739177816 ], [ -99.225182289069551, 19.332231142221477 ], [ -99.225359243864418, 19.33195214676023 ], [ -99.225961338696521, 19.331756742468372 ], [ -99.226319941165883, 19.331573804787158 ], [ -99.227178134843271, 19.331557479201468 ], [ -99.227503186359954, 19.331376772579372 ], [ -99.228419984364777, 19.331027471391877 ], [ -99.229342560362099, 19.330565683274987 ], [ -99.230459931418707, 19.330186805669708 ], [ -99.231213863019718, 19.329794635225515 ], [ -99.231568601464261, 19.329236756901171 ], [ -99.23194212203083, 19.32895593265194 ], [ -99.232632005972206, 19.328175006695652 ], [ -99.232977968527138, 19.327951881716736 ], [ -99.233223237505086, 19.327615775899503 ], [ -99.236393544743933, 19.325530516436732 ], [ -99.23633067824305, 19.325270903219973 ], [ -99.237153317778947, 19.324627846840361 ], [ -99.237514780794541, 19.324557456937288 ], [ -99.238171782194428, 19.324549295420326 ], [ -99.238241053526309, 19.324546620178012 ], [ -99.238737808959101, 19.324507310876569 ], [ -99.238785026519651, 19.324497215466728 ], [ -99.239212409162036, 19.324662323757352 ], [ -99.239302992563736, 19.324694573175019 ], [ -99.239756492322726, 19.324522640751898 ], [ -99.240088110871653, 19.324510903049255 ], [ -99.24032094931178, 19.324502661326409 ], [ -99.240574896194204, 19.324699641639715 ], [ -99.24065206308876, 19.324855278746941 ], [ -99.240887505295547, 19.325217310218427 ], [ -99.241979741051864, 19.326993107299007 ], [ -99.24214670652087, 19.327264561869221 ], [ -99.242467621518614, 19.327786306526054 ], [ -99.242509608145568, 19.327803709362971 ], [ -99.242776344393036, 19.327914314239528 ], [ -99.243059627522342, 19.328211816320227 ], [ -99.243719868330473, 19.32849484167528 ], [ -99.243791095410842, 19.328525374377541 ], [ -99.244323406607307, 19.328597398052281 ], [ -99.244509673073253, 19.328524412304507 ], [ -99.24499367385944, 19.328367282196204 ], [ -99.245381393570895, 19.328144937016638 ], [ -99.245754294244506, 19.32818147542519 ], [ -99.246020649677405, 19.328171451467067 ], [ -99.246294961498506, 19.328104852545621 ], [ -99.246402427226826, 19.328092093084926 ], [ -99.246600007024597, 19.328068634164552 ], [ -99.247407639703596, 19.327972740536179 ], [ -99.247784780949189, 19.327927959706198 ], [ -99.248027984883691, 19.327899081839213 ], [ -99.248694273266253, 19.327640353361829 ], [ -99.248969071365451, 19.327541910408115 ], [ -99.249188503198383, 19.327463182774451 ], [ -99.249443074594652, 19.327340594700033 ], [ -99.249579998196012, 19.327274659337867 ], [ -99.249745046149428, 19.327229059284335 ], [ -99.249835389748526, 19.32720409874975 ], [ -99.24998017274244, 19.327182490349738 ], [ -99.250013008464208, 19.327177589706249 ], [ -99.25019062712046, 19.327151080490406 ], [ -99.250281847645894, 19.327137465945842 ], [ -99.250324549428939, 19.327131092743844 ], [ -99.250655488368096, 19.327081700055626 ], [ -99.251222760285842, 19.327130167534161 ], [ -99.251502281187811, 19.327154049024454 ], [ -99.251590599654648, 19.327159709357659 ], [ -99.251896438366202, 19.327178708572504 ], [ -99.252249174873555, 19.327200776001117 ], [ -99.252625551244449, 19.327104512903567 ], [ -99.253471814876448, 19.327098860271928 ], [ -99.253785144469092, 19.327044328852633 ], [ -99.25415609439321, 19.326979768534471 ], [ -99.254826075325113, 19.326800550258401 ], [ -99.255026545877115, 19.326702601896741 ], [ -99.255370365483572, 19.326534613512063 ], [ -99.255518597944373, 19.326336005532099 ], [ -99.255702375057524, 19.326089772526053 ], [ -99.255769911998343, 19.325999283203579 ], [ -99.255834912572794, 19.325885387585579 ], [ -99.255899913057917, 19.325771491943939 ], [ -99.255964913453653, 19.325657596278745 ], [ -99.255988799470302, 19.325615840047369 ], [ -99.256029994443352, 19.325543825185616 ], [ -99.256108713584055, 19.32532261043248 ], [ -99.256223612498275, 19.325073016297377 ], [ -99.256262301539451, 19.324988972168995 ], [ -99.256276709609367, 19.324957673523052 ], [ -99.256308226064746, 19.324889210291349 ], [ -99.25632990089143, 19.324829691188853 ], [ -99.256461203118477, 19.324469134134485 ], [ -99.256533225512882, 19.324424712692242 ], [ -99.256622691367241, 19.324238679021946 ], [ -99.256915736047716, 19.323788989251643 ], [ -99.256953455690336, 19.323729465612896 ], [ -99.256966634396235, 19.323708668889321 ], [ -99.257106515485845, 19.323487928446273 ], [ -99.257258379637349, 19.323248277249565 ], [ -99.257335472050698, 19.323126620250886 ], [ -99.257378666720697, 19.32305845607209 ], [ -99.257473848665626, 19.322909696385164 ], [ -99.257640229780648, 19.322695758846155 ], [ -99.257921461097965, 19.322521072803131 ], [ -99.258033140444937, 19.32245170326761 ], [ -99.258144819697165, 19.322382333664184 ], [ -99.258202691814404, 19.32234638633015 ], [ -99.25827164087697, 19.322336132929362 ], [ -99.258340589930583, 19.322325879502603 ], [ -99.258478488011022, 19.322305372571233 ], [ -99.25891143022794, 19.322007246167974 ], [ -99.258926234113687, 19.32199069806925 ], [ -99.258941037996436, 19.321974149969328 ], [ -99.259045934460616, 19.321856894306446 ], [ -99.259217612159986, 19.321664988564123 ], [ -99.259356175250034, 19.321564716029172 ], [ -99.259401611483753, 19.321525475929292 ], [ -99.259475694821248, 19.321463750618982 ], [ -99.259492654046184, 19.321449620394091 ], [ -99.25962180167609, 19.321342015991277 ], [ -99.260053049153612, 19.321009993424958 ], [ -99.260199752004269, 19.320830998176564 ], [ -99.260249083671226, 19.320770807453407 ], [ -99.260298415302159, 19.320710616717026 ], [ -99.260346454536489, 19.320652002810412 ], [ -99.260456636802758, 19.320426975217075 ], [ -99.260538751062327, 19.320259271071642 ], [ -99.260624622924794, 19.320101332687997 ], [ -99.260710494623709, 19.319943394263131 ], [ -99.260932624798443, 19.319534842591338 ], [ -99.260988035399564, 19.319458459109814 ], [ -99.261106787998273, 19.319294758426537 ], [ -99.261280950691898, 19.319054674095113 ], [ -99.261392822259822, 19.3187933432515 ], [ -99.26143196807628, 19.318701898812147 ], [ -99.261647050768318, 19.318199464727016 ], [ -99.261679243571464, 19.318052600421854 ], [ -99.261765613893274, 19.317658575740076 ], [ -99.262216717929903, 19.317365326938724 ], [ -99.262304257443418, 19.31735117532897 ], [ -99.262373505277267, 19.317339980714923 ], [ -99.262542500015996, 19.317280305431034 ], [ -99.262657984347086, 19.317155795533175 ], [ -99.262703448839275, 19.317106287598776 ], [ -99.262720650897208, 19.317066217709019 ], [ -99.262793107026724, 19.316897440630434 ], [ -99.262783771644891, 19.316855054682161 ], [ -99.262778572689982, 19.316831449570838 ], [ -99.26276231859832, 19.316757650145519 ], [ -99.263012822102183, 19.316505552031821 ], [ -99.263072901644776, 19.316445089880141 ], [ -99.263102941399509, 19.316414858796939 ], [ -99.263132981143201, 19.316384627708722 ], [ -99.263151333674529, 19.316366158269286 ], [ -99.263274443614549, 19.316267192925434 ], [ -99.263765591966433, 19.315872367676452 ], [ -99.263837700218772, 19.315816941703304 ], [ -99.264489862374617, 19.315239737021361 ], [ -99.264681617965053, 19.315035214733793 ], [ -99.264708313749665, 19.31501113065184 ], [ -99.26474890272199, 19.314974512559896 ], [ -99.264827390422397, 19.314903703357913 ], [ -99.26490791879317, 19.314812406002826 ], [ -99.264988447074742, 19.314721108612353 ], [ -99.265053979149371, 19.314629120946396 ], [ -99.265166155749398, 19.314471657859208 ], [ -99.265425409010604, 19.314107740809945 ], [ -99.265590401612755, 19.313856257711102 ], [ -99.265655343026467, 19.313757273216382 ], [ -99.265847066015738, 19.313205863691525 ], [ -99.265975643489142, 19.312684706635626 ], [ -99.266187223398688, 19.31227155420126 ], [ -99.266290742857052, 19.312261573549236 ], [ -99.266394262302043, 19.312251592838699 ], [ -99.266539227732025, 19.312261210770608 ], [ -99.266487085796186, 19.312030290919051 ], [ -99.266533421791678, 19.311872949368137 ], [ -99.266558891400805, 19.311617342107741 ], [ -99.266646752702172, 19.311528747186919 ], [ -99.266755320877934, 19.311440121956405 ], [ -99.266822570691517, 19.311410534786468 ], [ -99.266994607804762, 19.312152419269189 ], [ -99.268479946036479, 19.311909414383692 ], [ -99.268547540768566, 19.312091162819645 ], [ -99.268599521076268, 19.312221328726551 ], [ -99.268672096152883, 19.312282656984902 ], [ -99.268863749040136, 19.312351182016243 ], [ -99.268988007595155, 19.312360828508272 ], [ -99.26919449120868, 19.312001743055042 ], [ -99.26928747170723, 19.311878735672529 ], [ -99.269484091766955, 19.311819467724447 ], [ -99.269913479982236, 19.311646814847471 ], [ -99.270125532911948, 19.311528545691434 ], [ -99.270280843294344, 19.311533230534948 ], [ -99.270482865607192, 19.311611568130257 ], [ -99.270664060621002, 19.311467753534348 ], [ -99.270762045826658, 19.311389987769711 ], [ -99.270834471617349, 19.311360391449149 ], [ -99.270906897381664, 19.311330795100158 ], [ -99.271129432262086, 19.311291146146555 ], [ -99.271310747715233, 19.311369513590105 ], [ -99.271576303156436, 19.312302931948782 ], [ -99.272135751811021, 19.312518349985815 ], [ -99.272778780308784, 19.313185803533731 ], [ -99.272862228717671, 19.313559204018752 ], [ -99.27356718997234, 19.314108606684144 ], [ -99.273613953093133, 19.31421174747782 ], [ -99.273754242811663, 19.314521169775745 ], [ -99.27418952314008, 19.314776086042777 ], [ -99.274314915129324, 19.31546397020275 ], [ -99.274351799436374, 19.315517002325855 ], [ -99.274520021543537, 19.315758870923808 ], [ -99.274606296889601, 19.316348196609649 ], [ -99.274949087217891, 19.316492772089095 ], [ -99.275953245817433, 19.316916281486925 ], [ -99.276553708053171, 19.317309054329524 ], [ -99.27768813385336, 19.317680939155924 ], [ -99.278131851181087, 19.317435438245603 ], [ -99.278788116756445, 19.315802269892444 ], [ -99.278214589417644, 19.304084542149162 ], [ -99.278735219707301, 19.303552171427231 ], [ -99.283821457277568, 19.298350978536455 ], [ -99.284258542871683, 19.296636116048301 ], [ -99.284485123399733, 19.295747135368771 ], [ -99.284628572456725, 19.295423193117916 ], [ -99.284968125215855, 19.295007667372914 ], [ -99.285899390104007, 19.29424987402076 ], [ -99.288001549845347, 19.293819193699438 ], [ -99.289104742724561, 19.293255054977987 ], [ -99.28973775727286, 19.292591431653854 ], [ -99.290318703034558, 19.292089296411177 ], [ -99.291448189173806, 19.291549773886398 ], [ -99.292144896502293, 19.291361632416898 ], [ -99.294046243227882, 19.2913683869495 ], [ -99.2945452187098, 19.291342820585921 ], [ -99.298132191148525, 19.288762001601413 ], [ -99.300937330348191, 19.286455745619467 ], [ -99.30121319978285, 19.285286126068474 ], [ -99.301805699169719, 19.284110380083067 ], [ -99.302710051770845, 19.283026025848706 ], [ -99.306085386403026, 19.282974944785995 ], [ -99.311817225314641, 19.283613489253437 ], [ -99.292194989752517, 19.313955185656802 ], [ -99.292022612961048, 19.31422167299872 ], [ -99.290483915771759, 19.316600379310792 ], [ -99.290437370434503, 19.316672333518419 ], [ -99.287473341647669, 19.321254257696289 ], [ -99.287418329567743, 19.321339294900042 ], [ -99.286107597697978, 19.323365382274453 ], [ -99.286078107618451, 19.323410966416208 ], [ -99.285768917248419, 19.323888894072784 ], [ -99.285758218264107, 19.323905431852648 ], [ -99.285746937339724, 19.323922869152902 ], [ -99.2851835497585, 19.32479371051236 ], [ -99.285133200818407, 19.324871535515349 ], [ -99.284961830623445, 19.325136423972321 ], [ -99.284913995415806, 19.325210363104254 ], [ -99.284884509915187, 19.325255938958353 ], [ -99.284654601429693, 19.325611308382335 ], [ -99.284643002453294, 19.325629236865847 ], [ -99.284632968217039, 19.325644746734095 ], [ -99.284036345564076, 19.326566937131407 ], [ -99.28401812614149, 19.326595098418277 ], [ -99.283856942837758, 19.32684423475451 ], [ -99.283842491392249, 19.326866571889145 ], [ -99.283720400210356, 19.327055282666922 ], [ -99.283703202366894, 19.327081866088527 ], [ -99.283678016730192, 19.32712079457955 ], [ -99.28357856619435, 19.327274511317761 ], [ -99.283526327492837, 19.327355254465012 ], [ -99.283413768490078, 19.327529231826741 ], [ -99.283394418388795, 19.327559140359625 ], [ -99.283371491922495, 19.327594576693414 ], [ -99.282867344913257, 19.328373807855012 ], [ -99.28279537081751, 19.328485053380234 ], [ -99.282712922579108, 19.328612487865268 ], [ -99.28259763468094, 19.328790679927494 ], [ -99.282475747377205, 19.328979071710567 ], [ -99.281794938634988, 19.330031335758381 ], [ -99.281717707429721, 19.330150703989634 ], [ -99.280848873136406, 19.331493556543641 ], [ -99.280819944668977, 19.33153826734598 ], [ -99.280782479395882, 19.33159617228646 ], [ -99.280760918058974, 19.331629496669422 ], [ -99.280557200106458, 19.331944354606208 ], [ -99.28054233487893, 19.331967329623541 ], [ -99.280424618154626, 19.332149266952459 ], [ -99.280412223333272, 19.33216842334819 ], [ -99.280319890685774, 19.332311128309836 ], [ -99.280290078702876, 19.33235720409925 ], [ -99.279757367766678, 19.333180528174715 ], [ -99.279694444444516, 19.333277777807091 ], [ -99.279570977280443, 19.33362043641813 ], [ -99.279417331852841, 19.333619171776373 ], [ -99.279017738252065, 19.333897926164301 ], [ -99.278719777342317, 19.334341009454604 ], [ -99.27845038318948, 19.334445161944991 ], [ -99.278038250764382, 19.334936016920238 ], [ -99.277296702253608, 19.335258071026228 ], [ -99.276345753639959, 19.336177590780441 ], [ -99.27516031941191, 19.336279454184471 ], [ -99.274047042663668, 19.336042656826532 ], [ -99.273707695572625, 19.336029946625761 ], [ -99.273429959631898, 19.336213563561564 ], [ -99.273130476677395, 19.337013188067552 ], [ -99.272706317802374, 19.337742350290426 ], [ -99.272124003888322, 19.338478142211468 ], [ -99.272169164647437, 19.339201407163561 ], [ -99.271700497279696, 19.339584175901503 ], [ -99.27129079194242, 19.339731305674217 ], [ -99.270986942951467, 19.339939657622416 ], [ -99.270823498796986, 19.340016075897715 ], [ -99.270483436343852, 19.34015775698975 ], [ -99.26987600773289, 19.340596829900463 ], [ -99.268947733459825, 19.34116578676208 ], [ -99.267546733678287, 19.341059301889079 ], [ -99.267412982687716, 19.341220123972175 ], [ -99.2669072567288, 19.341774130767003 ], [ -99.266633081280276, 19.342242072793493 ], [ -99.266112940485527, 19.342743920072976 ], [ -99.265134820319972, 19.342952906933849 ], [ -99.262386513879292, 19.34542074614939 ], [ -99.261703034674767, 19.345717839354691 ], [ -99.261153648023225, 19.345913436274227 ], [ -99.259751972552678, 19.346241889966006 ], [ -99.259073480166137, 19.346285795060595 ], [ -99.25812396823369, 19.346587716714637 ], [ -99.257875229743433, 19.346631008067494 ], [ -99.257559861395364, 19.346835553386938 ], [ -99.257273169217314, 19.347184586437098 ], [ -99.256550837441367, 19.347489537066732 ], [ -99.256247458632984, 19.347708973899834 ], [ -99.255650469045506, 19.34803054872971 ], [ -99.255925872386157, 19.348125618206723 ], [ -99.256784851676215, 19.347915397078623 ], [ -99.257054495819361, 19.347766526474313 ], [ -99.257311709656435, 19.347728864873503 ], [ -99.257959700615274, 19.34772231862561 ], [ -99.258262026634824, 19.347612105991036 ], [ -99.258562481985166, 19.347680038092751 ], [ -99.259355664144536, 19.347405058749231 ], [ -99.259644761126182, 19.347372252679175 ], [ -99.259859841048822, 19.347412785328107 ], [ -99.260047469307281, 19.347551164142633 ], [ -99.26008222217358, 19.347679880492734 ], [ -99.2600160023337, 19.347705320770533 ], [ -99.259593509638407, 19.347779112776763 ], [ -99.259116197667396, 19.347995325635551 ], [ -99.259004344149147, 19.348127117769209 ], [ -99.258950028867275, 19.348228430383884 ], [ -99.25892958263718, 19.348266568067928 ], [ -99.258839174538451, 19.348309635676014 ], [ -99.258833604431217, 19.348363317525408 ], [ -99.258753997777561, 19.348346680759555 ], [ -99.258509193899172, 19.348294453636917 ], [ -99.25852775710689, 19.348387241515709 ], [ -99.258611810885654, 19.348869064828985 ], [ -99.258659883779586, 19.349375413995329 ], [ -99.258522819366618, 19.349431725730614 ], [ -99.258399580434798, 19.349482065144439 ], [ -99.258296925123432, 19.349551883740812 ], [ -99.258211869051635, 19.349610529652793 ], [ -99.25814738346601, 19.34968029406296 ], [ -99.258113371349538, 19.349736193146292 ], [ -99.258101631085381, 19.349810489155686 ], [ -99.258096990900583, 19.349875771544578 ], [ -99.258108947089227, 19.34993877953039 ], [ -99.258125617803188, 19.349983773713948 ], [ -99.25817146003395, 19.350053707351876 ], [ -99.2582508545282, 19.350128841686381 ], [ -99.258338996146605, 19.350164946689915 ], [ -99.258447677718664, 19.350192661750174 ], [ -99.258603280717793, 19.350184080176341 ], [ -99.258738118941409, 19.350151551483762 ], [ -99.258889296429444, 19.351747425526401 ], [ -99.259027777777831, 19.352444444473964 ], [ -99.259040974002389, 19.352501139934162 ], [ -99.2590602677422, 19.352510868605027 ], [ -99.259082000298093, 19.352555299710488 ], [ -99.259277777777839, 19.352955555585069 ], [ -99.259268405990852, 19.353199222825594 ], [ -99.259244444444505, 19.353822222251686 ], [ -99.259340087201309, 19.35409063940272 ], [ -99.259391522950239, 19.354234991154172 ], [ -99.259416666666738, 19.354305555585064 ], [ -99.259545901771318, 19.3543793926478 ], [ -99.259632180224983, 19.354428686809229 ], [ -99.259659568863668, 19.354444334965066 ], [ -99.259842132438067, 19.354548640194981 ], [ -99.259978806236902, 19.355220355834458 ], [ -99.259984199065372, 19.355246860851977 ], [ -99.260223820652527, 19.356423873900408 ], [ -99.260239589012173, 19.356495294711419 ], [ -99.260161372570224, 19.356505678879635 ], [ -99.260319888543961, 19.357214567241517 ], [ -99.260384214417869, 19.357502232693971 ], [ -99.260512866861106, 19.358077563495545 ], [ -99.260770174529483, 19.359228224685744 ], [ -99.260852957672654, 19.359741273839909 ], [ -99.260931381722997, 19.360174636251763 ], [ -99.261009806202111, 19.360607998604515 ], [ -99.26106245201764, 19.36082803970687 ], [ -99.261109236912219, 19.360992818036618 ], [ -99.261172955979134, 19.361079564862212 ], [ -99.261236675113722, 19.361166311663894 ], [ -99.261391152371374, 19.361292292741709 ], [ -99.26154562986585, 19.361418273683949 ], [ -99.261589916477817, 19.361459796372532 ], [ -99.261810834158965, 19.36161927416601 ], [ -99.261826590800268, 19.361667590883979 ], [ -99.261842347451022, 19.361715907600221 ], [ -99.261876562822309, 19.361777675415283 ], [ -99.261935543357978, 19.361809970924032 ], [ -99.262006901777511, 19.361824586597752 ], [ -99.262076704746875, 19.36183626081451 ], [ -99.262146507725845, 19.361847935004473 ], [ -99.262205443634869, 19.361852265647567 ], [ -99.262201670683638, 19.361904130727584 ], [ -99.262362800812269, 19.362004822759822 ], [ -99.26252530757948, 19.362106431994288 ], [ -99.262848080630107, 19.362239903204948 ], [ -99.263170854200027, 19.362373373835307 ], [ -99.263356899292845, 19.362428956464651 ], [ -99.263542944509496, 19.36248453890197 ], [ -99.26421488698638, 19.362685284339769 ], [ -99.264886831078783, 19.362886027274062 ], [ -99.264970648677775, 19.362933003984296 ], [ -99.264983297566417, 19.363043982768104 ], [ -99.264977197987193, 19.36313842839014 ], [ -99.265173666412238, 19.363048232343306 ], [ -99.265283575978273, 19.363034593390193 ], [ -99.265525020407395, 19.363197993124761 ], [ -99.265675045915756, 19.363309823697438 ], [ -99.265903259717135, 19.363363214332864 ], [ -99.266256365437727, 19.363471251498094 ], [ -99.266446199050989, 19.363653963444602 ], [ -99.266505608399896, 19.363681395426141 ], [ -99.266535463476558, 19.363695180853561 ], [ -99.266602767899727, 19.363726258296513 ], [ -99.266641429049656, 19.363744109850686 ], [ -99.26671863259061, 19.363779758086327 ], [ -99.266746548303985, 19.363792647974446 ], [ -99.266766442415701, 19.363800018353881 ], [ -99.266638143067127, 19.364119442597048 ], [ -99.266519205809402, 19.364437041469074 ], [ -99.266490136808969, 19.364514685416367 ], [ -99.266460601948125, 19.364634647286348 ], [ -99.266467709697963, 19.364894595309131 ], [ -99.266536563743443, 19.365351311239937 ], [ -99.266618735834172, 19.36589708843594 ], [ -99.266865721894519, 19.365895154993993 ], [ -99.268788652022337, 19.365344225271802 ], [ -99.268868210196203, 19.365401722165196 ], [ -99.268888888888938, 19.365416666696287 ], [ -99.269146507052966, 19.365646011332455 ], [ -99.270746253073753, 19.367070179837246 ], [ -99.270805897400635, 19.367123277149545 ], [ -99.271166666666716, 19.367444444474106 ], [ -99.271185013448559, 19.367455658724602 ], [ -99.271266712001335, 19.367505595944131 ], [ -99.27006457783682, 19.36868540689327 ], [ -99.26969395669478, 19.369299657232929 ], [ -99.269509335034257, 19.370026496020252 ], [ -99.269532885538922, 19.370788296592597 ], [ -99.269779325708924, 19.371493334613806 ], [ -99.27015233439721, 19.372325156944562 ], [ -99.270176994135085, 19.372384117704016 ], [ -99.270243355871415, 19.372685234598499 ], [ -99.270111985671264, 19.37316073361319 ], [ -99.269714061959306, 19.373452754003605 ], [ -99.269286713569883, 19.373543926383082 ], [ -99.268868373504091, 19.373590934171169 ], [ -99.268595814984025, 19.373556432920612 ], [ -99.267997986712317, 19.3733992385521 ], [ -99.267834215609284, 19.37333698624542 ], [ -99.267699493661993, 19.373343577758408 ], [ -99.26754798232659, 19.373382160383247 ], [ -99.267396549135697, 19.373468692562543 ], [ -99.267272150904191, 19.373609528017482 ], [ -99.26710757746028, 19.373900665041212 ], [ -99.267003399015309, 19.37404786394082 ], [ -99.26689244209004, 19.37416949949829 ], [ -99.266784811707524, 19.374265556889402 ], [ -99.266613193307549, 19.374368101273685 ], [ -99.266333777635381, 19.374464409977204 ], [ -99.26588422958325, 19.374541786973431 ], [ -99.265086356161333, 19.374667159121774 ], [ -99.263367015257643, 19.374929045524294 ], [ -99.263107765684325, 19.374999746887216 ], [ -99.26289906159181, 19.375083161485282 ], [ -99.26266681470274, 19.375188986400133 ], [ -99.261873334781143, 19.375570254793079 ], [ -99.261504117244002, 19.37576666681143 ], [ -99.260933549872647, 19.376092936102591 ], [ -99.260452472635365, 19.376470830362667 ], [ -99.259437579998078, 19.377358744179222 ], [ -99.259254984226672, 19.377517845966821 ], [ -99.257952408850272, 19.378682748326394 ], [ -99.257139778558852, 19.379372321299407 ], [ -99.256580761206877, 19.379855193255757 ], [ -99.256110409575328, 19.380164666093897 ], [ -99.255106218658938, 19.38081493413527 ], [ -99.254634341322216, 19.381117611082182 ], [ -99.254282032311281, 19.381328152773605 ], [ -99.251220219110053, 19.383280569221704 ], [ -99.249695688742023, 19.384308120394106 ], [ -99.247595872688805, 19.38602481192326 ], [ -99.247441543600488, 19.38615254328537 ], [ -99.247287035527791, 19.386262510591695 ], [ -99.246648303760637, 19.38679881640536 ], [ -99.246107675845707, 19.387193181927906 ], [ -99.245775503806868, 19.387319789536608 ], [ -99.24547806007574, 19.387386274213938 ], [ -99.24505399458738, 19.387388943874509 ], [ -99.24481018630847, 19.387338208038038 ], [ -99.244357257283355, 19.387207556981043 ], [ -99.243941989401634, 19.387072653239692 ], [ -99.24375871617832, 19.387013114806745 ], [ -99.243632071178652, 19.386992258066243 ], [ -99.243436775548616, 19.386982325592509 ], [ -99.243391141750607, 19.38698000468829 ], [ -99.243231989668487, 19.386971910230574 ], [ -99.243072837600408, 19.386963815633518 ], [ -99.242891427792713, 19.386965308692304 ], [ -99.242711009485973, 19.387039565663855 ], [ -99.242644599893893, 19.387071676137335 ], [ -99.242261935333971, 19.387278283618087 ], [ -99.24184768702149, 19.387583379008557 ], [ -99.241724411076731, 19.387700690053535 ], [ -99.241313441304968, 19.388058684824031 ], [ -99.241031975875813, 19.388230273132738 ], [ -99.240734643265753, 19.388374848047651 ], [ -99.240114737121019, 19.388721101450315 ], [ -99.239849917292275, 19.388887153245044 ], [ -99.239763881562638, 19.389063994496237 ], [ -99.239605871108523, 19.389486164094386 ], [ -99.239261002774413, 19.390266315563704 ], [ -99.239142180459055, 19.390780131112912 ], [ -99.239099156814078, 19.391021666595613 ], [ -99.239111458726498, 19.392026782476922 ], [ -99.239121242275829, 19.392283913593538 ], [ -99.239092645068752, 19.392503477443782 ], [ -99.238983105934324, 19.392742356221795 ], [ -99.23889217893749, 19.392854982893009 ], [ -99.238801251815943, 19.392967609518788 ], [ -99.238451797250519, 19.393278148899693 ], [ -99.238076123669629, 19.393457006198769 ], [ -99.237645449339141, 19.393597517521901 ], [ -99.237214611264477, 19.39362552084425 ], [ -99.236566721618175, 19.393538554367016 ], [ -99.236080899772091, 19.393539185743656 ], [ -99.235710923592521, 19.39366040514059 ], [ -99.233652376097851, 19.394507614052081 ], [ -99.232901734057535, 19.394816537809241 ], [ -99.23259856352864, 19.394895413376091 ], [ -99.232392960687292, 19.394948904526991 ], [ -99.232004815889667, 19.394930799714842 ], [ -99.231597493486817, 19.394911799477406 ], [ -99.231247721441477, 19.394895483041022 ], [ -99.230900795709346, 19.394961781804927 ], [ -99.230537132754606, 19.395106108032536 ], [ -99.229826654194355, 19.395303285416933 ], [ -99.227400360362495, 19.395824083874558 ], [ -99.227056101804067, 19.395823397659054 ], [ -99.226696580324003, 19.395810770527937 ], [ -99.225869638311735, 19.395703352472815 ], [ -99.225004612427924, 19.395680689469263 ], [ -99.223658017251893, 19.395870035923657 ], [ -99.223015592777259, 19.396043865695837 ], [ -99.222437076791749, 19.396243438119349 ], [ -99.222165359960883, 19.396334735632884 ], [ -99.21979484332023, 19.397096279177109 ], [ -99.218306131280883, 19.397577796858375 ], [ -99.217302544535983, 19.397902394328025 ], [ -99.216938706366022, 19.398021396323045 ], [ -99.214845626377695, 19.398707794818623 ], [ -99.21421584972687, 19.398965347070913 ], [ -99.213891100391919, 19.399117082932843 ], [ -99.213703710276206, 19.399204674675126 ], [ -99.213260236641247, 19.399439619453286 ], [ -99.21299119908484, 19.399599828656221 ], [ -99.212891102855806, 19.39965943447676 ], [ -99.212730217611039, 19.399702807819498 ], [ -99.212565830303447, 19.399770890013368 ], [ -99.21232976049501, 19.399861803583935 ], [ -99.212041655403326, 19.399957645935547 ], [ -99.211492872170609, 19.400131932626373 ], [ -99.21096238804715, 19.400306196431949 ], [ -99.210546306163693, 19.400418294202268 ], [ -99.210522009410326, 19.400424742791213 ], [ -99.210426864800993, 19.400440181145544 ], [ -99.210255617172024, 19.400467967995166 ], [ -99.209069128858303, 19.40066048435455 ], [ -99.208426203502896, 19.400748388569678 ], [ -99.207882222621549, 19.400837859128266 ], [ -99.207845429439729, 19.400843910577489 ], [ -99.20620567292427, 19.401050874347892 ], [ -99.205087284470082, 19.401190579581584 ], [ -99.204557806581477, 19.401257832481662 ], [ -99.203779777634523, 19.401340744868282 ], [ -99.203066658682985, 19.401419522324908 ], [ -99.202466858266789, 19.40148577938632 ], [ -99.202234531005985, 19.401511675049687 ], [ -99.201894148681745, 19.401553072688099 ], [ -99.20151362828318, 19.401652532645912 ], [ -99.201420400174754, 19.401679451924164 ], [ -99.201005261000333, 19.401818256626179 ], [ -99.20054225781152, 19.401998135679762 ], [ -99.200440222184909, 19.40203600038063 ], [ -99.199852677654917, 19.402280678081006 ], [ -99.199024529120834, 19.402621321739428 ], [ -99.198916310015193, 19.402664721993286 ], [ -99.198448402207418, 19.402869135561048 ], [ -99.198280591320497, 19.402936395143819 ], [ -99.19810392863333, 19.402991087385207 ], [ -99.19788748664314, 19.403033245932054 ], [ -99.19762243905231, 19.403071264795297 ], [ -99.196752190758076, 19.403189592662127 ], [ -99.196655262230962, 19.403203849524431 ], [ -99.196367858824956, 19.403240266547286 ], [ -99.195895185810386, 19.403299517541207 ], [ -99.195466672875639, 19.403346093922355 ], [ -99.195137648900214, 19.403388429980687 ], [ -99.194940983604383, 19.403413734934482 ], [ -99.194686489521388, 19.403463014674692 ], [ -99.193854262807662, 19.403553242381143 ], [ -99.192974934554854, 19.403653170026057 ], [ -99.192513554163597, 19.403704974365532 ], [ -99.192461588530705, 19.403710809053351 ], [ -99.192412060433469, 19.403716370040954 ], [ -99.192387310755706, 19.403719248899311 ], [ -99.19232011465553, 19.403726815384061 ], [ -99.192206477980747, 19.403739452578105 ] ] ] ] } },
{ "type": "Feature", "properties": { "ID": 1.0, "ENTIDAD": 9, "MUNICIPIO": 2, "NOMBRE": "AZCAPOTZALCO", "CONTROL": 1.0, "GEOMETRY1_": null, "ClaveEnt": "09" }, "geometry": { "type": "MultiPolygon", "coordinates": [ [ [ [ -99.204863256784449, 19.515185307002731 ], [ -99.204717234700894, 19.515143107460368 ], [ -99.204044554249521, 19.514948719764128 ], [ -99.203253057062355, 19.514719992976609 ], [ -99.202976788084385, 19.514640117591526 ], [ -99.202832842614754, 19.514593944117912 ], [ -99.201867380459177, 19.514283597758379 ], [ -99.200158569425128, 19.513767164703086 ], [ -99.200129128768822, 19.513758275395308 ], [ -99.200099688115699, 19.513749386082697 ], [ -99.19992791878488, 19.513697456487609 ], [ -99.197868198753156, 19.513091826419615 ], [ -99.196843414958437, 19.512774523323944 ], [ -99.19680255927527, 19.512759282649434 ], [ -99.196456547431936, 19.512630207001273 ], [ -99.195164075676075, 19.512148924099346 ], [ -99.192780680446944, 19.51126137357457 ], [ -99.192485544781661, 19.51115146556474 ], [ -99.191841341333856, 19.510911182676445 ], [ -99.191816976038339, 19.510700201313568 ], [ -99.190604297122775, 19.510427557833783 ], [ -99.189618044397051, 19.510213448806052 ], [ -99.189026820768092, 19.510085095160594 ], [ -99.188936885127717, 19.510065570098245 ], [ -99.188453666401315, 19.509917885044437 ], [ -99.187219290019499, 19.50945306514404 ], [ -99.186098980752405, 19.509031188094699 ], [ -99.185393024932523, 19.508740025287057 ], [ -99.185160754998265, 19.508547168294722 ], [ -99.185018612135678, 19.508484445610705 ], [ -99.184549598510969, 19.508327754363815 ], [ -99.184061709016675, 19.508229458606042 ], [ -99.183692187264199, 19.508108588511746 ], [ -99.182616659167365, 19.507642657026587 ], [ -99.182419810367449, 19.507577419266251 ], [ -99.180784516897745, 19.507158097816436 ], [ -99.177549191574499, 19.506322716726839 ], [ -99.177474513957876, 19.50633092379277 ], [ -99.177363149801891, 19.506343162648697 ], [ -99.176837451366481, 19.506400935651211 ], [ -99.176780530865557, 19.506430725244211 ], [ -99.176683793849151, 19.506481352918708 ], [ -99.176633727483676, 19.506507555303173 ], [ -99.176131428534873, 19.506877089569493 ], [ -99.176031489043709, 19.506949266163762 ], [ -99.175407616640285, 19.507399825951094 ], [ -99.175277407055091, 19.507493862547246 ], [ -99.175126581010659, 19.50749972547321 ], [ -99.175068084782524, 19.507501999310755 ], [ -99.17483790179422, 19.507586713368482 ], [ -99.174177488187624, 19.507849954581168 ], [ -99.173754743814698, 19.508088866133374 ], [ -99.173660185933088, 19.508163960530503 ], [ -99.173450047822072, 19.508330844076099 ], [ -99.17305472765598, 19.508620087323006 ], [ -99.172926881163377, 19.508575049303055 ], [ -99.172309119775534, 19.508357422991057 ], [ -99.171024641121065, 19.507904913943676 ], [ -99.170941288930962, 19.507875549701691 ], [ -99.170411036118352, 19.507635575093499 ], [ -99.169739365652887, 19.507298877057327 ], [ -99.169500481977821, 19.507179127780606 ], [ -99.16909761835916, 19.507012238402176 ], [ -99.169125196665476, 19.506933381047702 ], [ -99.169102001496469, 19.506926334189441 ], [ -99.168743272152426, 19.506797302577276 ], [ -99.168711348120681, 19.506788008070853 ], [ -99.168678762234421, 19.506777379125296 ], [ -99.168607471848631, 19.506754419226514 ], [ -99.168570870111992, 19.506742636857641 ], [ -99.168443994867971, 19.506701782177782 ], [ -99.168225041951146, 19.506631277562747 ], [ -99.16731964011332, 19.506339546234877 ], [ -99.167281915907878, 19.506326171524091 ], [ -99.167356248322861, 19.506127337666531 ], [ -99.167183130203512, 19.506069668504743 ], [ -99.16454961321331, 19.505192366256288 ], [ -99.164379028344399, 19.505135537458411 ], [ -99.163438269813341, 19.504831221021853 ], [ -99.162932439786246, 19.504667592256205 ], [ -99.161966622809999, 19.504355162664872 ], [ -99.160690052418246, 19.503942196767589 ], [ -99.158503093304802, 19.503234692981959 ], [ -99.157332830335704, 19.502856085459495 ], [ -99.157207775961652, 19.502815627173021 ], [ -99.156970994047356, 19.502739021878284 ], [ -99.156384593215051, 19.501170053070041 ], [ -99.155938620959233, 19.499893109264324 ], [ -99.155899766077027, 19.499781855804375 ], [ -99.155742104172191, 19.49933041967423 ], [ -99.154200862311072, 19.495181510014621 ], [ -99.153993816352582, 19.494622329860388 ], [ -99.153277639799072, 19.492695676341292 ], [ -99.153215201999615, 19.492527704238999 ], [ -99.153163434680238, 19.49238843790819 ], [ -99.153036003351986, 19.492045616402407 ], [ -99.152959058876704, 19.491838500035794 ], [ -99.151826038434677, 19.48889664969963 ], [ -99.15047882203055, 19.485291933773286 ], [ -99.149714456612685, 19.483246661991878 ], [ -99.148860669442826, 19.480983515178359 ], [ -99.148148927183001, 19.479096836912667 ], [ -99.147973726605358, 19.478623923483649 ], [ -99.147914605758857, 19.478464339765338 ], [ -99.147614495134505, 19.477668145608217 ], [ -99.147314387467148, 19.476871950864716 ], [ -99.147071854655721, 19.4762284978003 ], [ -99.146908139232863, 19.475800855204209 ], [ -99.146512064443229, 19.474743667932156 ], [ -99.145904487184481, 19.473219339627793 ], [ -99.145863760196576, 19.473116836430449 ], [ -99.145823113365239, 19.473014222470134 ], [ -99.145047311944111, 19.470987098395003 ], [ -99.144662117928675, 19.469965832435115 ], [ -99.144466762784873, 19.469417875690446 ], [ -99.144401033327881, 19.469238210750348 ], [ -99.143708155534767, 19.46734427212975 ], [ -99.143681764949974, 19.467270091227924 ], [ -99.143642100316683, 19.467158598364176 ], [ -99.143051335051439, 19.465638803994338 ], [ -99.143034296723883, 19.465460693702951 ], [ -99.143031334982254, 19.465325199835146 ], [ -99.143060518585131, 19.465136744668111 ], [ -99.143122008874926, 19.46511132905594 ], [ -99.143281788336083, 19.465045287716546 ], [ -99.144026789687601, 19.464836972634711 ], [ -99.145802623009232, 19.464340404870629 ], [ -99.147006267627845, 19.463951985868661 ], [ -99.147718071089912, 19.463697237824189 ], [ -99.147929834525712, 19.463621448906085 ], [ -99.148198686649451, 19.463482648417052 ], [ -99.148301481736127, 19.463452770348891 ], [ -99.148634198606189, 19.463356222856362 ], [ -99.150043631571833, 19.463027887945941 ], [ -99.150320821893487, 19.462970629419559 ], [ -99.150554620633955, 19.462948257508714 ], [ -99.150769967339315, 19.462950766123317 ], [ -99.152337519705014, 19.46314142729253 ], [ -99.153629568963382, 19.463301257850123 ], [ -99.155021573533062, 19.463559276820824 ], [ -99.155966274196572, 19.463776251782541 ], [ -99.156357205760358, 19.463887124512812 ], [ -99.157060833922685, 19.464034795582538 ], [ -99.157581994348746, 19.464096126360346 ], [ -99.157868599853913, 19.464095877007711 ], [ -99.158221608219293, 19.464034782245935 ], [ -99.158557518495883, 19.463938889665624 ], [ -99.158697560651149, 19.463881553644022 ], [ -99.158835647918792, 19.463814991245535 ], [ -99.15898344428814, 19.463728118668374 ], [ -99.159144844888644, 19.463624623661957 ], [ -99.159292622894711, 19.463519294885504 ], [ -99.159418995140925, 19.463412139216342 ], [ -99.159586171140788, 19.463245888461309 ], [ -99.15968490920163, 19.463128983239599 ], [ -99.159704727280243, 19.463105518736835 ], [ -99.159811597617789, 19.462954085656477 ], [ -99.159916512920702, 19.462793426254091 ], [ -99.160013637625809, 19.462625391279449 ], [ -99.160033084081789, 19.462589483112229 ], [ -99.160114635585586, 19.462438896865176 ], [ -99.160224595558958, 19.462233840346197 ], [ -99.16026612937452, 19.462156386741658 ], [ -99.160384613367924, 19.461944038360841 ], [ -99.16042205839085, 19.46187793045943 ], [ -99.160506984975584, 19.461727995264781 ], [ -99.160580777318174, 19.461578436594845 ], [ -99.160670146617406, 19.461439937670388 ], [ -99.160702639197652, 19.461389823560189 ], [ -99.160773116156463, 19.461281125077694 ], [ -99.16089164618927, 19.461116761827519 ], [ -99.161002425703188, 19.460985626122486 ], [ -99.161062680721813, 19.460920976720857 ], [ -99.161203613856557, 19.460784277313341 ], [ -99.161372747547233, 19.460634633521607 ], [ -99.161528282525666, 19.4605071488484 ], [ -99.161546819500614, 19.460491072202714 ], [ -99.161565356471883, 19.460474995555042 ], [ -99.161728524006065, 19.46033348424988 ], [ -99.161987095641024, 19.460117318600442 ], [ -99.162029893851042, 19.460082169574463 ], [ -99.162144573566422, 19.459987986064807 ], [ -99.162313711076067, 19.459843878180099 ], [ -99.162452180365477, 19.459716950853615 ], [ -99.162560596535286, 19.459617571388446 ], [ -99.16258223744893, 19.459594168540438 ], [ -99.162673328642256, 19.45949566088985 ], [ -99.162766610463748, 19.459381150168934 ], [ -99.162852105481889, 19.459262955199097 ], [ -99.162929784216942, 19.459111546465639 ], [ -99.162995806788032, 19.458978604145539 ], [ -99.163056223835511, 19.458809018846001 ], [ -99.163073418843695, 19.458760753913602 ], [ -99.163131554856733, 19.458524465195669 ], [ -99.163228420761854, 19.458103581879211 ], [ -99.163292126068342, 19.457796976247103 ], [ -99.163360669224289, 19.457479935942516 ], [ -99.163388881194535, 19.457349443607963 ], [ -99.1634642469851, 19.457001711932087 ], [ -99.163514094375728, 19.456771719271153 ], [ -99.163605187623048, 19.456381139193354 ], [ -99.163681673894658, 19.456391917339449 ], [ -99.163719756909586, 19.45639728383637 ], [ -99.163739159296767, 19.456400017935209 ], [ -99.163814027791759, 19.456410568053062 ], [ -99.16400845526465, 19.45644230309431 ], [ -99.164325535005148, 19.456494057335895 ], [ -99.164951948280716, 19.456599574277206 ], [ -99.165154488813883, 19.456632640327459 ], [ -99.165525967388803, 19.456693285980347 ], [ -99.165630207291628, 19.456711213317146 ], [ -99.166059245749011, 19.456784999329237 ], [ -99.1667769529369, 19.45690501538844 ], [ -99.167328326557183, 19.457002876770392 ], [ -99.16749148490679, 19.457029542314981 ], [ -99.167601313851208, 19.457046128481903 ], [ -99.167669228919166, 19.457056384856539 ], [ -99.167731946710717, 19.457065596688089 ], [ -99.16788793076077, 19.457089121832684 ], [ -99.168043920949216, 19.457118564208805 ], [ -99.168129600645884, 19.457129372636931 ], [ -99.168343231642382, 19.457165767767524 ], [ -99.168524029641546, 19.457196569112398 ], [ -99.16861152048061, 19.457211474271983 ], [ -99.168744174300926, 19.457234073424821 ], [ -99.168933878241404, 19.457264506807498 ], [ -99.170303608398015, 19.457484240454562 ], [ -99.171124950716461, 19.457622774127543 ], [ -99.17461364549554, 19.458211159037653 ], [ -99.175770210070255, 19.458406203354077 ], [ -99.176877217257555, 19.458592882897801 ], [ -99.177085637402044, 19.458628028908116 ], [ -99.177733424852221, 19.458742619680951 ], [ -99.177989771544219, 19.458787965607073 ], [ -99.17870980401797, 19.458915332207567 ], [ -99.178835642177773, 19.458935904509246 ], [ -99.178964786028104, 19.458956351595301 ], [ -99.179930632541414, 19.459117677384587 ], [ -99.18099504010253, 19.459295459530331 ], [ -99.181147312340045, 19.459320892181719 ], [ -99.182008854009908, 19.459464785113827 ], [ -99.182082313087378, 19.459477053897508 ], [ -99.183154741492871, 19.459657203982459 ], [ -99.184164140640945, 19.459826760032872 ], [ -99.184227172211266, 19.459837347701583 ], [ -99.185292468968441, 19.460016286392133 ], [ -99.185443136012125, 19.46004924614293 ], [ -99.187283316101471, 19.460451790634149 ], [ -99.187332559299747, 19.460464109566757 ], [ -99.188537665303485, 19.460765580339135 ], [ -99.188259140441417, 19.46235297064073 ], [ -99.188028912245954, 19.463665081645903 ], [ -99.188004695204057, 19.463811597393814 ], [ -99.189143282025753, 19.464155045959156 ], [ -99.189825018186454, 19.464360683858235 ], [ -99.189873016538073, 19.464375161894278 ], [ -99.189963551536081, 19.464402470477005 ], [ -99.189998623839287, 19.464413286568995 ], [ -99.190042850025847, 19.464426389683421 ], [ -99.190118887641347, 19.464449325256506 ], [ -99.190175470748855, 19.464468166984339 ], [ -99.190706525955164, 19.464645003094983 ], [ -99.190773299366896, 19.464667237840164 ], [ -99.190708924172156, 19.465849644008635 ], [ -99.190705571562404, 19.465946968228351 ], [ -99.190681272179347, 19.466652361489604 ], [ -99.190594127549758, 19.467924280213534 ], [ -99.190556490047271, 19.469072318160627 ], [ -99.190498237275776, 19.470284272297867 ], [ -99.190494689112313, 19.470358091625798 ], [ -99.190960739480971, 19.470484605451023 ], [ -99.192507738775106, 19.470904543154088 ], [ -99.192885022185521, 19.470985687236958 ], [ -99.193443011864005, 19.471105695057897 ], [ -99.194168796329336, 19.471287714168817 ], [ -99.194663781776043, 19.471411849406678 ], [ -99.194763457619743, 19.471436846488977 ], [ -99.195172750737171, 19.471560367297688 ], [ -99.195230154935658, 19.471577691255 ], [ -99.195698296214388, 19.471716712679125 ], [ -99.196166438280983, 19.471855732884947 ], [ -99.196657101522675, 19.472001439455489 ], [ -99.197117262159026, 19.472138086571544 ], [ -99.197501340334469, 19.472252139527058 ], [ -99.197763251650628, 19.472329914173645 ], [ -99.197965628545617, 19.472391951866545 ], [ -99.199253877135504, 19.472786852028189 ], [ -99.199778318864446, 19.472947611389934 ], [ -99.200145212368824, 19.473060075726394 ], [ -99.200836155969697, 19.473271869106142 ], [ -99.201196180364178, 19.473280865299099 ], [ -99.201351086861038, 19.47324154237657 ], [ -99.202133459641033, 19.473042935199206 ], [ -99.202522112050104, 19.472944273433665 ], [ -99.204336991395877, 19.472390585467725 ], [ -99.20507447727276, 19.472221968132736 ], [ -99.205183588317524, 19.472172052848798 ], [ -99.205363001620213, 19.472075285856885 ], [ -99.205915638716462, 19.471794329847818 ], [ -99.206460499329481, 19.471447490719804 ], [ -99.206580716870292, 19.471370964036922 ], [ -99.206798193139676, 19.471231642618747 ], [ -99.20687069392406, 19.471218083713605 ], [ -99.206923482798715, 19.471208211258038 ], [ -99.207617251021006, 19.471412151802983 ], [ -99.208019550268205, 19.471530410855141 ], [ -99.208383998953877, 19.471636247003588 ], [ -99.208623137649127, 19.47170569302952 ], [ -99.209244182099681, 19.471886042520172 ], [ -99.209604100712596, 19.47199056067026 ], [ -99.210031660250635, 19.472114720262997 ], [ -99.210800750333448, 19.472318261914118 ], [ -99.211444572759106, 19.47247812210097 ], [ -99.212644809208072, 19.472776131587963 ], [ -99.213563934252122, 19.473004336412977 ], [ -99.214227514499811, 19.473157880107273 ], [ -99.214876594627938, 19.473345375336471 ], [ -99.215568198218023, 19.473545150974431 ], [ -99.215877929529114, 19.473631150916773 ], [ -99.216187661232382, 19.473717150629593 ], [ -99.216856273024902, 19.473902794928577 ], [ -99.217507473517003, 19.474083601694485 ], [ -99.217877473717621, 19.474186331563217 ], [ -99.218165240475017, 19.474264107436191 ], [ -99.218838394394609, 19.474446041356497 ], [ -99.219506982160425, 19.474626738289547 ], [ -99.220158424696606, 19.474774187171104 ], [ -99.220527397806123, 19.474857700164097 ], [ -99.220560408851313, 19.474868960741485 ], [ -99.221115250061757, 19.475058224509134 ], [ -99.221026299563917, 19.475662054768634 ], [ -99.220954162225524, 19.475950273349419 ], [ -99.220735305496476, 19.476824689205156 ], [ -99.220380996074681, 19.478240269903608 ], [ -99.220086282217281, 19.479093372434367 ], [ -99.220068020750773, 19.479146233242819 ], [ -99.219763103914275, 19.479978655978314 ], [ -99.219116764771528, 19.481813824419337 ], [ -99.218677222159286, 19.483067088447502 ], [ -99.218132968872155, 19.484601522343521 ], [ -99.21724016093215, 19.487357157854778 ], [ -99.216954810797688, 19.488180534488698 ], [ -99.216646042109559, 19.489071474881673 ], [ -99.21662115112521, 19.489143296379577 ], [ -99.21660058560721, 19.489201446154048 ], [ -99.21651252191802, 19.489450448991203 ], [ -99.216412678072828, 19.489732759635316 ], [ -99.216385903923609, 19.489808464055287 ], [ -99.216113694953563, 19.490578135439229 ], [ -99.215869211163465, 19.491269406537036 ], [ -99.215754016790001, 19.491595113025369 ], [ -99.215467835928621, 19.492404270933271 ], [ -99.215432733799531, 19.4924958623373 ], [ -99.215196498625943, 19.493112266292762 ], [ -99.215175382210333, 19.493167364718502 ], [ -99.214967193046306, 19.493791399007872 ], [ -99.214807291161733, 19.494270692133796 ], [ -99.214584235378652, 19.49493628883652 ], [ -99.214461993602171, 19.495301054930614 ], [ -99.214339751285749, 19.495665820932711 ], [ -99.214134453108073, 19.496278418347384 ], [ -99.214091683327013, 19.496414588746461 ], [ -99.213814065555127, 19.497298461525677 ], [ -99.21370620946341, 19.497641849525323 ], [ -99.213448693295248, 19.498469637591779 ], [ -99.213188135955576, 19.499350986899504 ], [ -99.212282567350911, 19.502414045339851 ], [ -99.212240061935802, 19.502531394710257 ], [ -99.2119383695713, 19.503605145061162 ], [ -99.211872027098124, 19.504007859965096 ], [ -99.211848223759588, 19.504152351523281 ], [ -99.211815628045201, 19.504350214346445 ], [ -99.211631654842463, 19.505576330623182 ], [ -99.211509070632175, 19.506444576019586 ], [ -99.211442422908604, 19.506696927952976 ], [ -99.211414360542136, 19.506803181792403 ], [ -99.211377442727212, 19.506942965211543 ], [ -99.211287475927278, 19.50728360912758 ], [ -99.211207562105358, 19.507546049894604 ], [ -99.211053416217808, 19.508052269804068 ], [ -99.211062346451726, 19.508209707583475 ], [ -99.211050419384179, 19.508300095407463 ], [ -99.211013897328797, 19.508576872731393 ], [ -99.210971821732613, 19.508937979180971 ], [ -99.210961512705438, 19.50919012623849 ], [ -99.210974561010843, 19.50940997277149 ], [ -99.210969503286464, 19.509449616615786 ], [ -99.210951397197888, 19.509591536997981 ], [ -99.210906890675417, 19.509718664933839 ], [ -99.210747820660814, 19.510081924710605 ], [ -99.210624800288358, 19.510358407933953 ], [ -99.210450731516403, 19.510638984614662 ], [ -99.210261776817418, 19.510923612584406 ], [ -99.210034570486926, 19.511238540963081 ], [ -99.209784015788202, 19.511593837724806 ], [ -99.209663282170553, 19.511765355618323 ], [ -99.209599284700104, 19.511856272215621 ], [ -99.209387630554303, 19.512154753658887 ], [ -99.209344478823539, 19.512215607444627 ], [ -99.209191600466411, 19.512435645976698 ], [ -99.20911165685439, 19.512538382878493 ], [ -99.209076918742042, 19.512583025368752 ], [ -99.208966457611766, 19.512704177776431 ], [ -99.20883046677892, 19.512823342508366 ], [ -99.208654070986142, 19.512952639143023 ], [ -99.208447975051627, 19.513070063813903 ], [ -99.207074189226262, 19.513797145930596 ], [ -99.20620482688895, 19.514276767552843 ], [ -99.205823268908929, 19.514525073569391 ], [ -99.205571363567344, 19.514683617853247 ], [ -99.205158638153293, 19.514943377712751 ], [ -99.205073778614761, 19.515000144256764 ], [ -99.204957511934609, 19.515095720779161 ], [ -99.204863256784449, 19.515185307002731 ] ] ] ] } },
{ "type": "Feature", "properties": { "ID": 5.0, "ENTIDAD": 9, "MUNICIPIO": 14, "NOMBRE": "BENITO JUAREZ", "CONTROL": 5.0, "GEOMETRY1_": null, "ClaveEnt": "09" }, "geometry": { "type": "MultiPolygon", "coordinates": [ [ [ [ -99.152419175673316, 19.404066684246896 ], [ -99.150406417622506, 19.404045273486638 ], [ -99.15037249170355, 19.404044912407873 ], [ -99.150321834274493, 19.40404437324116 ], [ -99.150293688765018, 19.404044073671454 ], [ -99.150238462236473, 19.404043615828648 ], [ -99.150189829677998, 19.40404278758022 ], [ -99.150143662359454, 19.404042717375749 ], [ -99.150106903353233, 19.404042385041421 ], [ -99.150064393788199, 19.404042000707733 ], [ -99.150039061679237, 19.404041771672535 ], [ -99.149726347754211, 19.404038977015755 ], [ -99.147626888482591, 19.404019946315099 ], [ -99.14512241506317, 19.40388525030286 ], [ -99.145082703993239, 19.403883208780218 ], [ -99.144990198857514, 19.403879818575565 ], [ -99.144719962469097, 19.403863702377308 ], [ -99.144140779874533, 19.403832446354979 ], [ -99.143383807283314, 19.403791892871745 ], [ -99.142739055241734, 19.403757063564342 ], [ -99.142690989590037, 19.40375444972679 ], [ -99.140904385478009, 19.403665768885059 ], [ -99.140156115082732, 19.403623370585915 ], [ -99.140078861908663, 19.4036189931102 ], [ -99.139086212534721, 19.403562685698216 ], [ -99.138296757644795, 19.403520416572746 ], [ -99.138199124473758, 19.403515188841276 ], [ -99.137342401499581, 19.403458093195223 ], [ -99.136612361817583, 19.403428826254512 ], [ -99.136500978877805, 19.403424360707046 ], [ -99.136548184470485, 19.403110222738029 ], [ -99.136581388210246, 19.402890847898476 ], [ -99.136811763286161, 19.401368759375458 ], [ -99.136944929938039, 19.400453864381138 ], [ -99.137022109274341, 19.39992361444483 ], [ -99.137148908060269, 19.399052453535671 ], [ -99.136365786213091, 19.399013343084466 ], [ -99.135869164500377, 19.398988539184224 ], [ -99.135299926292205, 19.398960106755649 ], [ -99.13473068826984, 19.398931672543469 ], [ -99.134088346113018, 19.398899584527374 ], [ -99.13354241691367, 19.398884443677066 ], [ -99.132991499924543, 19.398870370476196 ], [ -99.132467852357451, 19.398845611378292 ], [ -99.131942149914352, 19.398819083026297 ], [ -99.131599475439018, 19.398819331398439 ], [ -99.130972342065562, 19.398803976628894 ], [ -99.130993968397291, 19.397681401651674 ], [ -99.131023279472728, 19.396917999566341 ], [ -99.13117921118014, 19.39658559306045 ], [ -99.131395129178188, 19.396052958660221 ], [ -99.131485900039323, 19.395623930221603 ], [ -99.131736153308921, 19.394577151047294 ], [ -99.13197575299489, 19.393484386544465 ], [ -99.132083631774975, 19.393008314819639 ], [ -99.132105535585225, 19.392896174539377 ], [ -99.132172043881667, 19.392555673059569 ], [ -99.1324904813888, 19.391218687054501 ], [ -99.132614614373324, 19.391230596484654 ], [ -99.132817516334256, 19.390276140321973 ], [ -99.13303541864731, 19.389286063808317 ], [ -99.133217077238029, 19.388460657571795 ], [ -99.133450135772492, 19.387402513494909 ], [ -99.133543864067761, 19.386976968068915 ], [ -99.133647117372504, 19.386508174574242 ], [ -99.133807878138001, 19.385778278702077 ], [ -99.13407815982238, 19.384564397539993 ], [ -99.134322608015125, 19.383292189500139 ], [ -99.134463063888575, 19.382618241772516 ], [ -99.134565397436873, 19.38208718611607 ], [ -99.13470701594531, 19.381410956155889 ], [ -99.134844715170516, 19.380708130300334 ], [ -99.135142451191768, 19.379363527948509 ], [ -99.135436506506522, 19.378031066771602 ], [ -99.135585100361411, 19.37727664331463 ], [ -99.135910669804559, 19.375885592284678 ], [ -99.136137213397745, 19.374919315674337 ], [ -99.13635941056323, 19.373876946572768 ], [ -99.136574950377835, 19.372906391590075 ], [ -99.136860313547956, 19.371653015414193 ], [ -99.137054211554869, 19.370789813174529 ], [ -99.137323437228886, 19.36964758618717 ], [ -99.137565245600896, 19.36866234281916 ], [ -99.137705936585903, 19.368005160941578 ], [ -99.137873143378258, 19.367260770880343 ], [ -99.137998688519914, 19.366712288542907 ], [ -99.138124337008378, 19.366128527291604 ], [ -99.138259834607837, 19.365520470025054 ], [ -99.138391075122485, 19.364905221600683 ], [ -99.138520096762875, 19.364294588510152 ], [ -99.138658216273512, 19.363654287040745 ], [ -99.13878704847167, 19.363082214658089 ], [ -99.138919727559667, 19.362493056132706 ], [ -99.139070065342722, 19.361825479370633 ], [ -99.139219915674616, 19.36116006164827 ], [ -99.139352503218191, 19.360519564023615 ], [ -99.139562434062256, 19.359575945546528 ], [ -99.139574530592697, 19.359518498667921 ], [ -99.139992788388909, 19.357532151605227 ], [ -99.140083942928783, 19.357253278256415 ], [ -99.140095741602892, 19.357196745444526 ], [ -99.140130158736397, 19.357031847042396 ], [ -99.140146060453446, 19.35695565789521 ], [ -99.140153118843173, 19.356921839342391 ], [ -99.140157208919319, 19.356902242733597 ], [ -99.140171709860468, 19.356835761596859 ], [ -99.14020660510478, 19.356674803652833 ], [ -99.140213390510141, 19.35664350522767 ], [ -99.143096954313606, 19.356822551020009 ], [ -99.144000588498358, 19.356356458541679 ], [ -99.144090282614144, 19.356310194129463 ], [ -99.143850438793365, 19.357258331373046 ], [ -99.144017627510365, 19.35726636769699 ], [ -99.146266779885764, 19.357365495242579 ], [ -99.149643657299066, 19.357501947461206 ], [ -99.152993783856331, 19.357698620081447 ], [ -99.153208300948279, 19.357709413242787 ], [ -99.156697246124693, 19.357899508703948 ], [ -99.157142475782521, 19.357925019416406 ], [ -99.161859226070021, 19.358195211809818 ], [ -99.16346975593224, 19.358278932211292 ], [ -99.167272666839068, 19.358486111378195 ], [ -99.167571457492841, 19.358504549521022 ], [ -99.168472875012, 19.358560172309847 ], [ -99.168815073477433, 19.358576046449105 ], [ -99.169303869555065, 19.358598719938694 ], [ -99.169641388851673, 19.35861806498221 ], [ -99.170084967272757, 19.358692818495353 ], [ -99.170295817961545, 19.358756224503122 ], [ -99.170464691935265, 19.358830359553529 ], [ -99.170579079672152, 19.35888660946615 ], [ -99.171031058229232, 19.359127124595531 ], [ -99.171663334064945, 19.359524655986434 ], [ -99.171802919858152, 19.359601083001532 ], [ -99.172438415154062, 19.359983009350465 ], [ -99.172956785354927, 19.360307675830342 ], [ -99.173324296580219, 19.360644205594511 ], [ -99.173475195204446, 19.360786447562045 ], [ -99.173641896964725, 19.360984212112452 ], [ -99.173732210082875, 19.361091353685424 ], [ -99.174379561542793, 19.362049055333813 ], [ -99.174527869734234, 19.362223205458669 ], [ -99.17476490792977, 19.362425212406212 ], [ -99.176573867055907, 19.36415848170499 ], [ -99.177110809770909, 19.364672944430726 ], [ -99.177573560637029, 19.365116319420917 ], [ -99.177680400524082, 19.365024896946366 ], [ -99.177821908675924, 19.364903808719319 ], [ -99.17825995674049, 19.364528970083256 ], [ -99.178682500450407, 19.364124743172237 ], [ -99.178856848672822, 19.363930263686935 ], [ -99.179037659423841, 19.363733732328345 ], [ -99.179212640594628, 19.363467524305999 ], [ -99.179253074111159, 19.36339990469714 ], [ -99.179385761919477, 19.363252673650166 ], [ -99.179454029122439, 19.363182171152864 ], [ -99.1795254548218, 19.363107203596812 ], [ -99.179688715207419, 19.362957903091761 ], [ -99.179803928423723, 19.362883134056943 ], [ -99.179923472941041, 19.362827791501459 ], [ -99.180073196993447, 19.362780600427232 ], [ -99.180229393959195, 19.362740561551082 ], [ -99.180604038898679, 19.362760461336666 ], [ -99.181254982629014, 19.36274974941329 ], [ -99.181525585484536, 19.362677913447321 ], [ -99.182539903702207, 19.362348258882857 ], [ -99.182675460846994, 19.362229166997846 ], [ -99.182809364078267, 19.362114703860726 ], [ -99.183591960429396, 19.361731152710625 ], [ -99.184054917652603, 19.361594523518129 ], [ -99.184735354721624, 19.36169893172957 ], [ -99.184975776186519, 19.361653114936196 ], [ -99.185131306890966, 19.361644009932579 ], [ -99.185535018732381, 19.361620375403891 ], [ -99.185797792283452, 19.361692491289872 ], [ -99.18606056606238, 19.361764606794139 ], [ -99.186220695368178, 19.361831338108161 ], [ -99.186676631096176, 19.362021340918734 ], [ -99.186720322711778, 19.36204797249842 ], [ -99.186893619955313, 19.362113982186685 ], [ -99.187581149744631, 19.362572672980765 ], [ -99.18800500097619, 19.362861985013001 ], [ -99.188129538994588, 19.362925983560153 ], [ -99.188992073889537, 19.362939803891823 ], [ -99.18898266956279, 19.363081183347308 ], [ -99.189037582596669, 19.363084151788303 ], [ -99.189081029541981, 19.363086501249111 ], [ -99.189147733809108, 19.363089422224686 ], [ -99.189214438078366, 19.363092343175715 ], [ -99.189257941008805, 19.363102609059478 ], [ -99.190189544547991, 19.363322447382348 ], [ -99.190929115992006, 19.363536124069991 ], [ -99.191046745706956, 19.363579691038595 ], [ -99.191162033251075, 19.363614288135281 ], [ -99.190973235538607, 19.364820219719739 ], [ -99.190883007687617, 19.365396537326205 ], [ -99.19082845930383, 19.365892078297154 ], [ -99.190795864942814, 19.366188178098628 ], [ -99.190744594372958, 19.366645462208332 ], [ -99.190766786522929, 19.366885925331193 ], [ -99.190765652836447, 19.366935511021413 ], [ -99.190779702457846, 19.366988598304189 ], [ -99.190843700105319, 19.367230416545191 ], [ -99.190983922502411, 19.367535089717848 ], [ -99.191256338770472, 19.36801763404311 ], [ -99.191429188423186, 19.368313517295388 ], [ -99.19169938903984, 19.368947875783576 ], [ -99.191744090001876, 19.369121446326208 ], [ -99.191823238082051, 19.369430839120074 ], [ -99.191833494959866, 19.369470933547049 ], [ -99.191819260653176, 19.369982416635171 ], [ -99.191774024473858, 19.37040829665364 ], [ -99.191728788069952, 19.370834176642905 ], [ -99.19165782297587, 19.371455990016997 ], [ -99.191650892010458, 19.371871271778225 ], [ -99.191721083088041, 19.372195111178193 ], [ -99.191740372417328, 19.372284105797799 ], [ -99.191901955851051, 19.372626548414186 ], [ -99.19205002968603, 19.37299034139313 ], [ -99.192104866656308, 19.373157475070876 ], [ -99.192120595748946, 19.373217354761579 ], [ -99.192139703853769, 19.373395432071526 ], [ -99.192125574953479, 19.373633016959602 ], [ -99.192096201611506, 19.373865580761123 ], [ -99.192053817174425, 19.374253625658096 ], [ -99.19191513017239, 19.375283420948399 ], [ -99.191842845125421, 19.375925914004966 ], [ -99.191783223267237, 19.376356657635611 ], [ -99.191780080255157, 19.376379364555515 ], [ -99.19160975729163, 19.37760986597258 ], [ -99.191607518665592, 19.378013467617428 ], [ -99.191628205474046, 19.378264569725815 ], [ -99.191685117959594, 19.378955384707986 ], [ -99.191719227273452, 19.379640531298662 ], [ -99.19174395693058, 19.380137266741492 ], [ -99.191746039246127, 19.380179093288991 ], [ -99.191747112051587, 19.3802006422464 ], [ -99.191753336899723, 19.3803256778289 ], [ -99.191748943842882, 19.380921349828267 ], [ -99.191745272554343, 19.381419153191548 ], [ -99.19174365469236, 19.381622121423401 ], [ -99.191726496598733, 19.382759079849198 ], [ -99.19169676491893, 19.382979673875624 ], [ -99.19159966837654, 19.383296390345379 ], [ -99.190961728989961, 19.384734765968581 ], [ -99.190930136285502, 19.384806457904734 ], [ -99.190915426597556, 19.384840115690242 ], [ -99.190890450188647, 19.384897265108595 ], [ -99.190363268995497, 19.386103517262637 ], [ -99.190037316724712, 19.387364388629553 ], [ -99.190032470849943, 19.387383133631861 ], [ -99.18983214405327, 19.388158041752607 ], [ -99.189028476735913, 19.391127687667833 ], [ -99.188799899733297, 19.392075714478562 ], [ -99.188714721103096, 19.392319085708422 ], [ -99.188361783678232, 19.393406621651785 ], [ -99.188361917780441, 19.393523194515428 ], [ -99.188356792271122, 19.393710730303901 ], [ -99.188383720065787, 19.393903301275774 ], [ -99.18843199544115, 19.394080644945568 ], [ -99.188608735540384, 19.394496069765236 ], [ -99.188752907931885, 19.39484186370748 ], [ -99.189076980678536, 19.395630043623019 ], [ -99.189007458473014, 19.39563447398767 ], [ -99.188972098009472, 19.395636745409099 ], [ -99.188946312838553, 19.395638401745817 ], [ -99.188894529596155, 19.395641728084058 ], [ -99.188622832228845, 19.395659127678641 ], [ -99.188516359640744, 19.395665946108874 ], [ -99.187824489854862, 19.395710251434782 ], [ -99.187654358921719, 19.395705246698615 ], [ -99.187551442309143, 19.395702219126534 ], [ -99.186503455017359, 19.395638892699299 ], [ -99.185981190273736, 19.395778390155371 ], [ -99.185314779144505, 19.395956386739972 ], [ -99.185098584624001, 19.39602227675239 ], [ -99.184353947989806, 19.396144469243058 ], [ -99.184075099677642, 19.396190226528457 ], [ -99.183461305008436, 19.39642747581529 ], [ -99.182436961998008, 19.396795601683316 ], [ -99.182335082596197, 19.396900040112914 ], [ -99.182230294980158, 19.396918519056065 ], [ -99.18145048773539, 19.397056033411438 ], [ -99.181202964443514, 19.397102371555366 ], [ -99.180926897179432, 19.397143497217048 ], [ -99.180140718731451, 19.397313280006667 ], [ -99.179615005384477, 19.397435654991515 ], [ -99.179496196213066, 19.397491977189183 ], [ -99.178877251986492, 19.397644605001222 ], [ -99.178475128013375, 19.397738534459098 ], [ -99.178128410082365, 19.397817556661145 ], [ -99.17775204693406, 19.397903863420179 ], [ -99.177666472207861, 19.397920967277919 ], [ -99.176581081852959, 19.398125900940212 ], [ -99.176471379474208, 19.398156766183611 ], [ -99.176384121789084, 19.398237758182013 ], [ -99.176350945330469, 19.398328564434383 ], [ -99.176342728802354, 19.398423293170197 ], [ -99.176359427600985, 19.39848050410134 ], [ -99.176403178801692, 19.398553475577646 ], [ -99.176195116630154, 19.39846290327355 ], [ -99.176041148733106, 19.398393985200144 ], [ -99.175843504247482, 19.398321162545773 ], [ -99.175641125262075, 19.39824304843874 ], [ -99.175535615694088, 19.39822673930664 ], [ -99.175436261898327, 19.398223889181725 ], [ -99.175336172408606, 19.398249294421813 ], [ -99.175149201087009, 19.398323622065003 ], [ -99.172872423243234, 19.399012710898905 ], [ -99.172161398483453, 19.399218613962411 ], [ -99.171644182291487, 19.399389009026059 ], [ -99.170723054751406, 19.399713109776659 ], [ -99.170697072074248, 19.399722251752479 ], [ -99.170611848237115, 19.399752237630956 ], [ -99.170577219172941, 19.399762638351113 ], [ -99.170535273127712, 19.399775236690779 ], [ -99.170498325102756, 19.39978633388386 ], [ -99.170348554858705, 19.399824701847663 ], [ -99.17028020411135, 19.399841299986207 ], [ -99.170231317385046, 19.399853171508727 ], [ -99.170201824725112, 19.39986028376288 ], [ -99.167910849566852, 19.400397900955191 ], [ -99.165284044864691, 19.401314498844513 ], [ -99.163035433021818, 19.402140193944902 ], [ -99.162760547131953, 19.402236345936476 ], [ -99.162278204807023, 19.402405062577916 ], [ -99.162212849135344, 19.402425798627593 ], [ -99.162191051163518, 19.402432714682391 ], [ -99.162168509872018, 19.402439866574124 ], [ -99.161295381241288, 19.402716889838196 ], [ -99.160500206860888, 19.402953888117164 ], [ -99.160478195720856, 19.402960448382874 ], [ -99.16045098952246, 19.402968556994793 ], [ -99.160287239909849, 19.403017361287574 ], [ -99.160254192156614, 19.403027210890755 ], [ -99.160222549431921, 19.403036641730477 ], [ -99.160202725333775, 19.403042550127616 ], [ -99.160179497287118, 19.403049473038191 ], [ -99.159701977840399, 19.403191792631993 ], [ -99.159137302050979, 19.403353735931265 ], [ -99.157682609222192, 19.403785542159653 ], [ -99.157147196807145, 19.403944839560559 ], [ -99.156678855169901, 19.404027298615407 ], [ -99.156236199979574, 19.404053207927969 ], [ -99.155585952304904, 19.404055317287828 ], [ -99.155548259647063, 19.404055439488907 ], [ -99.15550825722238, 19.40405556916987 ], [ -99.155392991374882, 19.404055942792528 ], [ -99.155291706758831, 19.40405630943404 ], [ -99.155263686572084, 19.404056410854707 ], [ -99.155226332096319, 19.404056546054679 ], [ -99.152419175673316, 19.404066684246896 ] ] ] ] } },
{ "type": "Feature", "properties": { "ID": 8.0, "ENTIDAD": 9, "MUNICIPIO": 3, "NOMBRE": "COYOACAN", "CONTROL": 8.0, "GEOMETRY1_": null, "ClaveEnt": "09" }, "geometry": { "type": "MultiPolygon", "coordinates": [ [ [ [ -99.171802919858152, 19.359601083001532 ], [ -99.171663334064945, 19.359524655986434 ], [ -99.171031058229232, 19.359127124595531 ], [ -99.170579079672152, 19.35888660946615 ], [ -99.170464691935265, 19.358830359553529 ], [ -99.170295817961545, 19.358756224503122 ], [ -99.170084967272757, 19.358692818495353 ], [ -99.169641388851673, 19.35861806498221 ], [ -99.169303869555065, 19.358598719938694 ], [ -99.168815073477433, 19.358576046449105 ], [ -99.168472875012, 19.358560172309847 ], [ -99.167571457492841, 19.358504549521022 ], [ -99.167272666839068, 19.358486111378195 ], [ -99.16346975593224, 19.358278932211292 ], [ -99.161859226070021, 19.358195211809818 ], [ -99.157142475782521, 19.357925019416406 ], [ -99.156697246124693, 19.357899508703948 ], [ -99.153208300948279, 19.357709413242787 ], [ -99.152993783856331, 19.357698620081447 ], [ -99.149643657299066, 19.357501947461206 ], [ -99.146266779885764, 19.357365495242579 ], [ -99.144017627510365, 19.35726636769699 ], [ -99.143850438793365, 19.357258331373046 ], [ -99.144090282614144, 19.356310194129463 ], [ -99.144000588498358, 19.356356458541679 ], [ -99.143096954313606, 19.356822551020009 ], [ -99.140213390510141, 19.35664350522767 ], [ -99.135821171775092, 19.356355594549878 ], [ -99.134603716607344, 19.356253595629898 ], [ -99.134397186787851, 19.356236291651861 ], [ -99.134211203226158, 19.356229103397194 ], [ -99.133695374144125, 19.356290498195637 ], [ -99.133505715482016, 19.356348255374456 ], [ -99.133140969271778, 19.356459331688637 ], [ -99.132964426177693, 19.356545481040129 ], [ -99.132579254404831, 19.356733435931705 ], [ -99.132480376273534, 19.356795210876811 ], [ -99.132061940712404, 19.357056630906573 ], [ -99.131666709411348, 19.357485003303093 ], [ -99.131466685597218, 19.357800987451991 ], [ -99.131190889304335, 19.358286875581481 ], [ -99.131096594701617, 19.358455855918429 ], [ -99.131002350715988, 19.358624846616596 ], [ -99.130871871308372, 19.358611166360085 ], [ -99.130317661262112, 19.358550611512591 ], [ -99.130256191402722, 19.358543895002921 ], [ -99.13010611853278, 19.358577476385129 ], [ -99.129980453431997, 19.358513706881254 ], [ -99.129838641463834, 19.35849694191338 ], [ -99.129543871912034, 19.358462093981519 ], [ -99.129370307498206, 19.358441574804033 ], [ -99.129129229455543, 19.358413010688487 ], [ -99.128888269327575, 19.35838458626603 ], [ -99.128713320890483, 19.358363884261664 ], [ -99.128405768161002, 19.358327434607592 ], [ -99.128302153797762, 19.358315161443997 ], [ -99.127886880366674, 19.358267821834197 ], [ -99.127616409914921, 19.35823393326767 ], [ -99.127550937539965, 19.358227444472885 ], [ -99.127111355236707, 19.358174904680958 ], [ -99.126735887764823, 19.35813407387548 ], [ -99.126576325017609, 19.358116228310688 ], [ -99.1263006942701, 19.358087354726994 ], [ -99.1260760939156, 19.358063826494575 ], [ -99.125872402322685, 19.358038624597743 ], [ -99.125698979121552, 19.35801696376565 ], [ -99.125085853209441, 19.357940596971243 ], [ -99.124673533603726, 19.357888892510115 ], [ -99.124589075525222, 19.357878380686696 ], [ -99.123787884044305, 19.35779349202976 ], [ -99.122966822118244, 19.35770885915014 ], [ -99.122399309392449, 19.357653462806599 ], [ -99.121970183001991, 19.357619717854398 ], [ -99.121920637379986, 19.356840888391975 ], [ -99.121737691432543, 19.355227175250153 ], [ -99.12170042456701, 19.354959417925016 ], [ -99.12162896549232, 19.354445991717888 ], [ -99.121475767844188, 19.353928017507336 ], [ -99.1213044302594, 19.353321909972657 ], [ -99.121129002656659, 19.352701329079139 ], [ -99.12096477900748, 19.352284955188253 ], [ -99.120719694898384, 19.351669429898809 ], [ -99.120484925466712, 19.351048001688039 ], [ -99.12039401911656, 19.350942933511899 ], [ -99.120303112882908, 19.350837865288558 ], [ -99.120128365510794, 19.350510181124694 ], [ -99.119601871151048, 19.349716030585814 ], [ -99.118146392077549, 19.347455658968471 ], [ -99.117446187748641, 19.346266066893989 ], [ -99.11730631632409, 19.346028940499369 ], [ -99.116977398974583, 19.345471318182845 ], [ -99.11688099292158, 19.345318246745865 ], [ -99.116649323128115, 19.344886298117466 ], [ -99.116321211783799, 19.344247858835796 ], [ -99.116020765434484, 19.343820701551032 ], [ -99.115752931524227, 19.343528850166589 ], [ -99.115496917901154, 19.342975486699252 ], [ -99.115271765310752, 19.342475154941454 ], [ -99.114392688611474, 19.340521647454658 ], [ -99.114375389822072, 19.340392583576982 ], [ -99.114275094088256, 19.339644286812597 ], [ -99.114279466010387, 19.339084584468928 ], [ -99.114255101179211, 19.339038859662178 ], [ -99.114238112481246, 19.339006977424063 ], [ -99.114208443501823, 19.338951298404577 ], [ -99.114178818919655, 19.338895702661194 ], [ -99.114034517381668, 19.338125226465745 ], [ -99.113822880959972, 19.337299319699493 ], [ -99.113579629644605, 19.336749345972073 ], [ -99.113496739540992, 19.336607934241364 ], [ -99.113128327140572, 19.336033206985888 ], [ -99.113045603979259, 19.335861307953323 ], [ -99.112898287207329, 19.335715097086208 ], [ -99.112595168204834, 19.335024305813644 ], [ -99.112314547658272, 19.33453752749309 ], [ -99.112093176869593, 19.334236681440295 ], [ -99.112015474096182, 19.334131081936359 ], [ -99.111520700397207, 19.3336795746105 ], [ -99.111025476538927, 19.33333203942912 ], [ -99.110717815730808, 19.333169539576389 ], [ -99.110372627980226, 19.332952356028756 ], [ -99.110224462421201, 19.332816902448862 ], [ -99.110055066280594, 19.332565998819842 ], [ -99.109938443398434, 19.332149399269252 ], [ -99.109816559614998, 19.331772963749007 ], [ -99.109673569988317, 19.331466822504538 ], [ -99.109128361691774, 19.330699071240492 ], [ -99.108366074069806, 19.329529837712901 ], [ -99.107587916194106, 19.328335509556656 ], [ -99.107412492299176, 19.328186393187003 ], [ -99.107127584812602, 19.327944211038652 ], [ -99.107000420208038, 19.327789646271917 ], [ -99.106777647340337, 19.327573393356666 ], [ -99.106407892986809, 19.3271815737784 ], [ -99.105926327559501, 19.326654741220132 ], [ -99.105393544080357, 19.326043950810732 ], [ -99.104896680521932, 19.325526142697043 ], [ -99.104280602257404, 19.324918726857803 ], [ -99.103836241443133, 19.324667974165333 ], [ -99.10258251979181, 19.323965866150605 ], [ -99.102004582273821, 19.323619963712428 ], [ -99.101635600638488, 19.323399122110626 ], [ -99.101402636750706, 19.323243203658308 ], [ -99.101095994844997, 19.323037972950718 ], [ -99.100908499411702, 19.322901536726285 ], [ -99.100868509696113, 19.322872438537605 ], [ -99.100702968558124, 19.322717036454332 ], [ -99.100462907926484, 19.322491679431707 ], [ -99.100274649112862, 19.322304958443052 ], [ -99.099902452399945, 19.321935800246635 ], [ -99.099531142526146, 19.321489597364639 ], [ -99.09925173089141, 19.321153826431182 ], [ -99.099193718102939, 19.321037731013298 ], [ -99.099135705396691, 19.320921635575214 ], [ -99.099096712022558, 19.32075089979206 ], [ -99.09903252204461, 19.320469400426305 ], [ -99.099254996986929, 19.317962131753816 ], [ -99.099360397343972, 19.316776296578482 ], [ -99.09940151349717, 19.316310865326656 ], [ -99.099531169931581, 19.314849587643764 ], [ -99.099637141953593, 19.313655223375058 ], [ -99.099803369679393, 19.311781709047281 ], [ -99.099838786082799, 19.311382533510297 ], [ -99.099886214709414, 19.310847966150007 ], [ -99.099971039702496, 19.30988797139555 ], [ -99.10025312968645, 19.306715357108018 ], [ -99.100276073746642, 19.306457304176611 ], [ -99.100454010523549, 19.304623484558963 ], [ -99.100897024595952, 19.300015493754334 ], [ -99.103881544626972, 19.299848072994561 ], [ -99.104982760184853, 19.299694907837956 ], [ -99.106153102265694, 19.299626558943814 ], [ -99.106431232206901, 19.29961030500623 ], [ -99.107040642580174, 19.299574689519758 ], [ -99.10738054226789, 19.299557048499913 ], [ -99.108190135615018, 19.299518323939644 ], [ -99.108484985120157, 19.299510499933994 ], [ -99.108871231927424, 19.299500249925568 ], [ -99.109372406019745, 19.299547128878725 ], [ -99.109465075526458, 19.299612278415601 ], [ -99.110324805374688, 19.299812840710803 ], [ -99.111473150356318, 19.300055372884074 ], [ -99.112435852023722, 19.30029431205557 ], [ -99.113547086908227, 19.300581231708133 ], [ -99.113622143452375, 19.300597475464087 ], [ -99.113669579572488, 19.300606323312397 ], [ -99.113717955715273, 19.300615346481266 ], [ -99.114234813470162, 19.300718931373023 ], [ -99.115689997179373, 19.301058143855172 ], [ -99.115828826502181, 19.301090505163533 ], [ -99.115870348309556, 19.301100183931609 ], [ -99.116296252738181, 19.301199461998252 ], [ -99.116821596779118, 19.301321917841783 ], [ -99.117535503375862, 19.301469185940437 ], [ -99.117626564316524, 19.301496714491805 ], [ -99.117845826186894, 19.301562999126293 ], [ -99.119375594212102, 19.302025451516428 ], [ -99.119907685579491, 19.302186467775538 ], [ -99.120988747934518, 19.302513602473635 ], [ -99.121730506798585, 19.302738057824545 ], [ -99.121814428725344, 19.302759610111679 ], [ -99.12188779547202, 19.302785652722793 ], [ -99.122864785809256, 19.303171728485822 ], [ -99.124517658906171, 19.303824468589607 ], [ -99.124606384277556, 19.303859318409863 ], [ -99.124695109686314, 19.303894168186648 ], [ -99.125509479554438, 19.304214035601859 ], [ -99.126055202921478, 19.304428381561355 ], [ -99.127114160407871, 19.30486685628242 ], [ -99.127418718257346, 19.304992960728832 ], [ -99.127890104264111, 19.305188140226964 ], [ -99.128411354726268, 19.30536444998922 ], [ -99.129072311560506, 19.305709883592204 ], [ -99.129295203424846, 19.305804841899956 ], [ -99.129553910791387, 19.305922818101664 ], [ -99.130062523492995, 19.306146885191101 ], [ -99.13054811573933, 19.306360508524435 ], [ -99.131046592052797, 19.306573665000656 ], [ -99.13116457050188, 19.306624114198573 ], [ -99.131963093035495, 19.30698173135626 ], [ -99.132256311348542, 19.307106211359407 ], [ -99.132513318753041, 19.307215318196597 ], [ -99.132817214808185, 19.307354241280095 ], [ -99.134810939651516, 19.308251446405308 ], [ -99.135198655497859, 19.307759399400428 ], [ -99.135483110895152, 19.307386376741235 ], [ -99.135956232557689, 19.306802617246003 ], [ -99.136461582283616, 19.306256013057272 ], [ -99.137051404799209, 19.305664653618788 ], [ -99.137931027115499, 19.304687580528007 ], [ -99.138140979979795, 19.304454365256053 ], [ -99.138268222946792, 19.304290912656406 ], [ -99.138444405013942, 19.304122663783954 ], [ -99.138710598293457, 19.303851441370043 ], [ -99.13902757455952, 19.303484056699091 ], [ -99.139399042903506, 19.303069560181928 ], [ -99.139647146183265, 19.302779544034994 ], [ -99.140133784692182, 19.3022310435572 ], [ -99.140522705625187, 19.30180425861198 ], [ -99.14065846625563, 19.301663412532577 ], [ -99.140904367190899, 19.301379921372348 ], [ -99.141256710863715, 19.301056686017773 ], [ -99.14178045758733, 19.300493355406921 ], [ -99.142062927473077, 19.300186014443774 ], [ -99.142345402207113, 19.299885497955596 ], [ -99.142551965130835, 19.29964302994355 ], [ -99.143721186380532, 19.300062354450333 ], [ -99.144548399195557, 19.300383910917933 ], [ -99.144625772812233, 19.300413135188766 ], [ -99.145146174754629, 19.30060969159619 ], [ -99.145596182971047, 19.300731530937345 ], [ -99.146065499851105, 19.30082172940099 ], [ -99.146292072207231, 19.30086527409242 ], [ -99.146903877810971, 19.301020860542842 ], [ -99.147114212915739, 19.301104174596595 ], [ -99.147225413560534, 19.301165733187901 ], [ -99.147440351300276, 19.301284718364393 ], [ -99.147789682542566, 19.300870773183661 ], [ -99.150032298443719, 19.299125784190661 ], [ -99.150686820899836, 19.298659749377748 ], [ -99.150949499253969, 19.298468502200606 ], [ -99.15152941626458, 19.298060610616915 ], [ -99.151640840251048, 19.297981380475346 ], [ -99.151827087120196, 19.297865777474463 ], [ -99.15200257267125, 19.297809532103074 ], [ -99.152117364497755, 19.297783987662779 ], [ -99.152846309428497, 19.297621774853265 ], [ -99.155023992495728, 19.297148282228328 ], [ -99.156355717855462, 19.296847275580138 ], [ -99.156619837784532, 19.296781996399588 ], [ -99.156686037821558, 19.296872173459128 ], [ -99.157941943858432, 19.298516961680942 ], [ -99.158420721705141, 19.299183350125166 ], [ -99.15863503722737, 19.299441554330205 ], [ -99.1589020748645, 19.299695425249126 ], [ -99.159352724106313, 19.300052716618321 ], [ -99.159751635204756, 19.300319483933919 ], [ -99.16011093579003, 19.300553105081686 ], [ -99.160253503038021, 19.300636213155894 ], [ -99.160508121478074, 19.300763010627229 ], [ -99.161526655040561, 19.301122104857942 ], [ -99.161570152770182, 19.301130262862351 ], [ -99.161609864724383, 19.301137710834269 ], [ -99.16165898837707, 19.301146923956185 ], [ -99.161720928052844, 19.301158540697948 ], [ -99.162392844602564, 19.301284556705291 ], [ -99.162771667941087, 19.301338708228759 ], [ -99.1637121985558, 19.301476543705959 ], [ -99.164335786988261, 19.301545190550826 ], [ -99.166468877896165, 19.301851061189737 ], [ -99.167516783955733, 19.301996013833811 ], [ -99.16853181266255, 19.302139063655666 ], [ -99.170356295913436, 19.302376830665139 ], [ -99.171590504276608, 19.302547530115454 ], [ -99.171678121291492, 19.302561853304582 ], [ -99.172133229019309, 19.302627325879239 ], [ -99.172853394708994, 19.302730927716237 ], [ -99.173532602678407, 19.302822927551695 ], [ -99.174086402031818, 19.302890005890632 ], [ -99.175338774896204, 19.303073404553775 ], [ -99.176737806083992, 19.303252267925984 ], [ -99.177161519991458, 19.303306436716515 ], [ -99.179257667631177, 19.303428614619964 ], [ -99.179337307980433, 19.303427368811462 ], [ -99.180104806851048, 19.303415510757002 ], [ -99.180276929318651, 19.303412667755438 ], [ -99.181390328622555, 19.303341698632543 ], [ -99.182191105427862, 19.303289810932014 ], [ -99.183332645427441, 19.303157843921152 ], [ -99.184390475073343, 19.303037723817539 ], [ -99.185976604649269, 19.302870011426229 ], [ -99.190651914711452, 19.302356275712256 ], [ -99.192921989966834, 19.302100823217462 ], [ -99.193732590799996, 19.3020265473161 ], [ -99.194368978780176, 19.302005688721447 ], [ -99.195272824910759, 19.302083629157455 ], [ -99.195949917176037, 19.302182555870679 ], [ -99.196590364464313, 19.3023562586597 ], [ -99.197160637006306, 19.302535781449478 ], [ -99.197767318916249, 19.302837198498402 ], [ -99.198509130673784, 19.30320574767731 ], [ -99.19942626394085, 19.303769198737097 ], [ -99.199540659434092, 19.30383702832529 ], [ -99.20066444969909, 19.304380378087146 ], [ -99.200951551392706, 19.304506400201067 ], [ -99.201307038130807, 19.304644817115371 ], [ -99.20197132590414, 19.304871630769568 ], [ -99.202741047860385, 19.305091640290239 ], [ -99.203877978731867, 19.305343527668789 ], [ -99.204856175984176, 19.30551327206198 ], [ -99.204853120708577, 19.30558354981277 ], [ -99.204851153234699, 19.305711443217593 ], [ -99.204854480549059, 19.305779721752412 ], [ -99.205119862583288, 19.305979419342325 ], [ -99.205121036521675, 19.306215461856024 ], [ -99.205383259310636, 19.306415078232327 ], [ -99.202753925863277, 19.308917311214948 ], [ -99.20190784424048, 19.309765760314729 ], [ -99.200898706519553, 19.31074306933316 ], [ -99.201739948629466, 19.311077159812811 ], [ -99.201543063635739, 19.311390446537882 ], [ -99.19770279543846, 19.317491954638069 ], [ -99.195178822616455, 19.321504342939598 ], [ -99.194825315447943, 19.322431060049116 ], [ -99.194935602451267, 19.323091283079883 ], [ -99.194747645569564, 19.329974219160462 ], [ -99.194774562719132, 19.330137564079543 ], [ -99.194916962227623, 19.330386601124999 ], [ -99.197611111111144, 19.332900000029284 ], [ -99.197828454238746, 19.333522268772139 ], [ -99.198048377343326, 19.333475485407043 ], [ -99.198201433237983, 19.33344071615257 ], [ -99.198429310622842, 19.333415600866218 ], [ -99.19866541494423, 19.333389578547681 ], [ -99.200026564842176, 19.333239552828402 ], [ -99.199448924907244, 19.33401005378763 ], [ -99.198723876098668, 19.335041621546189 ], [ -99.198027408265588, 19.335516786772494 ], [ -99.197724993581701, 19.33557953704339 ], [ -99.197422578662056, 19.335642286814306 ], [ -99.196090792047144, 19.335937278732757 ], [ -99.1959499707242, 19.335968470150952 ], [ -99.194608752100208, 19.33629313638076 ], [ -99.194520720895341, 19.336314445536832 ], [ -99.193359806812609, 19.336595456165313 ], [ -99.193236210293406, 19.33661104290006 ], [ -99.193158260376094, 19.33662087310552 ], [ -99.19308178473247, 19.336632055426438 ], [ -99.191890938199748, 19.336806177489194 ], [ -99.191216393384792, 19.336847802879234 ], [ -99.191124287579157, 19.336847501813686 ], [ -99.190388855185219, 19.337772117444178 ], [ -99.190427682605929, 19.338736606973175 ], [ -99.190351059636257, 19.338842117218498 ], [ -99.190270071867076, 19.338953637634173 ], [ -99.189970697699763, 19.339155451872148 ], [ -99.189533502550603, 19.339686589699294 ], [ -99.189471450780175, 19.339810346007447 ], [ -99.188737360931469, 19.340236543737653 ], [ -99.188567928002698, 19.340356801838553 ], [ -99.187799269072045, 19.341020834293538 ], [ -99.187779851490731, 19.341036457457118 ], [ -99.187760433905723, 19.341052080618539 ], [ -99.187685781599626, 19.34108198827041 ], [ -99.186882369921193, 19.341403853223444 ], [ -99.18681290969603, 19.341859208509273 ], [ -99.186649124509998, 19.341949887530184 ], [ -99.186448239279201, 19.342061106506595 ], [ -99.186412840130018, 19.342213086726037 ], [ -99.186402022686238, 19.342259529522149 ], [ -99.186118261385332, 19.34251208971483 ], [ -99.185310266241274, 19.343166807034429 ], [ -99.184716287702699, 19.343576190824571 ], [ -99.184442138164272, 19.343735146799382 ], [ -99.184118574672411, 19.343828968468348 ], [ -99.183767884437842, 19.344286729233861 ], [ -99.183667931855325, 19.344417198117611 ], [ -99.183469152430234, 19.344921644883364 ], [ -99.183441103687215, 19.345023924826283 ], [ -99.183379019636249, 19.345250314299577 ], [ -99.183214228922935, 19.345851220482285 ], [ -99.183123663644352, 19.346181463117372 ], [ -99.182961097519438, 19.346433945145332 ], [ -99.182397107024798, 19.34679051951041 ], [ -99.181824472511693, 19.347323588693413 ], [ -99.181612815601426, 19.347257102728619 ], [ -99.180871971214245, 19.347000472527085 ], [ -99.180830592080639, 19.347144360934074 ], [ -99.180731155942695, 19.347213249756248 ], [ -99.180613420696062, 19.347230361513983 ], [ -99.180144759244371, 19.349294712186946 ], [ -99.180141843239241, 19.349340466402534 ], [ -99.180134979352658, 19.349448165619457 ], [ -99.180112108047808, 19.349508176942585 ], [ -99.180014634818136, 19.349649589590971 ], [ -99.179980341903146, 19.349687903615148 ], [ -99.179834213330622, 19.349872061018175 ], [ -99.179609222922096, 19.350079130880491 ], [ -99.178319599117955, 19.351156609682089 ], [ -99.177722919054048, 19.351675953484424 ], [ -99.17760137800316, 19.351777808023634 ], [ -99.177528404576179, 19.351892271221775 ], [ -99.177480989155896, 19.351966645051959 ], [ -99.177415873807988, 19.352068782112728 ], [ -99.177303342798794, 19.352245292932682 ], [ -99.177237472789642, 19.352361287881678 ], [ -99.177171226198055, 19.352477945790955 ], [ -99.177104979512819, 19.352594603675303 ], [ -99.176064713881615, 19.353431805454552 ], [ -99.175585349673256, 19.353872608256051 ], [ -99.175481041146966, 19.353982734076535 ], [ -99.175255797468211, 19.354257516985157 ], [ -99.174983308633884, 19.354643497744426 ], [ -99.174216603173434, 19.355476563024858 ], [ -99.173584799359176, 19.356148294440523 ], [ -99.173018893378284, 19.356779497106345 ], [ -99.172763727654456, 19.357194013125241 ], [ -99.172450567117735, 19.357934376770622 ], [ -99.171854293503628, 19.359449264977084 ], [ -99.171802919858152, 19.359601083001532 ] ] ] ] } },
{ "type": "Feature", "properties": { "ID": 14.0, "ENTIDAD": 9, "MUNICIPIO": 4, "NOMBRE": "CUAJIMALPA DE MORELOS", "CONTROL": 9.0, "GEOMETRY1_": null, "ClaveEnt": "09" }, "geometry": { "type": "MultiPolygon", "coordinates": [ [ [ [ -99.259738891067002, 19.400608843161471 ], [ -99.259628203741258, 19.400504130495108 ], [ -99.259567254374218, 19.400084734383096 ], [ -99.259496681234367, 19.399932295803623 ], [ -99.259385873660648, 19.399751313478706 ], [ -99.259013323659559, 19.399246558074815 ], [ -99.258892680925356, 19.399199061371412 ], [ -99.258647140535373, 19.399127422549679 ], [ -99.258185495737678, 19.397510671283296 ], [ -99.258159946436919, 19.397421301408443 ], [ -99.258055796934315, 19.39760527823352 ], [ -99.256983678098692, 19.398966413514557 ], [ -99.256892764873157, 19.399369068894046 ], [ -99.256285103638064, 19.399439199135038 ], [ -99.256138667741183, 19.399557309073302 ], [ -99.255983663934757, 19.399613286960282 ], [ -99.25565618474667, 19.399657909740959 ], [ -99.25548579023787, 19.399660756769947 ], [ -99.255281437792945, 19.399749237939833 ], [ -99.255232411061968, 19.399603815604358 ], [ -99.255204745501032, 19.399456951100824 ], [ -99.255179517943262, 19.399267709415355 ], [ -99.255216336749768, 19.398895004917883 ], [ -99.255352794784358, 19.398457099457378 ], [ -99.255367033384843, 19.398224489463182 ], [ -99.255611277207109, 19.397459348532813 ], [ -99.25574472023257, 19.397129974836609 ], [ -99.25586812834851, 19.396973356352824 ], [ -99.25615854968656, 19.39669695736475 ], [ -99.257350892382419, 19.395723080150592 ], [ -99.257985604955621, 19.395265883180961 ], [ -99.258309226920446, 19.395062879909794 ], [ -99.2587330483736, 19.394836149653337 ], [ -99.259387005156412, 19.3944688911097 ], [ -99.259488581487531, 19.39435114949465 ], [ -99.259543340937981, 19.394227219157415 ], [ -99.259550898104777, 19.394130973234219 ], [ -99.259500545420181, 19.393935821525389 ], [ -99.259458971938272, 19.393796336556083 ], [ -99.259194472290602, 19.392989194810976 ], [ -99.259132487657936, 19.392888245823755 ], [ -99.259075274802925, 19.392806618499595 ], [ -99.259042965657144, 19.392698954963123 ], [ -99.258987760881936, 19.392577604198813 ], [ -99.258909007174822, 19.392519659752775 ], [ -99.258759390820984, 19.392511000124834 ], [ -99.25866906214516, 19.392546618961653 ], [ -99.258507207696397, 19.39268289537543 ], [ -99.258345296983975, 19.392783681397578 ], [ -99.258226889591555, 19.392801594740199 ], [ -99.256886848048524, 19.392898133561328 ], [ -99.256771552487393, 19.392913084034959 ], [ -99.256684349142219, 19.39295461253305 ], [ -99.256525604713516, 19.393087925280089 ], [ -99.256061735059902, 19.393422779678144 ], [ -99.255974526637075, 19.39346135031759 ], [ -99.255856146204778, 19.393497007250204 ], [ -99.255264095713756, 19.393580650086591 ], [ -99.255102094539538, 19.393625240341422 ], [ -99.254843598678093, 19.393749818959318 ], [ -99.254610031757665, 19.393871404780672 ], [ -99.254361000222787, 19.394069907656345 ], [ -99.254305100911836, 19.394200117057984 ], [ -99.254323966782181, 19.39430656166634 ], [ -99.254411419612808, 19.394424740432399 ], [ -99.254692295394435, 19.394660949429714 ], [ -99.254811008330563, 19.394838234752651 ], [ -99.254758303912951, 19.39498136081065 ], [ -99.254689845540668, 19.395052437367777 ], [ -99.254586951090545, 19.395063320674922 ], [ -99.254480944313727, 19.395039808849035 ], [ -99.254343696416655, 19.394969020225687 ], [ -99.254031698898729, 19.394762429454612 ], [ -99.253663435616502, 19.394449445641207 ], [ -99.253425730991452, 19.394182124678618 ], [ -99.253332483190164, 19.394077258523762 ], [ -99.252951600477758, 19.393663734844068 ], [ -99.252839279151885, 19.393586995324487 ], [ -99.252733264441758, 19.393557567418654 ], [ -99.252533747689199, 19.393528269325518 ], [ -99.251952560303664, 19.393469570570627 ], [ -99.251667158675687, 19.393440744884828 ], [ -99.251473939300837, 19.393452842306942 ], [ -99.251137540597696, 19.393589353513935 ], [ -99.250888346608349, 19.393684338407954 ], [ -99.25075124630888, 19.393708187742206 ], [ -99.25042712345244, 19.393720464518637 ], [ -99.249990779820337, 19.393721064916626 ], [ -99.24981721152885, 19.393653525409469 ], [ -99.249706339109864, 19.393587191597803 ], [ -99.249628949369765, 19.39353228015883 ], [ -99.24924850938757, 19.393402670753428 ], [ -99.249024131496114, 19.39342072333697 ], [ -99.248669120166795, 19.393616406061813 ], [ -99.248227135118029, 19.39400740374554 ], [ -99.247915818746961, 19.394244430757858 ], [ -99.247793986787713, 19.394270710337175 ], [ -99.247600994975187, 19.394282939506862 ], [ -99.247354830408128, 19.39426293991438 ], [ -99.247061762072207, 19.394201230235499 ], [ -99.246946281735291, 19.394094916059334 ], [ -99.24687133262556, 19.393997419372123 ], [ -99.246812398168672, 19.393924504757866 ], [ -99.246727712725814, 19.393831992671473 ], [ -99.246614442969175, 19.393778837489418 ], [ -99.246480157365326, 19.393764354251086 ], [ -99.246373934625481, 19.393783746431261 ], [ -99.246257142322648, 19.3938710784291 ], [ -99.246288822952877, 19.393710535160448 ], [ -99.246365765561393, 19.393563348257771 ], [ -99.246533722087335, 19.393332433346202 ], [ -99.246704214953752, 19.39303455273792 ], [ -99.246630502635014, 19.392970407494381 ], [ -99.246543700119517, 19.392874729271202 ], [ -99.246526517920557, 19.392687701705757 ], [ -99.246563571220037, 19.392456964167096 ], [ -99.246743841679788, 19.392125476343647 ], [ -99.247005047584523, 19.391728812770882 ], [ -99.247060202297419, 19.391101741528274 ], [ -99.247034474642263, 19.390575336136123 ], [ -99.247002442461451, 19.390001618786304 ], [ -99.247151283882729, 19.389498636422548 ], [ -99.247387748020458, 19.389232137196871 ], [ -99.24751804861441, 19.388835650827549 ], [ -99.247517615066087, 19.388548770947391 ], [ -99.247564011545464, 19.388315062876813 ], [ -99.247629156883235, 19.388113862103726 ], [ -99.247620993033877, 19.388022067651633 ], [ -99.247607680896721, 19.387905390025693 ], [ -99.247550485606297, 19.38761414647481 ], [ -99.247518802755778, 19.387503534207557 ], [ -99.247393827977646, 19.387067216367509 ], [ -99.247313805457679, 19.386469101024208 ], [ -99.247287035527791, 19.386262510591695 ], [ -99.247441543600488, 19.38615254328537 ], [ -99.247595872688805, 19.38602481192326 ], [ -99.249695688742023, 19.384308120394106 ], [ -99.251220219110053, 19.383280569221704 ], [ -99.254282032311281, 19.381328152773605 ], [ -99.254634341322216, 19.381117611082182 ], [ -99.255106218658938, 19.38081493413527 ], [ -99.256110409575328, 19.380164666093897 ], [ -99.256580761206877, 19.379855193255757 ], [ -99.257139778558852, 19.379372321299407 ], [ -99.257952408850272, 19.378682748326394 ], [ -99.259254984226672, 19.377517845966821 ], [ -99.259437579998078, 19.377358744179222 ], [ -99.260452472635365, 19.376470830362667 ], [ -99.260933549872647, 19.376092936102591 ], [ -99.261504117244002, 19.37576666681143 ], [ -99.261873334781143, 19.375570254793079 ], [ -99.26266681470274, 19.375188986400133 ], [ -99.26289906159181, 19.375083161485282 ], [ -99.263107765684325, 19.374999746887216 ], [ -99.263367015257643, 19.374929045524294 ], [ -99.265086356161333, 19.374667159121774 ], [ -99.26588422958325, 19.374541786973431 ], [ -99.266333777635381, 19.374464409977204 ], [ -99.266613193307549, 19.374368101273685 ], [ -99.266784811707524, 19.374265556889402 ], [ -99.26689244209004, 19.37416949949829 ], [ -99.267003399015309, 19.37404786394082 ], [ -99.26710757746028, 19.373900665041212 ], [ -99.267272150904191, 19.373609528017482 ], [ -99.267396549135697, 19.373468692562543 ], [ -99.26754798232659, 19.373382160383247 ], [ -99.267699493661993, 19.373343577758408 ], [ -99.267834215609284, 19.37333698624542 ], [ -99.267997986712317, 19.3733992385521 ], [ -99.268595814984025, 19.373556432920612 ], [ -99.268868373504091, 19.373590934171169 ], [ -99.269286713569883, 19.373543926383082 ], [ -99.269714061959306, 19.373452754003605 ], [ -99.270111985671264, 19.37316073361319 ], [ -99.270243355871415, 19.372685234598499 ], [ -99.270176994135085, 19.372384117704016 ], [ -99.27015233439721, 19.372325156944562 ], [ -99.269779325708924, 19.371493334613806 ], [ -99.269532885538922, 19.370788296592597 ], [ -99.269509335034257, 19.370026496020252 ], [ -99.26969395669478, 19.369299657232929 ], [ -99.27006457783682, 19.36868540689327 ], [ -99.271266712001335, 19.367505595944131 ], [ -99.271185013448559, 19.367455658724602 ], [ -99.271166666666716, 19.367444444474106 ], [ -99.270805897400635, 19.367123277149545 ], [ -99.270746253073753, 19.367070179837246 ], [ -99.269146507052966, 19.365646011332455 ], [ -99.268888888888938, 19.365416666696287 ], [ -99.268868210196203, 19.365401722165196 ], [ -99.268788652022337, 19.365344225271802 ], [ -99.266865721894519, 19.365895154993993 ], [ -99.266618735834172, 19.36589708843594 ], [ -99.266536563743443, 19.365351311239937 ], [ -99.266467709697963, 19.364894595309131 ], [ -99.266460601948125, 19.364634647286348 ], [ -99.266490136808969, 19.364514685416367 ], [ -99.266519205809402, 19.364437041469074 ], [ -99.266638143067127, 19.364119442597048 ], [ -99.266766442415701, 19.363800018353881 ], [ -99.266746548303985, 19.363792647974446 ], [ -99.26671863259061, 19.363779758086327 ], [ -99.266641429049656, 19.363744109850686 ], [ -99.266602767899727, 19.363726258296513 ], [ -99.266535463476558, 19.363695180853561 ], [ -99.266505608399896, 19.363681395426141 ], [ -99.266446199050989, 19.363653963444602 ], [ -99.266256365437727, 19.363471251498094 ], [ -99.265903259717135, 19.363363214332864 ], [ -99.265675045915756, 19.363309823697438 ], [ -99.265525020407395, 19.363197993124761 ], [ -99.265283575978273, 19.363034593390193 ], [ -99.265173666412238, 19.363048232343306 ], [ -99.264977197987193, 19.36313842839014 ], [ -99.264983297566417, 19.363043982768104 ], [ -99.264970648677775, 19.362933003984296 ], [ -99.264886831078783, 19.362886027274062 ], [ -99.26421488698638, 19.362685284339769 ], [ -99.263542944509496, 19.36248453890197 ], [ -99.263356899292845, 19.362428956464651 ], [ -99.263170854200027, 19.362373373835307 ], [ -99.262848080630107, 19.362239903204948 ], [ -99.26252530757948, 19.362106431994288 ], [ -99.262362800812269, 19.362004822759822 ], [ -99.262201670683638, 19.361904130727584 ], [ -99.262205443634869, 19.361852265647567 ], [ -99.262146507725845, 19.361847935004473 ], [ -99.262076704746875, 19.36183626081451 ], [ -99.262006901777511, 19.361824586597752 ], [ -99.261935543357978, 19.361809970924032 ], [ -99.261876562822309, 19.361777675415283 ], [ -99.261842347451022, 19.361715907600221 ], [ -99.261826590800268, 19.361667590883979 ], [ -99.261810834158965, 19.36161927416601 ], [ -99.261589916477817, 19.361459796372532 ], [ -99.26154562986585, 19.361418273683949 ], [ -99.261391152371374, 19.361292292741709 ], [ -99.261236675113722, 19.361166311663894 ], [ -99.261172955979134, 19.361079564862212 ], [ -99.261109236912219, 19.360992818036618 ], [ -99.26106245201764, 19.36082803970687 ], [ -99.261009806202111, 19.360607998604515 ], [ -99.260931381722997, 19.360174636251763 ], [ -99.260852957672654, 19.359741273839909 ], [ -99.260770174529483, 19.359228224685744 ], [ -99.260512866861106, 19.358077563495545 ], [ -99.260384214417869, 19.357502232693971 ], [ -99.260319888543961, 19.357214567241517 ], [ -99.260161372570224, 19.356505678879635 ], [ -99.260239589012173, 19.356495294711419 ], [ -99.260223820652527, 19.356423873900408 ], [ -99.259984199065372, 19.355246860851977 ], [ -99.259978806236902, 19.355220355834458 ], [ -99.259842132438067, 19.354548640194981 ], [ -99.259659568863668, 19.354444334965066 ], [ -99.259632180224983, 19.354428686809229 ], [ -99.259545901771318, 19.3543793926478 ], [ -99.259416666666738, 19.354305555585064 ], [ -99.259391522950239, 19.354234991154172 ], [ -99.259340087201309, 19.35409063940272 ], [ -99.259244444444505, 19.353822222251686 ], [ -99.259268405990852, 19.353199222825594 ], [ -99.259277777777839, 19.352955555585069 ], [ -99.259082000298093, 19.352555299710488 ], [ -99.2590602677422, 19.352510868605027 ], [ -99.259040974002389, 19.352501139934162 ], [ -99.259027777777831, 19.352444444473964 ], [ -99.258889296429444, 19.351747425526401 ], [ -99.258738118941409, 19.350151551483762 ], [ -99.258603280717793, 19.350184080176341 ], [ -99.258447677718664, 19.350192661750174 ], [ -99.258338996146605, 19.350164946689915 ], [ -99.2582508545282, 19.350128841686381 ], [ -99.25817146003395, 19.350053707351876 ], [ -99.258125617803188, 19.349983773713948 ], [ -99.258108947089227, 19.34993877953039 ], [ -99.258096990900583, 19.349875771544578 ], [ -99.258101631085381, 19.349810489155686 ], [ -99.258113371349538, 19.349736193146292 ], [ -99.25814738346601, 19.34968029406296 ], [ -99.258211869051635, 19.349610529652793 ], [ -99.258296925123432, 19.349551883740812 ], [ -99.258399580434798, 19.349482065144439 ], [ -99.258522819366618, 19.349431725730614 ], [ -99.258659883779586, 19.349375413995329 ], [ -99.258611810885654, 19.348869064828985 ], [ -99.25852775710689, 19.348387241515709 ], [ -99.258509193899172, 19.348294453636917 ], [ -99.258753997777561, 19.348346680759555 ], [ -99.258833604431217, 19.348363317525408 ], [ -99.258839174538451, 19.348309635676014 ], [ -99.25892958263718, 19.348266568067928 ], [ -99.258950028867275, 19.348228430383884 ], [ -99.259004344149147, 19.348127117769209 ], [ -99.259116197667396, 19.347995325635551 ], [ -99.259593509638407, 19.347779112776763 ], [ -99.2600160023337, 19.347705320770533 ], [ -99.26008222217358, 19.347679880492734 ], [ -99.260047469307281, 19.347551164142633 ], [ -99.259859841048822, 19.347412785328107 ], [ -99.259644761126182, 19.347372252679175 ], [ -99.259355664144536, 19.347405058749231 ], [ -99.258562481985166, 19.347680038092751 ], [ -99.258262026634824, 19.347612105991036 ], [ -99.257959700615274, 19.34772231862561 ], [ -99.257311709656435, 19.347728864873503 ], [ -99.257054495819361, 19.347766526474313 ], [ -99.256784851676215, 19.347915397078623 ], [ -99.255925872386157, 19.348125618206723 ], [ -99.255650469045506, 19.34803054872971 ], [ -99.256247458632984, 19.347708973899834 ], [ -99.256550837441367, 19.347489537066732 ], [ -99.257273169217314, 19.347184586437098 ], [ -99.257559861395364, 19.346835553386938 ], [ -99.257875229743433, 19.346631008067494 ], [ -99.25812396823369, 19.346587716714637 ], [ -99.259073480166137, 19.346285795060595 ], [ -99.259751972552678, 19.346241889966006 ], [ -99.261153648023225, 19.345913436274227 ], [ -99.261703034674767, 19.345717839354691 ], [ -99.262386513879292, 19.34542074614939 ], [ -99.265134820319972, 19.342952906933849 ], [ -99.266112940485527, 19.342743920072976 ], [ -99.266633081280276, 19.342242072793493 ], [ -99.2669072567288, 19.341774130767003 ], [ -99.267412982687716, 19.341220123972175 ], [ -99.267546733678287, 19.341059301889079 ], [ -99.268947733459825, 19.34116578676208 ], [ -99.26987600773289, 19.340596829900463 ], [ -99.270483436343852, 19.34015775698975 ], [ -99.270823498796986, 19.340016075897715 ], [ -99.270986942951481, 19.339939657622416 ], [ -99.27129079194242, 19.339731305674217 ], [ -99.271700497279696, 19.339584175901503 ], [ -99.272169164647437, 19.339201407163561 ], [ -99.272124003888322, 19.338478142211468 ], [ -99.272706317802374, 19.337742350290426 ], [ -99.273130476677395, 19.337013188067552 ], [ -99.273429959631898, 19.336213563561564 ], [ -99.273707695572625, 19.336029946625761 ], [ -99.274047042663668, 19.336042656826532 ], [ -99.27516031941191, 19.336279454184471 ], [ -99.276345753639959, 19.336177590780441 ], [ -99.277296702253608, 19.335258071026228 ], [ -99.278038250764382, 19.334936016920238 ], [ -99.27845038318948, 19.334445161944991 ], [ -99.278719777342317, 19.334341009454604 ], [ -99.279017738252065, 19.333897926164301 ], [ -99.279417331852841, 19.333619171776373 ], [ -99.279570977280443, 19.33362043641813 ], [ -99.279694444444516, 19.333277777807091 ], [ -99.279757367766678, 19.333180528174715 ], [ -99.280290078702876, 19.33235720409925 ], [ -99.280319890685774, 19.332311128309836 ], [ -99.280412223333272, 19.33216842334819 ], [ -99.280424618154626, 19.332149266952459 ], [ -99.28054233487893, 19.331967329623541 ], [ -99.280557200106458, 19.331944354606208 ], [ -99.280760918058974, 19.331629496669422 ], [ -99.280782479395882, 19.33159617228646 ], [ -99.280819944668977, 19.33153826734598 ], [ -99.280848873136406, 19.331493556543641 ], [ -99.281717707429721, 19.330150703989634 ], [ -99.281794938634988, 19.330031335758381 ], [ -99.282475747377205, 19.328979071710567 ], [ -99.28259763468094, 19.328790679927494 ], [ -99.282712922579108, 19.328612487865268 ], [ -99.28279537081751, 19.328485053380234 ], [ -99.282867344913257, 19.328373807855012 ], [ -99.283371491922495, 19.327594576693414 ], [ -99.283394418388795, 19.327559140359625 ], [ -99.283413768490078, 19.327529231826741 ], [ -99.283526327492837, 19.327355254465012 ], [ -99.28357856619435, 19.327274511317761 ], [ -99.283678016730192, 19.32712079457955 ], [ -99.283703202366894, 19.327081866088527 ], [ -99.283720400210356, 19.327055282666922 ], [ -99.283842491392249, 19.326866571889145 ], [ -99.283856942837758, 19.32684423475451 ], [ -99.28401812614149, 19.326595098418277 ], [ -99.284036345564076, 19.326566937131407 ], [ -99.284632968217039, 19.325644746734095 ], [ -99.284643002453294, 19.325629236865847 ], [ -99.284654601429693, 19.325611308382335 ], [ -99.284884509915187, 19.325255938958353 ], [ -99.284913995415806, 19.325210363104254 ], [ -99.284961830623445, 19.325136423972321 ], [ -99.285133200818407, 19.324871535515349 ], [ -99.2851835497585, 19.32479371051236 ], [ -99.285746937339724, 19.323922869152902 ], [ -99.285758218264107, 19.323905431852648 ], [ -99.285768917248419, 19.323888894072784 ], [ -99.286078107618451, 19.323410966416208 ], [ -99.286107597697978, 19.323365382274453 ], [ -99.287418329567743, 19.321339294900042 ], [ -99.287473341647669, 19.321254257696289 ], [ -99.290437370434503, 19.316672333518419 ], [ -99.290483915771759, 19.316600379310792 ], [ -99.292022612961048, 19.31422167299872 ], [ -99.292194989752517, 19.313955185656802 ], [ -99.311817225314641, 19.283613489253437 ], [ -99.322194444444506, 19.267561944473059 ], [ -99.32024414364615, 19.265659842016976 ], [ -99.32286642549262, 19.261262069814894 ], [ -99.325279012168863, 19.258013645752129 ], [ -99.326045810317709, 19.257166199292385 ], [ -99.326831366532758, 19.256344565861827 ], [ -99.324249709991491, 19.255270728726185 ], [ -99.328768657240431, 19.206023880004835 ], [ -99.335063684572859, 19.20637336699621 ], [ -99.339063175223799, 19.206595273625908 ], [ -99.361987012866038, 19.212051445266766 ], [ -99.368689780833364, 19.230946205900906 ], [ -99.368442519042944, 19.233806661157033 ], [ -99.367808866501605, 19.241140646164656 ], [ -99.361716566277494, 19.244586128553809 ], [ -99.342976342890992, 19.2435969818921 ], [ -99.345552520994872, 19.25518770091848 ], [ -99.345559136235607, 19.258344278428691 ], [ -99.35455381748946, 19.267002114915165 ], [ -99.36372244417467, 19.267887840950589 ], [ -99.365640179698858, 19.269638797358486 ], [ -99.366568848827455, 19.269872811820672 ], [ -99.367476124450761, 19.270583765465428 ], [ -99.36937335754503, 19.270882783256322 ], [ -99.369949365008765, 19.271716126760289 ], [ -99.370591172107353, 19.272479610855331 ], [ -99.371547181043738, 19.274066569632456 ], [ -99.371558747571243, 19.274448147505879 ], [ -99.372007159269913, 19.274628659394065 ], [ -99.372290057967192, 19.275202315975882 ], [ -99.373474511646009, 19.275405679139819 ], [ -99.37405650042831, 19.276971291267284 ], [ -99.374234706759623, 19.278417712202938 ], [ -99.370717031557433, 19.284812192802438 ], [ -99.364549506123481, 19.291393924994093 ], [ -99.363739669336354, 19.292290686083994 ], [ -99.356173701438422, 19.292320779849625 ], [ -99.353488201913635, 19.292393866936816 ], [ -99.358245030680806, 19.297681103027539 ], [ -99.359497919381795, 19.303482315016034 ], [ -99.355775319263856, 19.306045628469597 ], [ -99.352685812374304, 19.308172868893756 ], [ -99.344796320393996, 19.313604513098483 ], [ -99.341400025025479, 19.315942495996556 ], [ -99.338743489410149, 19.317798382222254 ], [ -99.338031789593074, 19.31945142793878 ], [ -99.337242300639161, 19.320409176174749 ], [ -99.336261958054052, 19.321868185151267 ], [ -99.335878963104008, 19.322233190567044 ], [ -99.335304281723083, 19.322689622601136 ], [ -99.335041294940098, 19.3230999431002 ], [ -99.334395073199332, 19.323761421836867 ], [ -99.334353250866883, 19.323841212819513 ], [ -99.33418005054402, 19.324171653155155 ], [ -99.334157455121812, 19.324854756563784 ], [ -99.334086659669623, 19.325424104564064 ], [ -99.333895803440399, 19.32592536663886 ], [ -99.33372879174388, 19.326358278204921 ], [ -99.333489317692553, 19.326540866106292 ], [ -99.333081813738772, 19.326655454473194 ], [ -99.332866230733785, 19.32679245999395 ], [ -99.332770477418791, 19.326883710136293 ], [ -99.332723153865331, 19.327202558701408 ], [ -99.332963460059375, 19.327429807399795 ], [ -99.333059767296305, 19.327611781361242 ], [ -99.333084490202197, 19.327976035846063 ], [ -99.33298901314042, 19.328203897480158 ], [ -99.332629888795381, 19.328523315066949 ], [ -99.332450210944572, 19.32862610199253 ], [ -99.332270532867128, 19.32872888874326 ], [ -99.331935298750864, 19.329002723991309 ], [ -99.331791895907401, 19.329253440961505 ], [ -99.331744110185198, 19.329344602807243 ], [ -99.331648400725356, 19.329458620533973 ], [ -99.331624829448657, 19.329663581460977 ], [ -99.331769060352642, 19.329822700647249 ], [ -99.3318173059657, 19.329959225207595 ], [ -99.331817765742301, 19.330186911611619 ], [ -99.331866287418848, 19.330460047988488 ], [ -99.331851989858151, 19.3306125884504 ], [ -99.331842808257761, 19.330710546669991 ], [ -99.331794976177221, 19.330778939881728 ], [ -99.331651249914174, 19.330870276248806 ], [ -99.331411675169136, 19.331007324186199 ], [ -99.331076710279348, 19.331417769710722 ], [ -99.330861669573949, 19.331827997044726 ], [ -99.33069505654754, 19.33246582349571 ], [ -99.330791685231901, 19.332807179001328 ], [ -99.330888314327666, 19.333148533965726 ], [ -99.33110450379867, 19.333307522502075 ], [ -99.331248737461621, 19.333466641523309 ], [ -99.331369123748459, 19.333694110388411 ], [ -99.331417416152689, 19.333853403616679 ], [ -99.331514185034138, 19.334263064545226 ], [ -99.331587152661214, 19.334763843541559 ], [ -99.331486102691656, 19.335456777880637 ], [ -99.331472527824516, 19.336216935861923 ], [ -99.331457997836097, 19.336503805019493 ], [ -99.33145889500689, 19.336948409614028 ], [ -99.331490096843666, 19.337435985485431 ], [ -99.331566162510896, 19.337694005570381 ], [ -99.331476464092617, 19.338167459141442 ], [ -99.331356055247866, 19.338397152209531 ], [ -99.331145252217866, 19.338756088642562 ], [ -99.331100069695168, 19.338827881389015 ], [ -99.33102481358155, 19.338971439409502 ], [ -99.331055320775206, 19.339114805334567 ], [ -99.33113118416702, 19.339272430991546 ], [ -99.331191909693231, 19.339415741986617 ], [ -99.331252953532243, 19.339716815831217 ], [ -99.331203088110911, 19.339838390246836 ], [ -99.331094588034063, 19.339900453729509 ], [ -99.330877504536204, 19.339983336417113 ], [ -99.330776287436578, 19.340066008609309 ], [ -99.33071133394219, 19.340176111108523 ], [ -99.330545522690002, 19.340547610020945 ], [ -99.330473410162028, 19.340698969652859 ], [ -99.330393986655551, 19.340815972312932 ], [ -99.330177205644915, 19.341050082491883 ], [ -99.330104748950745, 19.341119123223557 ], [ -99.329938685052142, 19.341277357732565 ], [ -99.329873702908685, 19.341373711905966 ], [ -99.329816404212437, 19.341690021397 ], [ -99.329802334911776, 19.341896268019998 ], [ -99.32973749048044, 19.342061362279466 ], [ -99.329708647688648, 19.342123280808796 ], [ -99.329578516839362, 19.342233500801704 ], [ -99.329448289275874, 19.342295602607525 ], [ -99.329238471100481, 19.342392218316498 ], [ -99.329166122323358, 19.34242671919754 ], [ -99.329014458371304, 19.342633214223245 ], [ -99.32900033290916, 19.342811964724863 ], [ -99.32913827131425, 19.342983566611796 ], [ -99.329189156803537, 19.343079711236967 ], [ -99.32918228708796, 19.343265322673357 ], [ -99.329037781564338, 19.343430560551102 ], [ -99.328965459833796, 19.343478809382116 ], [ -99.328860799870995, 19.343532797002222 ], [ -99.32875613983866, 19.343586784562831 ], [ -99.328575195382697, 19.344386837595625 ], [ -99.328526968571694, 19.344846767367148 ], [ -99.328478741511333, 19.345306697106636 ], [ -99.328522361269506, 19.346053029921126 ], [ -99.328411570770342, 19.346826298576957 ], [ -99.328174105897048, 19.34745317880498 ], [ -99.327951586917493, 19.348533210072663 ], [ -99.327881881094328, 19.348786581737116 ], [ -99.327869010158892, 19.349373070850351 ], [ -99.327994123813795, 19.349703604602407 ], [ -99.32801018001075, 19.349746022329221 ], [ -99.328207200569693, 19.349958928292548 ], [ -99.32839047250647, 19.350318474814287 ], [ -99.328559249153344, 19.350451458201601 ], [ -99.328615739375437, 19.350611301539235 ], [ -99.328682262333174, 19.350680193145358 ], [ -99.328719873786355, 19.350720584076534 ], [ -99.328763492770619, 19.350764315799552 ], [ -99.328911246441663, 19.350917329933406 ], [ -99.328939839064233, 19.351170524893824 ], [ -99.329207449730518, 19.351569904502945 ], [ -99.329404821825889, 19.351956081939402 ], [ -99.32941964030833, 19.352342589343202 ], [ -99.32944828751171, 19.352622441601831 ], [ -99.32928025670536, 19.352862663176523 ], [ -99.328845573910002, 19.35318333875087 ], [ -99.328467273872306, 19.353610541753739 ], [ -99.328046577005665, 19.353904532692162 ], [ -99.327499280442709, 19.35409212021445 ], [ -99.327204248534116, 19.35402600659696 ], [ -99.326923206548614, 19.353933209859111 ], [ -99.326923304112853, 19.353982182596461 ], [ -99.326923843842138, 19.354253099081916 ], [ -99.326798228197589, 19.354639858673359 ], [ -99.326686654865924, 19.355026592984341 ], [ -99.326588911718076, 19.355306672309734 ], [ -99.326406645463749, 19.355453615429994 ], [ -99.326111955879853, 19.355560773398754 ], [ -99.325971764806951, 19.35568098322312 ], [ -99.325902000110787, 19.355907696591807 ], [ -99.32567765653954, 19.356081371801338 ], [ -99.32513016505294, 19.356175651288293 ], [ -99.324919731322723, 19.35628265692279 ], [ -99.324723524976804, 19.356482938300481 ], [ -99.324700852658708, 19.356512398383476 ], [ -99.324569447261538, 19.356683144398229 ], [ -99.324415685425009, 19.357043294967763 ], [ -99.324135851026639, 19.357563614978087 ], [ -99.324109251965396, 19.357595870462941 ], [ -99.323827639169082, 19.357937369078719 ], [ -99.323575546043813, 19.358284364978424 ], [ -99.323351144214172, 19.358431379927964 ], [ -99.322958328524308, 19.358632007930957 ], [ -99.3223969146065, 19.358792947807697 ], [ -99.322022041500091, 19.358775822687097 ], [ -99.321835133496009, 19.358767283923317 ], [ -99.321413628026136, 19.35866139866085 ], [ -99.321076251867026, 19.358488719831335 ], [ -99.320865369315086, 19.358369132609308 ], [ -99.320415674981504, 19.35820997915182 ], [ -99.320191139860569, 19.358235798419528 ], [ -99.319962355064149, 19.358245064278929 ], [ -99.319719656948962, 19.358303105017971 ], [ -99.319644946031204, 19.358303236160651 ], [ -99.319532836494815, 19.35828127346516 ], [ -99.319378658968475, 19.358237225049955 ], [ -99.319285106480692, 19.358153183257048 ], [ -99.319210240415231, 19.358073540548617 ], [ -99.319098131090229, 19.358051577581879 ], [ -99.319023463370925, 19.358073867363853 ], [ -99.318944048664321, 19.358056279371858 ], [ -99.318771193802618, 19.358012263144587 ], [ -99.318677788095229, 19.358003562837578 ], [ -99.318649909272708, 19.358074521335695 ], [ -99.318659420286423, 19.358163142413776 ], [ -99.318654888585968, 19.358234060975668 ], [ -99.318598984512846, 19.358300637070428 ], [ -99.318426284313176, 19.358336394195632 ], [ -99.318342251702177, 19.358345404874253 ], [ -99.318169396687054, 19.358301388079202 ], [ -99.318075870548796, 19.358230641270715 ], [ -99.318019760058903, 19.358190852284395 ], [ -99.317860853469739, 19.358115787631846 ], [ -99.317543203701817, 19.35804986346005 ], [ -99.317435849775208, 19.358072210039612 ], [ -99.31740548135258, 19.358063399195935 ], [ -99.317375112933163, 19.358054588347038 ], [ -99.317272231283582, 19.357974993647932 ], [ -99.317225382796153, 19.357895301298061 ], [ -99.317164551798356, 19.357828928945331 ], [ -99.317043061234912, 19.357784821611094 ], [ -99.316959071629796, 19.357815991007943 ], [ -99.316912437357445, 19.357847095368609 ], [ -99.316840791011259, 19.357894074771846 ], [ -99.316673575673335, 19.358026825802547 ], [ -99.316243606718004, 19.358375752824266 ], [ -99.315893151250336, 19.358603434886561 ], [ -99.315638305705178, 19.358785535828819 ], [ -99.315351705635223, 19.359043382688348 ], [ -99.315208565236432, 19.359255565625258 ], [ -99.315144998862976, 19.359376781685629 ], [ -99.315065540765474, 19.359528301729462 ], [ -99.314938058761001, 19.359589075262019 ], [ -99.314810460459711, 19.35958929588352 ], [ -99.314746661308419, 19.359589406160747 ], [ -99.314635012792579, 19.359589599092065 ], [ -99.314555234825178, 19.359574598652198 ], [ -99.314379816179937, 19.359590039821001 ], [ -99.314236442067468, 19.359681117270075 ], [ -99.314004013092088, 19.35981675938892 ], [ -99.313893694608396, 19.359829033485418 ], [ -99.313689840668118, 19.359752853309043 ], [ -99.313638821380238, 19.359704605538894 ], [ -99.313579221921117, 19.359608036882118 ], [ -99.313349712649099, 19.359431201225725 ], [ -99.313137533115238, 19.359439622129884 ], [ -99.312993302045939, 19.359472093842058 ], [ -99.312959000490551, 19.359485360530613 ], [ -99.312836392985204, 19.359532783015418 ], [ -99.312622424820319, 19.359557417323014 ], [ -99.311801137496914, 19.359651972075017 ], [ -99.311611799650592, 19.359946363164344 ], [ -99.311788823634728, 19.360163698752604 ], [ -99.311912708296887, 19.360315793768656 ], [ -99.311933966201835, 19.360335897210071 ], [ -99.311955323690682, 19.360408364097218 ], [ -99.311972398971164, 19.360460698464014 ], [ -99.312002297976363, 19.360561346505346 ], [ -99.312027891794202, 19.36062977815256 ], [ -99.312049165078975, 19.360657937493873 ], [ -99.312121357880699, 19.360681981593274 ], [ -99.312146848293395, 19.360696035797719 ], [ -99.312172338710425, 19.360710089998609 ], [ -99.312223419223912, 19.360790561834225 ], [ -99.312232014427835, 19.360846938682819 ], [ -99.312193964664033, 19.360923535357138 ], [ -99.312083829204326, 19.361032479342146 ], [ -99.311990677031375, 19.361145422134388 ], [ -99.312007936280921, 19.361294427464401 ], [ -99.311974398388784, 19.361511995318565 ], [ -99.311957744318562, 19.361681198596965 ], [ -99.311902971157082, 19.361890746869232 ], [ -99.311831260276179, 19.362120463978563 ], [ -99.311801766890667, 19.362233297642472 ], [ -99.311742619234749, 19.36237437786156 ], [ -99.311670685965979, 19.362487284156593 ], [ -99.311547878384374, 19.362628473264358 ], [ -99.31148424925702, 19.362644694001503 ], [ -99.3114290927859, 19.362652844285918 ], [ -99.311369684680002, 19.362656973854193 ], [ -99.31124233463278, 19.36264107970058 ], [ -99.311123380887267, 19.362576835471724 ], [ -99.311042699427716, 19.362552805490651 ], [ -99.311013014481674, 19.362564940106445 ], [ -99.310953713302496, 19.362625460936382 ], [ -99.310924058878769, 19.362653707365745 ], [ -99.31089901490715, 19.362875288475983 ], [ -99.310928936626922, 19.362988020540396 ], [ -99.310933340971857, 19.363072599930344 ], [ -99.310916517710353, 19.363153188509305 ], [ -99.310874169370265, 19.363201596454189 ], [ -99.310789312332858, 19.363213825223159 ], [ -99.310704424760601, 19.363209942125508 ], [ -99.310606789944956, 19.363198024794041 ], [ -99.310543152872938, 19.363210217248806 ], [ -99.3105008806602, 19.363298904221526 ], [ -99.310513727045546, 19.363359302316965 ], [ -99.310556258576852, 19.363407565417582 ], [ -99.31059035552029, 19.363484038683836 ], [ -99.310573806634835, 19.363709633214668 ], [ -99.310569684661758, 19.363774087759609 ], [ -99.310595362314928, 19.363886827107493 ], [ -99.310612414657427, 19.363927077713271 ], [ -99.310633878863015, 19.364055936119072 ], [ -99.310616986702016, 19.364100272601693 ], [ -99.310583156585309, 19.364164777368675 ], [ -99.310502611681642, 19.364213250378299 ], [ -99.310324538007308, 19.364306197725174 ], [ -99.310150639599939, 19.364362885152229 ], [ -99.31010821456168, 19.364371013354997 ], [ -99.310061591183057, 19.364403316969259 ], [ -99.309998098259143, 19.364492040412841 ], [ -99.309955848268615, 19.364592811579932 ], [ -99.30986692144441, 19.364697690152028 ], [ -99.309701632237619, 19.364818810467941 ], [ -99.309587172444765, 19.364887480609962 ], [ -99.309468612927816, 19.365032689067757 ], [ -99.309396676942029, 19.365145594469404 ], [ -99.309350227955349, 19.365270540446861 ], [ -99.309329174846113, 19.365359191541984 ], [ -99.30934201337557, 19.365415561298491 ], [ -99.309363317231075, 19.365459832761879 ], [ -99.309384621098232, 19.365504104222303 ], [ -99.309427213667448, 19.365584591222206 ], [ -99.309457013289446, 19.365632876203062 ], [ -99.309461325757709, 19.365669120595058 ], [ -99.309440234658751, 19.365737631918183 ], [ -99.309376687697636, 19.365798159450801 ], [ -99.309181757546938, 19.365867167018308 ], [ -99.309113730319936, 19.365891249394721 ], [ -99.308952470948284, 19.365899579058087 ], [ -99.308719123070148, 19.365940254133182 ], [ -99.308579296192107, 19.366061330714587 ], [ -99.308511550178395, 19.36614603288055 ], [ -99.308439484258528, 19.366190462648479 ], [ -99.308371609354964, 19.366206689505098 ], [ -99.308261263391472, 19.366206876376872 ], [ -99.30815945856115, 19.366235244055783 ], [ -99.30801954022499, 19.366307984281352 ], [ -99.307968838222806, 19.366428909587182 ], [ -99.307930868398913, 19.366549812435952 ], [ -99.307947965763844, 19.366614231476483 ], [ -99.307977976963272, 19.366775299473407 ], [ -99.307939938994281, 19.366859951168003 ], [ -99.307901825355245, 19.36690432329215 ], [ -99.307829736252287, 19.366936668953191 ], [ -99.307634477672238, 19.366920887132494 ], [ -99.307451989167959, 19.366925222928458 ], [ -99.307282248032692, 19.366937593871146 ], [ -99.307146527531728, 19.366986158531315 ], [ -99.307010874820733, 19.367070974699605 ], [ -99.306938785463885, 19.367103320010646 ], [ -99.306820003439952, 19.367131716023902 ], [ -99.306726345128752, 19.367321744434701 ], [ -99.306604412096803, 19.367452399147368 ], [ -99.306370564399643, 19.367626724807977 ], [ -99.306253712553598, 19.367752539280193 ], [ -99.306167350743621, 19.367849314118583 ], [ -99.306137031915128, 19.367970151505965 ], [ -99.306132121592853, 19.368066788881542 ], [ -99.306167864954233, 19.36812470624065 ], [ -99.306259633474923, 19.36819702326104 ], [ -99.30635640254431, 19.368221018166718 ], [ -99.306407427254754, 19.368283741214572 ], [ -99.306397336064407, 19.368332072756143 ], [ -99.306382095448058, 19.368349008049464 ], [ -99.306366854830259, 19.368365944246772 ], [ -99.306366972184549, 19.368428752519744 ], [ -99.30640814953891, 19.368670255991638 ], [ -99.306383192339368, 19.368936028497668 ], [ -99.306347773693773, 19.369052042582158 ], [ -99.306307435729963, 19.369259863038117 ], [ -99.306226191012101, 19.36937112365159 ], [ -99.306181204147322, 19.369815693190578 ], [ -99.30618159211987, 19.3700234450979 ], [ -99.306100527351646, 19.370231333992187 ], [ -99.305851519955766, 19.370468493843916 ], [ -99.305780464964428, 19.370584568135151 ], [ -99.305740026821695, 19.370739242611275 ], [ -99.305679144259628, 19.370850467869019 ], [ -99.305618216584762, 19.370937536811923 ], [ -99.305430099315245, 19.371068301843088 ], [ -99.30510970116427, 19.37124277155749 ], [ -99.305028328811588, 19.371286391031777 ], [ -99.304983478512511, 19.371324849450147 ], [ -99.30496674683279, 19.371339196592007 ], [ -99.304906346579742, 19.371392887411471 ], [ -99.304845687813724, 19.371624898379807 ], [ -99.30481038430608, 19.37180372176833 ], [ -99.304790299381565, 19.371953530036265 ], [ -99.304739624385604, 19.37207923314941 ], [ -99.30468337136297, 19.372195779088738 ], [ -99.304622884862468, 19.372267855282885 ], [ -99.304592501284844, 19.372354872307262 ], [ -99.304577426180018, 19.372461189525726 ], [ -99.304648913802282, 19.372577024779602 ], [ -99.304705057061241, 19.372654234060523 ], [ -99.304781635735253, 19.372770060734588 ], [ -99.30480725181998, 19.372856984005949 ], [ -99.304827839940771, 19.37297773586976 ], [ -99.304792329527459, 19.373045435242631 ], [ -99.304746691204954, 19.373142141189348 ], [ -99.304655198894963, 19.373219597620551 ], [ -99.3045127796223, 19.373287476313269 ], [ -99.304431468909357, 19.373364915597591 ], [ -99.304416411561718, 19.373480895670838 ], [ -99.304386135317458, 19.373625889916472 ], [ -99.304371185570844, 19.373799847245124 ], [ -99.304335755527376, 19.373911029923779 ], [ -99.304303825303791, 19.374018684642053 ], [ -99.304248664551523, 19.374110671229595 ], [ -99.304186538592901, 19.374176414680115 ], [ -99.304100186832045, 19.374232352268233 ], [ -99.303941261218611, 19.374314666244839 ], [ -99.303823803615941, 19.374380501971551 ], [ -99.303723643081796, 19.37444959026535 ], [ -99.303595913977887, 19.374571235818483 ], [ -99.303475113281024, 19.374699433644665 ], [ -99.303447587249877, 19.374774964568442 ], [ -99.303433881943519, 19.374843908529506 ], [ -99.303485907237359, 19.374925870718577 ], [ -99.303544836884058, 19.375001257011295 ], [ -99.303669552000855, 19.375119199420308 ], [ -99.303752646854633, 19.375171572065309 ], [ -99.303825470484611, 19.375279755543318 ], [ -99.30391566450308, 19.375430574528703 ], [ -99.303957467669264, 19.37559460302241 ], [ -99.303947372911395, 19.375745589463754 ], [ -99.303871547103483, 19.375883558740664 ], [ -99.303598771146923, 19.376113750566635 ], [ -99.303325708948265, 19.376189691377462 ], [ -99.303132156009582, 19.376249089120762 ], [ -99.302921275250895, 19.376288823312692 ], [ -99.302796778043685, 19.376289030956904 ], [ -99.302665273411364, 19.376240020363365 ], [ -99.302505993790732, 19.376131980614435 ], [ -99.302429797170348, 19.376069750070684 ], [ -99.301546216149049, 19.375132576415705 ], [ -99.301421357678592, 19.374935865778898 ], [ -99.301393136657595, 19.374633971924197 ], [ -99.301139249945194, 19.372449852518702 ], [ -99.300929325240872, 19.370643877329549 ], [ -99.300969931214425, 19.370158080146982 ], [ -99.301121461921625, 19.369816506161008 ], [ -99.300442534677003, 19.369086042025494 ], [ -99.300371339051281, 19.369006696703675 ], [ -99.299643435148596, 19.368195765513423 ], [ -99.299027980915497, 19.367510078409879 ], [ -99.298924901845439, 19.367497626896473 ], [ -99.298705434702782, 19.36746643626471 ], [ -99.298615693454792, 19.367476048750849 ], [ -99.298565879328976, 19.367504526235795 ], [ -99.298330117487311, 19.367653201881076 ], [ -99.298720140462763, 19.368239408415324 ], [ -99.298667220104164, 19.368387784252263 ], [ -99.298518247898087, 19.368731933082731 ], [ -99.298408944182924, 19.368952968337769 ], [ -99.298306179957962, 19.369114046169852 ], [ -99.298229838769572, 19.369180428068297 ], [ -99.298047144608532, 19.36926275953093 ], [ -99.297758160284545, 19.369395746086202 ], [ -99.297532190803963, 19.369446596954621 ], [ -99.29735264875805, 19.369434269982271 ], [ -99.296997774825186, 19.369304628689893 ], [ -99.29661534183515, 19.369222226631013 ], [ -99.29636354251906, 19.3691754902176 ], [ -99.296223461754138, 19.369167048846194 ], [ -99.295967612459194, 19.369124118096156 ], [ -99.295787916871021, 19.369098402025443 ], [ -99.295678290327558, 19.369092800539406 ], [ -99.295599149181484, 19.369107378049833 ], [ -99.295516973545261, 19.369127740042568 ], [ -99.295419635904423, 19.369182804146821 ], [ -99.295334555858517, 19.369281195238447 ], [ -99.295176533437555, 19.369454839260154 ], [ -99.295054971501145, 19.369585077122846 ], [ -99.294896880920518, 19.369721153678263 ], [ -99.294732648314252, 19.369828342092521 ], [ -99.294629225370272, 19.369886305426 ], [ -99.294507522520831, 19.369938518688372 ], [ -99.294272222222276, 19.369961111140761 ], [ -99.294172767489385, 19.370140397860016 ], [ -99.294147544416802, 19.370080846951897 ], [ -99.294134911505836, 19.370039153196871 ], [ -99.294077198169731, 19.36999048195365 ], [ -99.294020104218433, 19.369944413755437 ], [ -99.29400141670483, 19.369929335089282 ], [ -99.293987137120808, 19.369960455867087 ], [ -99.293972857530747, 19.369991576249898 ], [ -99.29377696888065, 19.370388383341012 ], [ -99.293622100293774, 19.370820108533383 ], [ -99.293438365171056, 19.371143039508912 ], [ -99.293189415486381, 19.371644884477998 ], [ -99.292972876956242, 19.371948431989772 ], [ -99.292923844667058, 19.372014592704513 ], [ -99.292884829148875, 19.372095518869969 ], [ -99.292854471884141, 19.372158529425157 ], [ -99.292740356746918, 19.372477460486056 ], [ -99.292667082047359, 19.372730244459575 ], [ -99.292601763000746, 19.372850851574402 ], [ -99.292429902191444, 19.372944419729137 ], [ -99.292204759952881, 19.373018637451626 ], [ -99.29191806836026, 19.373030758997633 ], [ -99.291742193854773, 19.373267513911571 ], [ -99.291640315396961, 19.373462679071057 ], [ -99.291583076485026, 19.373521078696594 ], [ -99.291415220452564, 19.373564106349093 ], [ -99.291370365874727, 19.37367690592815 ], [ -99.291256067243737, 19.373894770075591 ], [ -99.291189418277909, 19.374054296566761 ], [ -99.291107767543707, 19.374249730385351 ], [ -99.291865193393747, 19.374172393097137 ], [ -99.29218559044989, 19.373918131736353 ], [ -99.292337147666544, 19.373943263083021 ], [ -99.292408628485219, 19.374044647153514 ], [ -99.292470843900048, 19.374336789561664 ], [ -99.292392116183763, 19.374780540692157 ], [ -99.292481467728933, 19.374907270730318 ], [ -99.292499624840573, 19.375093322847857 ], [ -99.292660412875776, 19.375296062124978 ], [ -99.292714069397746, 19.375397474714635 ], [ -99.292821291976509, 19.375549550545596 ], [ -99.292799101242252, 19.375600333280691 ], [ -99.292776910498802, 19.375651120834057 ], [ -99.292732710247151, 19.375854189699538 ], [ -99.292643871456022, 19.376015039141055 ], [ -99.292635215606154, 19.376158843136839 ], [ -99.292546467143083, 19.376370441820665 ], [ -99.29252051435077, 19.376810311988802 ], [ -99.292958669341516, 19.377613139797379 ], [ -99.292973675221759, 19.377819168394844 ], [ -99.293021935175943, 19.378103615730989 ], [ -99.293013491300499, 19.378365834693067 ], [ -99.292951586180877, 19.378636597963997 ], [ -99.292925483012553, 19.378991885945428 ], [ -99.292801021971471, 19.379169709243047 ], [ -99.292703480250267, 19.379448987993086 ], [ -99.292532236483765, 19.379677319268755 ], [ -99.292454752978259, 19.379914590954797 ], [ -99.292770331767045, 19.380303561496621 ], [ -99.293249747559358, 19.380894466701637 ], [ -99.293222939753718, 19.380928993008371 ], [ -99.291533495968139, 19.383104824143718 ], [ -99.291301924078937, 19.383457987002387 ], [ -99.28682844997563, 19.383013139280706 ], [ -99.286934859197487, 19.382020889733145 ], [ -99.287026781979662, 19.38100410665237 ], [ -99.287118374085281, 19.380802256212537 ], [ -99.287343225603706, 19.380704494682671 ], [ -99.287673170766396, 19.380919570048356 ], [ -99.287953052692146, 19.380956329757787 ], [ -99.288196194950473, 19.380880465436412 ], [ -99.288281736288951, 19.380704494682696 ], [ -99.288589685107596, 19.380132589733133 ], [ -99.289068397973793, 19.38019473034559 ], [ -99.28909804506219, 19.380198578765757 ], [ -99.289762823464301, 19.37989551802325 ], [ -99.289877501696481, 19.379340264245283 ], [ -99.290083261195917, 19.378654690364634 ], [ -99.290110573195093, 19.378466670334078 ], [ -99.290123617609495, 19.378256390108806 ], [ -99.290148473279615, 19.378125433459278 ], [ -99.290085276258168, 19.37773618382796 ], [ -99.289853053104764, 19.377648960184867 ], [ -99.289594339428376, 19.377494206119444 ], [ -99.289454244168198, 19.377309230907166 ], [ -99.289611676045553, 19.376858498510391 ], [ -99.290064991009544, 19.376103958854348 ], [ -99.289644532880274, 19.375994180912766 ], [ -99.289297887536037, 19.376897738223423 ], [ -99.288203485199105, 19.376487072766697 ], [ -99.287773637011043, 19.37632579402359 ], [ -99.287651112924152, 19.376687640595204 ], [ -99.287593051658092, 19.376761364129937 ], [ -99.287602868518249, 19.376828844399668 ], [ -99.28765479266491, 19.376942277964414 ], [ -99.287732638623908, 19.377089418417668 ], [ -99.286908045974911, 19.376961864796364 ], [ -99.286818542093172, 19.377541856042381 ], [ -99.286902665263568, 19.37758160729939 ], [ -99.286877296774378, 19.37786390237984 ], [ -99.286793672781485, 19.378109473395742 ], [ -99.28632801091058, 19.378033506978852 ], [ -99.286286289602828, 19.378208448056331 ], [ -99.286189818920604, 19.378503126848187 ], [ -99.286135080267428, 19.378629000520217 ], [ -99.285898932876037, 19.378543467993726 ], [ -99.285953323713926, 19.378218175583587 ], [ -99.286004958045524, 19.378165938602109 ], [ -99.285955742841594, 19.377751837278268 ], [ -99.285926005093032, 19.377383724723803 ], [ -99.285679597714136, 19.377556493067615 ], [ -99.285632176886224, 19.377589741530102 ], [ -99.285048635256217, 19.378020399889728 ], [ -99.285060586536218, 19.37842034896207 ], [ -99.285062142425033, 19.378472416535221 ], [ -99.285068976474832, 19.37870111644386 ], [ -99.285077354223688, 19.378981474801154 ], [ -99.285092820417489, 19.379054237167676 ], [ -99.284870535812956, 19.379134650570073 ], [ -99.284648605001934, 19.379418865624295 ], [ -99.284449720779108, 19.379724880805099 ], [ -99.284365542252942, 19.379834192278125 ], [ -99.284281249967407, 19.379877995954207 ], [ -99.28407408898461, 19.379834647102758 ], [ -99.283368175753779, 19.379668339120066 ], [ -99.283230031007292, 19.379617603589796 ], [ -99.283107150516614, 19.379523172241406 ], [ -99.282970011501618, 19.380054727769018 ], [ -99.282548183175081, 19.380062661975604 ], [ -99.282441194413238, 19.380288466107594 ], [ -99.281998408065263, 19.380244728013626 ], [ -99.281733636625887, 19.38093411129341 ], [ -99.281362033433766, 19.381133233332243 ], [ -99.280857026279762, 19.381486985596435 ], [ -99.280555245595963, 19.381735634949813 ], [ -99.280381169615339, 19.381895844381042 ], [ -99.280311788227408, 19.382105528225583 ], [ -99.280277097468485, 19.382210370359669 ], [ -99.280248161740829, 19.382282112457318 ], [ -99.280248463618534, 19.382458598199449 ], [ -99.279427327321329, 19.382930755100247 ], [ -99.278728867141638, 19.383332367351141 ], [ -99.278686465216239, 19.383356747625214 ], [ -99.278612436389935, 19.383387566428308 ], [ -99.278471237831198, 19.383446348422545 ], [ -99.278402091826919, 19.383487259158457 ], [ -99.278000276610683, 19.383778520646004 ], [ -99.277603198913852, 19.384089160290291 ], [ -99.276631557961323, 19.384697737459643 ], [ -99.276520634501225, 19.384728880444236 ], [ -99.276044289834857, 19.384847306391634 ], [ -99.27601200475651, 19.385057980883452 ], [ -99.275946954335367, 19.385194366661462 ], [ -99.275823308172662, 19.385423764285626 ], [ -99.274976119477287, 19.386094206356073 ], [ -99.27448402291428, 19.386383175322994 ], [ -99.274275000419024, 19.386504824877523 ], [ -99.273961401520339, 19.386648692504611 ], [ -99.273850227956018, 19.386759850045429 ], [ -99.273532338927851, 19.387256009084439 ], [ -99.273451249177754, 19.387421587256608 ], [ -99.273277261408538, 19.387642456479231 ], [ -99.273138677873163, 19.388183153132495 ], [ -99.273081257848361, 19.388602394457607 ], [ -99.272826287447828, 19.389055022463285 ], [ -99.272733608999886, 19.38924267845259 ], [ -99.272827132689955, 19.389562419345083 ], [ -99.272990326591767, 19.38983793407531 ], [ -99.273025657996371, 19.390113640639335 ], [ -99.272839932647045, 19.390268344733048 ], [ -99.272166184935045, 19.390534083464697 ], [ -99.271515938969458, 19.390954209565429 ], [ -99.271306944984858, 19.391097916899625 ], [ -99.271179099411654, 19.391109137962655 ], [ -99.270725162187176, 19.390745811586623 ], [ -99.270142945195389, 19.390128975759872 ], [ -99.26989887927931, 19.39015139889597 ], [ -99.269713641380861, 19.390603919521276 ], [ -99.269423913648012, 19.391133807471821 ], [ -99.269110627845663, 19.391476213269531 ], [ -99.268739057623108, 19.39171943120386 ], [ -99.26849562212314, 19.392127915018548 ], [ -99.268193667515789, 19.392293816356478 ], [ -99.268077661537987, 19.392437382404161 ], [ -99.268136937950288, 19.39314323959303 ], [ -99.268090983212232, 19.393474218853608 ], [ -99.268021255145214, 19.393636804436291 ], [ -99.267951526942952, 19.393799390869678 ], [ -99.267856548932244, 19.394085542088341 ], [ -99.267676062229981, 19.394305083181965 ], [ -99.267525793877937, 19.394572248185728 ], [ -99.267365228943888, 19.394686888858093 ], [ -99.267285008647207, 19.394782343886487 ], [ -99.267365587018276, 19.394906163638932 ], [ -99.267365820547639, 19.395049168927947 ], [ -99.267265692792748, 19.395259057720811 ], [ -99.267175534034038, 19.395421263266073 ], [ -99.267075296946786, 19.395564416152684 ], [ -99.266894745415115, 19.395745821725232 ], [ -99.266774211799458, 19.395765066029231 ], [ -99.266683881451797, 19.395822400790095 ], [ -99.266623800920684, 19.39594642710917 ], [ -99.266503577510449, 19.396156344944544 ], [ -99.266463839179892, 19.396432880718127 ], [ -99.266484166158122, 19.396575856543507 ], [ -99.266564744828898, 19.396699676623108 ], [ -99.266715544758895, 19.396756657325223 ], [ -99.266886392412104, 19.39678500813287 ], [ -99.266956846629014, 19.396861174357596 ], [ -99.26693686119529, 19.396927939650293 ], [ -99.266916937922545, 19.39703283967701 ], [ -99.266876998050478, 19.397185437617352 ], [ -99.266857230120706, 19.397385674473924 ], [ -99.266827244041394, 19.397481055549701 ], [ -99.266777520933118, 19.397795740827881 ], [ -99.266767660185565, 19.397910159770895 ], [ -99.266747892046098, 19.398110396602284 ], [ -99.26671795237678, 19.398234378703851 ], [ -99.266738202146044, 19.398329686052776 ], [ -99.266798578671597, 19.39838679969397 ], [ -99.266979553009051, 19.39846280366676 ], [ -99.267190544705514, 19.398462493702027 ], [ -99.267381441951201, 19.398462213046685 ], [ -99.267431693643431, 19.398471672838941 ], [ -99.267582573428612, 19.398576321588081 ], [ -99.267612917739697, 19.398700215086762 ], [ -99.267593057040628, 19.398843249454952 ], [ -99.267623572871045, 19.39907201388047 ], [ -99.267613774997358, 19.399224567572457 ], [ -99.26749331681539, 19.399291480781901 ], [ -99.267282355190019, 19.399310858083812 ], [ -99.266790147450337, 19.399378317395595 ], [ -99.26643843056803, 19.399340698388176 ], [ -99.266146935489132, 19.399264855724866 ], [ -99.26595606826865, 19.399284202460066 ], [ -99.265855734878286, 19.399370152559491 ], [ -99.265765711817565, 19.399618160516994 ], [ -99.265374130044506, 19.399780805535755 ], [ -99.26526360967847, 19.399780966835046 ], [ -99.26507263366581, 19.399733576871341 ], [ -99.265022242787012, 19.399638313285969 ], [ -99.26505196785871, 19.399380859901843 ], [ -99.264830480344258, 19.399104705215926 ], [ -99.26483024897712, 19.398961699961269 ], [ -99.264729622230377, 19.398866509454866 ], [ -99.264629041838262, 19.398799919942451 ], [ -99.264367705648922, 19.398733564208175 ], [ -99.264146435546948, 19.398590880230891 ], [ -99.264025945625676, 19.398638723789503 ], [ -99.263845571732901, 19.39893453056758 ], [ -99.263695354372018, 19.399239827131172 ], [ -99.263635331764107, 19.399401987194455 ], [ -99.263575140169522, 19.399459276711251 ], [ -99.263434508828212, 19.399478547962936 ], [ -99.263082899677798, 19.399507658248993 ], [ -99.262882076346528, 19.399584218410951 ], [ -99.262701301523506, 19.399632148262079 ], [ -99.26259085770684, 19.399679976358989 ], [ -99.262530528021344, 19.39965146237116 ], [ -99.262399913116397, 19.399651650946172 ], [ -99.262108556666362, 19.39966160496045 ], [ -99.26202810194691, 19.399614052405365 ], [ -99.26189716673133, 19.399414033225774 ], [ -99.261676050226114, 19.399366683095497 ], [ -99.261605749715102, 19.399385851687089 ], [ -99.2614249747202, 19.399433780271938 ], [ -99.261133755464272, 19.399529535894249 ], [ -99.2609733483675, 19.399749041514045 ], [ -99.260883196113625, 19.399920777647086 ], [ -99.260602296215168, 19.400188124351139 ], [ -99.260271052521006, 19.400388806756581 ], [ -99.259979891447003, 19.400522695291183 ], [ -99.259738891067002, 19.400608843161471 ] ] ] ] } },
{ "type": "Feature", "properties": { "ID": 10.0, "ENTIDAD": 9, "MUNICIPIO": 15, "NOMBRE": "CUAUHTEMOC", "CONTROL": 13.0, "GEOMETRY1_": null, "ClaveEnt": "09" }, "geometry": { "type": "MultiPolygon", "coordinates": [ [ [ [ -99.141825779685874, 19.465809491039742 ], [ -99.141679091202377, 19.465784310425036 ], [ -99.141590785110751, 19.465770131440109 ], [ -99.141557222217386, 19.465756014351676 ], [ -99.141525523250678, 19.465741893515506 ], [ -99.141490091846464, 19.465722476421814 ], [ -99.141449059479172, 19.465692451643431 ], [ -99.141406158610209, 19.465657129147989 ], [ -99.141348320337045, 19.465591761489204 ], [ -99.141324069443968, 19.46556879524627 ], [ -99.141302778453451, 19.465549408252269 ], [ -99.141256910105113, 19.465501669197604 ], [ -99.141209448817747, 19.465462375865556 ], [ -99.141143145185481, 19.465425737566481 ], [ -99.141076027269648, 19.465406342772496 ], [ -99.141021958330114, 19.465388705715455 ], [ -99.140945525434233, 19.465374621857148 ], [ -99.140803001040311, 19.465360799329957 ], [ -99.140286787120189, 19.465334240025921 ], [ -99.139834704544455, 19.465292636162282 ], [ -99.138608037543449, 19.465219079952863 ], [ -99.137454517407761, 19.465164398657706 ], [ -99.136153896490683, 19.465117233435979 ], [ -99.134940452718524, 19.465073549301206 ], [ -99.134731681783279, 19.465066032174125 ], [ -99.134521732846196, 19.465083415496618 ], [ -99.134276619969441, 19.465103710005891 ], [ -99.1341931625265, 19.46510675901974 ], [ -99.134086076984502, 19.465100863827011 ], [ -99.133990019363608, 19.465100934851261 ], [ -99.13385459631634, 19.465104022110999 ], [ -99.133745936071961, 19.465098127880033 ], [ -99.133638855445668, 19.465098206850385 ], [ -99.13355696659103, 19.465093786376208 ], [ -99.133471918531569, 19.465077419329031 ], [ -99.133405765844216, 19.465059544729815 ], [ -99.133344337314924, 19.465041666631482 ], [ -99.133319135776929, 19.465034217128107 ], [ -99.133289206433332, 19.465022287224947 ], [ -99.133191549747707, 19.46499248989489 ], [ -99.133103340158883, 19.464961188918842 ], [ -99.133029300588646, 19.464926890286286 ], [ -99.132966083496441, 19.464901870132106 ], [ -99.132942663344181, 19.464892600861983 ], [ -99.132838686046384, 19.464835919985568 ], [ -99.132786489064983, 19.464807044897753 ], [ -99.132698473429102, 19.464758355066376 ], [ -99.132441672887879, 19.464607688464305 ], [ -99.132317208963045, 19.464531605348029 ], [ -99.132192745154029, 19.46445552214497 ], [ -99.131364928882803, 19.463963957479145 ], [ -99.13098278445861, 19.463729013282343 ], [ -99.130437006342447, 19.463401457553175 ], [ -99.129498727277166, 19.462863786649219 ], [ -99.12914583148472, 19.462656426812227 ], [ -99.128772450290001, 19.462429663920744 ], [ -99.128414831115762, 19.462220812387876 ], [ -99.128054061138116, 19.462008975148525 ], [ -99.127802363833837, 19.461880437379701 ], [ -99.127521600202087, 19.461731536190321 ], [ -99.127449815382278, 19.461704463775639 ], [ -99.127378021708708, 19.461677491160721 ], [ -99.126450101400664, 19.46136453707755 ], [ -99.126349365919623, 19.461331369857206 ], [ -99.126248752825944, 19.46129817006215 ], [ -99.125380678601417, 19.46101070132481 ], [ -99.124520765023647, 19.460721569003937 ], [ -99.124087617604232, 19.460581648711774 ], [ -99.12366187608184, 19.460438433630653 ], [ -99.123215544715848, 19.460296006460698 ], [ -99.122778695789734, 19.460156603888144 ], [ -99.122348612821312, 19.46001935913074 ], [ -99.122276222448875, 19.459996478597585 ], [ -99.122141290799675, 19.45995063255145 ], [ -99.122272449701185, 19.45978871292305 ], [ -99.122394709738884, 19.459638023420894 ], [ -99.123132384986334, 19.45851209469231 ], [ -99.123311752348059, 19.457872837377632 ], [ -99.123537010400312, 19.457070020350542 ], [ -99.123547178225124, 19.457027169727684 ], [ -99.123675887940919, 19.45648474184523 ], [ -99.123711850466847, 19.456337538787214 ], [ -99.123784489036922, 19.456040211245295 ], [ -99.124089269312108, 19.454792658501333 ], [ -99.124148671035385, 19.454549508004991 ], [ -99.124254477381598, 19.454116406518761 ], [ -99.124440849592318, 19.453353515735081 ], [ -99.124779992624198, 19.452002210641773 ], [ -99.124874152159322, 19.451853440006264 ], [ -99.125025519638768, 19.451522931352176 ], [ -99.125054442436451, 19.451454484976139 ], [ -99.125217278788142, 19.451069128353257 ], [ -99.125455356539447, 19.450198815428354 ], [ -99.125551879835172, 19.449844911712852 ], [ -99.125670292778565, 19.449247394438039 ], [ -99.125861663020657, 19.448281721862539 ], [ -99.125868666529769, 19.448225855007657 ], [ -99.125937578241988, 19.447676145610838 ], [ -99.125673087045215, 19.447108832675831 ], [ -99.12556302052846, 19.446938927501254 ], [ -99.125371028745207, 19.446642556628067 ], [ -99.124566107620268, 19.445317908188546 ], [ -99.124451719014445, 19.44495955522989 ], [ -99.124439316500414, 19.444920700930638 ], [ -99.124363584219978, 19.444753687596783 ], [ -99.124199993107155, 19.444392916800215 ], [ -99.123723991237512, 19.443648319099452 ], [ -99.123699070486595, 19.443609335973935 ], [ -99.123661458803966, 19.443552580033302 ], [ -99.123022078755938, 19.442634809464025 ], [ -99.123167123419591, 19.4415749477091 ], [ -99.123254847313333, 19.440860170373384 ], [ -99.123335453311057, 19.44020000767668 ], [ -99.123409973493111, 19.439598729550852 ], [ -99.123613074307286, 19.438639563879249 ], [ -99.12378589709067, 19.437490342874764 ], [ -99.12395113633228, 19.436429526816372 ], [ -99.124082747705216, 19.435591142718 ], [ -99.12421949962625, 19.434731159462565 ], [ -99.12436668299506, 19.4339535071461 ], [ -99.124537863527024, 19.432817391434821 ], [ -99.124672995684321, 19.431972398526764 ], [ -99.124773844417803, 19.431311899149772 ], [ -99.1247861914119, 19.431231033296619 ], [ -99.124845813463622, 19.430840541332959 ], [ -99.124994837882028, 19.429830784990234 ], [ -99.125111351729302, 19.42919898252444 ], [ -99.125176676960791, 19.428755581635155 ], [ -99.125236584448317, 19.428348952060972 ], [ -99.125345113779289, 19.427683244998292 ], [ -99.125467516456339, 19.426810844968781 ], [ -99.125504331367353, 19.426556146049887 ], [ -99.125512378007144, 19.426492144420866 ], [ -99.125598426164402, 19.425880847002482 ], [ -99.125628597233856, 19.42566650668179 ], [ -99.125632790636715, 19.425636716002511 ], [ -99.125640198713, 19.425574722468472 ], [ -99.125645790194596, 19.425530083229045 ], [ -99.125658789735951, 19.425423450453582 ], [ -99.125665821977236, 19.425365766252707 ], [ -99.125787655729752, 19.424366379664114 ], [ -99.125856654407244, 19.423800387029555 ], [ -99.125900374863377, 19.423490543316234 ], [ -99.125961174282111, 19.42305966028545 ], [ -99.126021485889254, 19.422947217590139 ], [ -99.126056546954828, 19.422882086446712 ], [ -99.126091099088583, 19.422817433138086 ], [ -99.1265875056352, 19.421710953869916 ], [ -99.12713303937069, 19.42049495232618 ], [ -99.127162494172978, 19.420300314488866 ], [ -99.127354498332224, 19.419031536385983 ], [ -99.127406887482664, 19.418685341478287 ], [ -99.12762283453101, 19.41743540985955 ], [ -99.127840906994749, 19.415984030193929 ], [ -99.127899745364218, 19.415576587432831 ], [ -99.128039146188627, 19.414611259328371 ], [ -99.128168473651797, 19.413717470819659 ], [ -99.128001494543938, 19.413640087418955 ], [ -99.127866404910961, 19.413468332233073 ], [ -99.127856515184831, 19.413388289313136 ], [ -99.12771986923147, 19.412282331111157 ], [ -99.127459827906691, 19.411042841952113 ], [ -99.126711732598125, 19.408942687277577 ], [ -99.126166279861977, 19.406824601927038 ], [ -99.125825246021208, 19.40523183057828 ], [ -99.125697829602473, 19.404566904566824 ], [ -99.12568620668182, 19.404419001671162 ], [ -99.125681041270667, 19.404353271177396 ], [ -99.125850426436813, 19.404318458975872 ], [ -99.127184537800531, 19.404044265098477 ], [ -99.127917289349384, 19.403819896526706 ], [ -99.128719718503078, 19.403577939542423 ], [ -99.128778527750583, 19.403560206584398 ], [ -99.128994623534751, 19.403501483980062 ], [ -99.130067586579131, 19.403209908921252 ], [ -99.130559531145693, 19.403131774275394 ], [ -99.131103072270804, 19.403104313265885 ], [ -99.131619453448323, 19.403128356252868 ], [ -99.13201117290447, 19.403154550654715 ], [ -99.132522504952306, 19.40318874230416 ], [ -99.133258370752557, 19.403237287135706 ], [ -99.133731649439554, 19.403264358026796 ], [ -99.133866218672765, 19.403272264628299 ], [ -99.134281346938536, 19.403296795437008 ], [ -99.136271518331426, 19.403411174562994 ], [ -99.136380845808759, 19.403417457195175 ], [ -99.136500978877805, 19.403424360707046 ], [ -99.136612361817583, 19.403428826254512 ], [ -99.137342401499581, 19.403458093195223 ], [ -99.138199124473758, 19.403515188841276 ], [ -99.138296757644795, 19.403520416572746 ], [ -99.139086212534721, 19.403562685698216 ], [ -99.140078861908663, 19.4036189931102 ], [ -99.140156115082732, 19.403623370585915 ], [ -99.140904385478009, 19.403665768885059 ], [ -99.142690989590037, 19.40375444972679 ], [ -99.142739055241734, 19.403757063564342 ], [ -99.143383807283314, 19.403791892871745 ], [ -99.144140779874533, 19.403832446354979 ], [ -99.144719962469097, 19.403863702377308 ], [ -99.144990198857514, 19.403879818575565 ], [ -99.145082703993239, 19.403883208780218 ], [ -99.14512241506317, 19.40388525030286 ], [ -99.147626888482591, 19.404019946315099 ], [ -99.149726347754211, 19.404038977015755 ], [ -99.150039061679237, 19.404041771672535 ], [ -99.150064393788199, 19.404042000707733 ], [ -99.150106903353233, 19.404042385041421 ], [ -99.150143662359454, 19.404042717375749 ], [ -99.150189829677998, 19.40404278758022 ], [ -99.150238462236473, 19.404043615828648 ], [ -99.150293688765018, 19.404044073671454 ], [ -99.150321834274493, 19.40404437324116 ], [ -99.15037249170355, 19.404044912407873 ], [ -99.150406417622506, 19.404045273486638 ], [ -99.152419175673316, 19.404066684246896 ], [ -99.155226332096319, 19.404056546054679 ], [ -99.155263686572084, 19.404056410854707 ], [ -99.155291706758831, 19.40405630943404 ], [ -99.155392991374882, 19.404055942792528 ], [ -99.15550825722238, 19.40405556916987 ], [ -99.155548259647063, 19.404055439488907 ], [ -99.155585952304904, 19.404055317287828 ], [ -99.156236199979574, 19.404053207927969 ], [ -99.156678855169901, 19.404027298615407 ], [ -99.157147196807145, 19.403944839560559 ], [ -99.157682609222192, 19.403785542159653 ], [ -99.159137302050979, 19.403353735931265 ], [ -99.159701977840399, 19.403191792631993 ], [ -99.160179497287118, 19.403049473038191 ], [ -99.160202725333775, 19.403042550127616 ], [ -99.160222549431921, 19.403036641730477 ], [ -99.160254192156614, 19.403027210890755 ], [ -99.160287239909849, 19.403017361287574 ], [ -99.16045098952246, 19.402968556994793 ], [ -99.160478195720856, 19.402960448382874 ], [ -99.160500206860888, 19.402953888117164 ], [ -99.161295381241288, 19.402716889838196 ], [ -99.162168509872018, 19.402439866574124 ], [ -99.162191051163518, 19.402432714682391 ], [ -99.162212849135344, 19.402425798627593 ], [ -99.162278204807023, 19.402405062577916 ], [ -99.162760547131953, 19.402236345936476 ], [ -99.163035433021818, 19.402140193944902 ], [ -99.165284044864691, 19.401314498844513 ], [ -99.167910849566852, 19.400397900955191 ], [ -99.170201824725112, 19.39986028376288 ], [ -99.170231317385046, 19.399853171508727 ], [ -99.17028020411135, 19.399841299986207 ], [ -99.170348554858705, 19.399824701847663 ], [ -99.170411594864703, 19.400055943104395 ], [ -99.170461584801188, 19.400291203792996 ], [ -99.170495171612828, 19.400449268336608 ], [ -99.17077282923114, 19.401755954210792 ], [ -99.170818544180023, 19.401932748506592 ], [ -99.170911368251836, 19.4023139678809 ], [ -99.170995656293428, 19.402694782998182 ], [ -99.171145525771394, 19.403371891802397 ], [ -99.171176613728349, 19.403512346143867 ], [ -99.171306728594686, 19.403554318825336 ], [ -99.171690391854099, 19.40367776126314 ], [ -99.172580789406979, 19.403964239999386 ], [ -99.173493592046128, 19.404257992283561 ], [ -99.173945917942703, 19.404403555228019 ], [ -99.174398244917498, 19.404549116275007 ], [ -99.17686622162465, 19.405359347931981 ], [ -99.177115600050755, 19.405441215947238 ], [ -99.17781222092475, 19.405680401277479 ], [ -99.178222965123581, 19.405824225354941 ], [ -99.178952415276285, 19.406079642946139 ], [ -99.180702152052703, 19.406687781845164 ], [ -99.181209547475319, 19.406864128294853 ], [ -99.182509134712888, 19.407311054834736 ], [ -99.184276666032432, 19.407918887878644 ], [ -99.183471942478533, 19.40940763279632 ], [ -99.182899188122974, 19.410467214188195 ], [ -99.182349158741161, 19.411387984343907 ], [ -99.182195017713155, 19.411527565835591 ], [ -99.181172553623512, 19.413327526238451 ], [ -99.179875939589223, 19.415609968961714 ], [ -99.179837373114523, 19.41567786327256 ], [ -99.17891303132285, 19.417013787655282 ], [ -99.177860737083591, 19.418945882056057 ], [ -99.177813131898276, 19.419088841107605 ], [ -99.177758421370925, 19.419454889928602 ], [ -99.177733003386024, 19.419730282663163 ], [ -99.177718554024139, 19.419956865288643 ], [ -99.177689530170767, 19.420295003570846 ], [ -99.177678743269198, 19.420511125590391 ], [ -99.177682655861503, 19.420730718893122 ], [ -99.177679497140687, 19.421204772913214 ], [ -99.17767630431797, 19.421647455927104 ], [ -99.177683964784222, 19.4219350160663 ], [ -99.177691625281895, 19.42222257619596 ], [ -99.177699215713176, 19.422445651526129 ], [ -99.17770322313217, 19.422752386386652 ], [ -99.177685107092998, 19.422985943859871 ], [ -99.177659555894607, 19.423139338241011 ], [ -99.177582621796319, 19.423341582216882 ], [ -99.177456041874393, 19.423684153577561 ], [ -99.177588200592069, 19.423716319007521 ], [ -99.17703083206716, 19.424601287493228 ], [ -99.176735877109081, 19.425110727185384 ], [ -99.175596508168937, 19.426877753326085 ], [ -99.174847453354758, 19.42795192229519 ], [ -99.174778751235763, 19.428054470057717 ], [ -99.174000874279301, 19.429219462626445 ], [ -99.173552742811808, 19.429977598250229 ], [ -99.173021752607553, 19.430967441369447 ], [ -99.172329378352401, 19.432258107549156 ], [ -99.171370331353558, 19.433713090769505 ], [ -99.171079708553876, 19.434157147388326 ], [ -99.169530625522526, 19.436219857048812 ], [ -99.168758153639658, 19.43762995599295 ], [ -99.168494111051004, 19.438144523278179 ], [ -99.168188182878353, 19.438740712831617 ], [ -99.167630305824659, 19.439916657081412 ], [ -99.167384144414811, 19.44033579819704 ], [ -99.165584515694164, 19.443424611219033 ], [ -99.165590730758353, 19.443526597023311 ], [ -99.165600781368809, 19.44369310989698 ], [ -99.165318323730347, 19.445169382661682 ], [ -99.165024140221576, 19.446689256690306 ], [ -99.164643107497582, 19.448258648050345 ], [ -99.164421181096486, 19.449172700731886 ], [ -99.164240771237559, 19.449982260807655 ], [ -99.164237048566051, 19.450034791391772 ], [ -99.164233325892283, 19.450087321975435 ], [ -99.164253552750608, 19.45182038061353 ], [ -99.164207594611753, 19.452291697537021 ], [ -99.164194628527156, 19.452424668829288 ], [ -99.164170617871648, 19.452648534339424 ], [ -99.164138598159042, 19.452947072082345 ], [ -99.164079639070266, 19.453517477898739 ], [ -99.164056986304743, 19.453682503859458 ], [ -99.163979862129452, 19.454244352925038 ], [ -99.16389867499467, 19.454823432873024 ], [ -99.16385900069848, 19.45508140626443 ], [ -99.163741800842374, 19.455777763070333 ], [ -99.163605187623048, 19.456381139193354 ], [ -99.163514094375728, 19.456771719271153 ], [ -99.1634642469851, 19.457001711932087 ], [ -99.163388881194535, 19.457349443607963 ], [ -99.163360669224289, 19.457479935942516 ], [ -99.163292126068342, 19.457796976247103 ], [ -99.163228420761854, 19.458103581879211 ], [ -99.163131554856733, 19.458524465195669 ], [ -99.163073418843695, 19.458760753913602 ], [ -99.163056223835511, 19.458809018846001 ], [ -99.162995806788032, 19.458978604145539 ], [ -99.162929784216942, 19.459111546465639 ], [ -99.162852105481889, 19.459262955199097 ], [ -99.162766610463748, 19.459381150168934 ], [ -99.162673328642256, 19.45949566088985 ], [ -99.16258223744893, 19.459594168540438 ], [ -99.162560596535286, 19.459617571388446 ], [ -99.162452180365477, 19.459716950853615 ], [ -99.162313711076067, 19.459843878180099 ], [ -99.162144573566422, 19.459987986064807 ], [ -99.162029893851042, 19.460082169574463 ], [ -99.161987095641024, 19.460117318600442 ], [ -99.161728524006065, 19.46033348424988 ], [ -99.161565356471883, 19.460474995555042 ], [ -99.161546819500614, 19.460491072202714 ], [ -99.161528282525666, 19.4605071488484 ], [ -99.161372747547233, 19.460634633521607 ], [ -99.161203613856557, 19.460784277313341 ], [ -99.161062680721813, 19.460920976720857 ], [ -99.161002425703188, 19.460985626122486 ], [ -99.16089164618927, 19.461116761827519 ], [ -99.160773116156463, 19.461281125077694 ], [ -99.160702639197652, 19.461389823560189 ], [ -99.160670146617406, 19.461439937670388 ], [ -99.160580777318174, 19.461578436594845 ], [ -99.160506984975584, 19.461727995264781 ], [ -99.16042205839085, 19.46187793045943 ], [ -99.160384613367924, 19.461944038360841 ], [ -99.16026612937452, 19.462156386741658 ], [ -99.160224595558958, 19.462233840346197 ], [ -99.160114635585586, 19.462438896865176 ], [ -99.160033084081789, 19.462589483112229 ], [ -99.160013637625809, 19.462625391279449 ], [ -99.159916512920702, 19.462793426254091 ], [ -99.159811597617789, 19.462954085656477 ], [ -99.159704727280243, 19.463105518736835 ], [ -99.15968490920163, 19.463128983239599 ], [ -99.159586171140788, 19.463245888461309 ], [ -99.159418995140925, 19.463412139216342 ], [ -99.159292622894711, 19.463519294885504 ], [ -99.159144844888644, 19.463624623661957 ], [ -99.15898344428814, 19.463728118668374 ], [ -99.158835647918792, 19.463814991245535 ], [ -99.158697560651149, 19.463881553644022 ], [ -99.158557518495883, 19.463938889665624 ], [ -99.158221608219293, 19.464034782245935 ], [ -99.157868599853913, 19.464095877007711 ], [ -99.157581994348746, 19.464096126360346 ], [ -99.157060833922685, 19.464034795582538 ], [ -99.156357205760358, 19.463887124512812 ], [ -99.155966274196572, 19.463776251782541 ], [ -99.155021573533062, 19.463559276820824 ], [ -99.153629568963382, 19.463301257850123 ], [ -99.152337519705014, 19.46314142729253 ], [ -99.150769967339315, 19.462950766123317 ], [ -99.150554620633955, 19.462948257508714 ], [ -99.150320821893487, 19.462970629419559 ], [ -99.150043631571833, 19.463027887945941 ], [ -99.148634198606189, 19.463356222856362 ], [ -99.148301481736127, 19.463452770348891 ], [ -99.148198686649451, 19.463482648417052 ], [ -99.147929834525712, 19.463621448906085 ], [ -99.147718071089912, 19.463697237824189 ], [ -99.147006267627845, 19.463951985868661 ], [ -99.145802623009232, 19.464340404870629 ], [ -99.144026789687601, 19.464836972634711 ], [ -99.143281788336083, 19.465045287716546 ], [ -99.143122008874926, 19.46511132905594 ], [ -99.143060518585131, 19.465136744668111 ], [ -99.142929657247208, 19.465198196327503 ], [ -99.14272322235378, 19.465364154156536 ], [ -99.142558385925099, 19.465501186023687 ], [ -99.142532671254074, 19.465522563117087 ], [ -99.14249335602598, 19.465546472392692 ], [ -99.142334141489386, 19.465643297418801 ], [ -99.14215940168063, 19.465711259836727 ], [ -99.141992600576359, 19.465771679723918 ], [ -99.141825779685874, 19.465809491039742 ] ] ] ] } },
{ "type": "Feature", "properties": { "ID": 9.0, "ENTIDAD": 9, "MUNICIPIO": 5, "NOMBRE": "GUSTAVO A. MADERO", "CONTROL": 10.0, "GEOMETRY1_": null, "ClaveEnt": "09" }, "geometry": { "type": "MultiPolygon", "coordinates": [ [ [ [ -99.125067600686037, 19.593781300126668 ], [ -99.123115248118225, 19.59333864816611 ], [ -99.121111000233597, 19.593093341348695 ], [ -99.120277887441119, 19.592748568962055 ], [ -99.119574528950125, 19.591885711455106 ], [ -99.120091749850957, 19.587420740952219 ], [ -99.120507080788272, 19.585965143106474 ], [ -99.119099847975278, 19.583450098996604 ], [ -99.118760706627342, 19.582340331678999 ], [ -99.118350865597293, 19.581952423395379 ], [ -99.117198134123981, 19.580861365542663 ], [ -99.116312901487703, 19.580319275769504 ], [ -99.115842781628729, 19.577976262903512 ], [ -99.115021189472188, 19.575784773884472 ], [ -99.113522279635262, 19.571786448803937 ], [ -99.113329626769527, 19.571359067327499 ], [ -99.11314151428634, 19.570680099648907 ], [ -99.112504327270415, 19.568307851948582 ], [ -99.112419491615086, 19.5680471158805 ], [ -99.111485549691366, 19.563400271949554 ], [ -99.113050248947516, 19.562088696226784 ], [ -99.113367440122602, 19.561727404707085 ], [ -99.116187879879149, 19.558071951785049 ], [ -99.117023558203257, 19.557090177767176 ], [ -99.117032417506792, 19.556815816363734 ], [ -99.116994585530662, 19.554947790831555 ], [ -99.117010977585096, 19.554512598161551 ], [ -99.118568654377711, 19.553241763807648 ], [ -99.118815885149331, 19.553040056489895 ], [ -99.119182801113936, 19.552740700614049 ], [ -99.120202578901555, 19.550961273593202 ], [ -99.121233646707708, 19.548964276580421 ], [ -99.122416557005195, 19.546346269391567 ], [ -99.122605289365609, 19.545891131718356 ], [ -99.122697258720734, 19.545669341839034 ], [ -99.122877812622065, 19.5452339203976 ], [ -99.123317340811212, 19.544866314893152 ], [ -99.123375136582624, 19.544817976003447 ], [ -99.123680691151947, 19.544433595773338 ], [ -99.123824638636265, 19.544209925392519 ], [ -99.123929378888363, 19.544114628557161 ], [ -99.124069050293031, 19.544011027239339 ], [ -99.124247867893004, 19.543700387239632 ], [ -99.12437007632542, 19.543605078873508 ], [ -99.124447546621312, 19.543596620867383 ], [ -99.124525109484779, 19.543588152720741 ], [ -99.124683648161096, 19.543454892405496 ], [ -99.124930582819218, 19.543077007244801 ], [ -99.125099853320052, 19.542670120557833 ], [ -99.125704124533343, 19.542013058833597 ], [ -99.126069571505582, 19.541652522572452 ], [ -99.126249386252908, 19.54167370400004 ], [ -99.126427062882186, 19.541572855863869 ], [ -99.126560338482889, 19.541737549153329 ], [ -99.127479974883599, 19.541216914351356 ], [ -99.127861821573987, 19.540944437830014 ], [ -99.128109287363941, 19.540767851433309 ], [ -99.128701602877186, 19.53979607946836 ], [ -99.129490816820578, 19.538501246215063 ], [ -99.130436918540141, 19.536840583158362 ], [ -99.130857450464134, 19.53610242398199 ], [ -99.129746320978384, 19.535617820764969 ], [ -99.129645313045671, 19.53351301207158 ], [ -99.129556497322497, 19.531662215379352 ], [ -99.129289290981504, 19.52964785908393 ], [ -99.129287501542976, 19.529392372681421 ], [ -99.129280228172192, 19.528353910802565 ], [ -99.129232794334484, 19.526882152982633 ], [ -99.128485461213103, 19.525185904499612 ], [ -99.127734384627118, 19.52448531800346 ], [ -99.12783025109934, 19.524407940870393 ], [ -99.127834979509103, 19.524321532137133 ], [ -99.127590286691628, 19.524221657412021 ], [ -99.127441506966832, 19.524103523878772 ], [ -99.127297477510496, 19.523926267647969 ], [ -99.12726861397806, 19.523817144773258 ], [ -99.127267197588949, 19.523729408880115 ], [ -99.127234482848863, 19.523646810475551 ], [ -99.127178954437653, 19.523506612741269 ], [ -99.126989751983572, 19.523254843953602 ], [ -99.126677357779357, 19.522796906155488 ], [ -99.126605273690473, 19.522769157239633 ], [ -99.126580546199676, 19.522697796752944 ], [ -99.126506659663434, 19.522569930657969 ], [ -99.126473490429973, 19.522512528937472 ], [ -99.126418374811067, 19.522411799188305 ], [ -99.126372177832209, 19.522390838007226 ], [ -99.126326474037057, 19.522248838475779 ], [ -99.12632394833355, 19.522196532144719 ], [ -99.126243914242849, 19.521777918226935 ], [ -99.126232425999191, 19.52171150545437 ], [ -99.126116885342384, 19.521043569459454 ], [ -99.125933561939064, 19.521056165357937 ], [ -99.12583392601988, 19.52096433464305 ], [ -99.125426552081066, 19.520588870076814 ], [ -99.124786130915311, 19.519998606582092 ], [ -99.124338374290744, 19.519585915514991 ], [ -99.124332057077467, 19.519385507522045 ], [ -99.124325788233975, 19.519186633476895 ], [ -99.124175970534608, 19.519062081011214 ], [ -99.124127189277402, 19.51902152614916 ], [ -99.121776668814022, 19.517067353872694 ], [ -99.12135430074342, 19.516716197625602 ], [ -99.120931934854696, 19.516365041081244 ], [ -99.120881360378775, 19.516322993083062 ], [ -99.120788693044759, 19.516245948673149 ], [ -99.120695837933042, 19.516168748021421 ], [ -99.120666824311073, 19.516144625786172 ], [ -99.11917245481618, 19.514902175681989 ], [ -99.116820060595927, 19.512946288358794 ], [ -99.114344656415724, 19.51088802371882 ], [ -99.114036375872445, 19.510879958911012 ], [ -99.110733444092034, 19.51069416455266 ], [ -99.109492026287043, 19.510660298951226 ], [ -99.109174831794306, 19.510660490637274 ], [ -99.108944665442351, 19.511097945027675 ], [ -99.10871148077139, 19.510667712891209 ], [ -99.108690203345603, 19.510628455324934 ], [ -99.108637968900354, 19.510624738643212 ], [ -99.107830590528479, 19.51056728862557 ], [ -99.107794392605797, 19.510564713208492 ], [ -99.107607800439069, 19.510986274314934 ], [ -99.107577055881222, 19.510894568723135 ], [ -99.107499856612478, 19.510550369581573 ], [ -99.107451633297856, 19.510545958299129 ], [ -99.106822019060317, 19.510488367715109 ], [ -99.105716337249575, 19.510346807782192 ], [ -99.105598617744249, 19.510331735835308 ], [ -99.105469043702527, 19.510319996172786 ], [ -99.10392889247143, 19.511027718397081 ], [ -99.10366406108966, 19.511072371294745 ], [ -99.103492205870211, 19.511101347332044 ], [ -99.10293856642231, 19.511271892885624 ], [ -99.102363069136956, 19.511450508914585 ], [ -99.10166439928139, 19.511610675170154 ], [ -99.101517431065943, 19.511691332033291 ], [ -99.10135150549236, 19.511764492819374 ], [ -99.101280413483963, 19.511826359195407 ], [ -99.101155949036183, 19.511848911216468 ], [ -99.100986590240311, 19.511760432542317 ], [ -99.100559247425437, 19.511860639451513 ], [ -99.099717519111806, 19.512058011617288 ], [ -99.099445006580893, 19.512121910615303 ], [ -99.099173015792758, 19.512185686815162 ], [ -99.098899745145971, 19.51224976265328 ], [ -99.098638486955394, 19.512311021406553 ], [ -99.098271253357467, 19.512397128500776 ], [ -99.097739305952317, 19.512534223771723 ], [ -99.097411350722098, 19.512621864778573 ], [ -99.095887586034479, 19.511762012492959 ], [ -99.095078092876122, 19.511339797984512 ], [ -99.094608926624844, 19.511098572818682 ], [ -99.093275388030349, 19.510561720936025 ], [ -99.092713693277673, 19.510334596735373 ], [ -99.091941858200855, 19.510024859155958 ], [ -99.090575360859688, 19.509489493033367 ], [ -99.089565223526904, 19.509054132612999 ], [ -99.089285768865608, 19.508932821043263 ], [ -99.087951384327056, 19.508357452447068 ], [ -99.087022434666338, 19.507991487423936 ], [ -99.086076536082828, 19.507615883947597 ], [ -99.085273153629899, 19.507298053286636 ], [ -99.084252528609056, 19.506835702356632 ], [ -99.083337127843492, 19.50641828584881 ], [ -99.082857862766517, 19.506202354807346 ], [ -99.081486243770655, 19.505606510721396 ], [ -99.081102911260302, 19.505438983000097 ], [ -99.080114634787222, 19.505010656163623 ], [ -99.077783863986866, 19.504026210549902 ], [ -99.077185093343772, 19.503744083463847 ], [ -99.076491838613393, 19.50342070250602 ], [ -99.076145212278576, 19.503259011023374 ], [ -99.075427633274103, 19.502921537377944 ], [ -99.075105337395541, 19.502773932561009 ], [ -99.073993613283832, 19.502346794893111 ], [ -99.073495283211699, 19.502161165143761 ], [ -99.073198606897748, 19.502048063086693 ], [ -99.072752850933625, 19.501878030658368 ], [ -99.071885241108589, 19.501548383322682 ], [ -99.069019190711643, 19.500343050489022 ], [ -99.067895900205798, 19.499870769076662 ], [ -99.067007413110829, 19.49952056950827 ], [ -99.066177735818144, 19.499193449256488 ], [ -99.066118929827084, 19.499170365553901 ], [ -99.065040912284474, 19.498781131211647 ], [ -99.063962899879783, 19.498391890417736 ], [ -99.063913430733166, 19.498362661024721 ], [ -99.064058327800026, 19.498089632809531 ], [ -99.064197186976344, 19.497806413779543 ], [ -99.064794685664125, 19.496588310208143 ], [ -99.065079535702651, 19.495980509116695 ], [ -99.065474023880398, 19.495138758161637 ], [ -99.065523270009976, 19.495033677057958 ], [ -99.065938930120069, 19.494093846324461 ], [ -99.066178257465751, 19.493552709027323 ], [ -99.066345396933372, 19.493221503538056 ], [ -99.066735771776095, 19.492447925740862 ], [ -99.066770963827381, 19.492205669306486 ], [ -99.066979296517545, 19.491715967303076 ], [ -99.067158648851787, 19.491294383292335 ], [ -99.067307399785591, 19.490944728108619 ], [ -99.067503475063674, 19.490483831189081 ], [ -99.068097634176539, 19.489111351514033 ], [ -99.067869015674077, 19.489048973585177 ], [ -99.067667237585241, 19.488310507038484 ], [ -99.067488535228577, 19.487927811613581 ], [ -99.067321735837595, 19.487535034736112 ], [ -99.067048779030188, 19.486892275383138 ], [ -99.066777522912062, 19.486268089306321 ], [ -99.066359914734235, 19.485472416232884 ], [ -99.066257908240033, 19.485278061386214 ], [ -99.066035088153839, 19.484769572283259 ], [ -99.065747784228279, 19.484113921951554 ], [ -99.06542718923734, 19.483382291918613 ], [ -99.065414887559086, 19.483324342072226 ], [ -99.065116960314086, 19.482564506455741 ], [ -99.064855585834238, 19.482043052352058 ], [ -99.064776221703625, 19.481852107272029 ], [ -99.06466611942065, 19.481649147267174 ], [ -99.064546123080717, 19.481479723429324 ], [ -99.064530548416542, 19.481436949120486 ], [ -99.064514973762158, 19.481394174811985 ], [ -99.064489517861347, 19.48132426254891 ], [ -99.064318322964183, 19.480794090232159 ], [ -99.064280742293164, 19.480730679648026 ], [ -99.063984725164488, 19.480231202272151 ], [ -99.064023634317095, 19.480063196799275 ], [ -99.063908581271917, 19.480043787916888 ], [ -99.063262548796047, 19.478548291783504 ], [ -99.062590331244778, 19.476992145175718 ], [ -99.062621882113518, 19.476584053767883 ], [ -99.062452683162547, 19.476639448499771 ], [ -99.061888565814641, 19.475262333665395 ], [ -99.06147627617257, 19.474255841380749 ], [ -99.061413783985088, 19.474107938011777 ], [ -99.060826738601264, 19.472718533112666 ], [ -99.060641553932001, 19.472312224786545 ], [ -99.06042580334605, 19.471838849840697 ], [ -99.059139371447316, 19.469016289943095 ], [ -99.059079624588264, 19.46888519628623 ], [ -99.058033655267451, 19.466471758730517 ], [ -99.057897214795929, 19.466156934748852 ], [ -99.057850754559126, 19.466049731563817 ], [ -99.057798807152281, 19.465929867000952 ], [ -99.057746859894038, 19.465810002587588 ], [ -99.057724063097737, 19.465757400623971 ], [ -99.057701317336935, 19.465704916384087 ], [ -99.057655645921628, 19.465599532702129 ], [ -99.057626027577882, 19.465531190310131 ], [ -99.057596325793071, 19.46546265531741 ], [ -99.057568082524824, 19.465397485700802 ], [ -99.056664911674943, 19.463280876827643 ], [ -99.056064106182191, 19.461872836961859 ], [ -99.055940562481354, 19.461721753677146 ], [ -99.055330804983754, 19.46034056976065 ], [ -99.055043074445109, 19.459688811169801 ], [ -99.054640883647011, 19.458777770441817 ], [ -99.054439832219941, 19.458337638698666 ], [ -99.05429941281659, 19.458030237590652 ], [ -99.054112604355737, 19.457621282182927 ], [ -99.053929500968309, 19.457197680761197 ], [ -99.0537521573238, 19.456787402742957 ], [ -99.053571324101185, 19.456369048970544 ], [ -99.053390491808244, 19.455950694996325 ], [ -99.053214834263713, 19.455551652186802 ], [ -99.053035351285132, 19.455141503798167 ], [ -99.052851023877835, 19.454720833849599 ], [ -99.052669063392415, 19.45430600175732 ], [ -99.052487624942955, 19.45389235749057 ], [ -99.052306187415553, 19.453478713021315 ], [ -99.052133981871918, 19.453086113659595 ], [ -99.051949982365443, 19.452666586598582 ], [ -99.051839598700397, 19.452414414384208 ], [ -99.051821245376033, 19.452372486010088 ], [ -99.051801433398495, 19.452327953395759 ], [ -99.051787331842121, 19.452294042888632 ], [ -99.051774645619162, 19.452263535870355 ], [ -99.051708256204364, 19.452095812588166 ], [ -99.051166485955633, 19.45072709422967 ], [ -99.050926765663377, 19.450121460606294 ], [ -99.050955644101037, 19.450085725771171 ], [ -99.051030352942419, 19.450000292237668 ], [ -99.051057835735762, 19.44996887394117 ], [ -99.052397081577084, 19.448608497675934 ], [ -99.052489222812227, 19.44851490144729 ], [ -99.052581363941698, 19.448421305171127 ], [ -99.052864402692137, 19.448317728205748 ], [ -99.053656429246814, 19.448027886020189 ], [ -99.053953472504304, 19.44791818706004 ], [ -99.054029731710358, 19.447890016054007 ], [ -99.054642977562068, 19.447663441423103 ], [ -99.054663241026475, 19.447652247266397 ], [ -99.055440574661205, 19.447365087557667 ], [ -99.056262295817888, 19.447061525649701 ], [ -99.05632700478192, 19.447037949360283 ], [ -99.056557442027383, 19.446953990808325 ], [ -99.056978788255776, 19.446800474629811 ], [ -99.057028489899523, 19.446782148838398 ], [ -99.057897525271997, 19.446461446425612 ], [ -99.058607165482854, 19.446195252406337 ], [ -99.059479956586088, 19.445872804096279 ], [ -99.059548413576337, 19.445847512771806 ], [ -99.059607119435796, 19.445825823959929 ], [ -99.0603842041306, 19.445538728583088 ], [ -99.060454185249753, 19.445512873716041 ], [ -99.060534851195911, 19.445486797990355 ], [ -99.061447534350251, 19.445145872230949 ], [ -99.061526176815477, 19.445120066222991 ], [ -99.062098341200013, 19.444905422118953 ], [ -99.062243535426518, 19.44485177757219 ], [ -99.062498605380199, 19.44494476711747 ], [ -99.062564493191132, 19.444960641560364 ], [ -99.062649872291999, 19.444991963096918 ], [ -99.062753658937709, 19.445027793740081 ], [ -99.062899407652907, 19.445075008631918 ], [ -99.063372757297174, 19.445235474394202 ], [ -99.063491129177351, 19.445275226600693 ], [ -99.063983607907318, 19.445444289389336 ], [ -99.064104081132314, 19.445483136670472 ], [ -99.064704286380191, 19.445686439456903 ], [ -99.064741711732495, 19.445747600971774 ], [ -99.065205560980431, 19.445906475180287 ], [ -99.065306780061348, 19.445943351057501 ], [ -99.066823102673283, 19.446474470993444 ], [ -99.067015000817307, 19.446543446506489 ], [ -99.067048282365818, 19.446560708534786 ], [ -99.067092090929137, 19.446583430559254 ], [ -99.067169181078668, 19.446623414578884 ], [ -99.067215412665846, 19.446655303911733 ], [ -99.067250126504376, 19.446679299038291 ], [ -99.067581635816182, 19.446550191256538 ], [ -99.0676906472345, 19.446514281371446 ], [ -99.067824477602727, 19.446469795143269 ], [ -99.067959007025621, 19.446426717917543 ], [ -99.068115647511959, 19.44640443652327 ], [ -99.068245955737595, 19.446397294961791 ], [ -99.06837365630966, 19.446402092296026 ], [ -99.068787008751045, 19.446508956123633 ], [ -99.06927617313174, 19.446669862879446 ], [ -99.069725289802363, 19.446829000622099 ], [ -99.069858680768945, 19.446876137273151 ], [ -99.070506321905327, 19.447105473566406 ], [ -99.074015646605702, 19.448311867530997 ], [ -99.074472529644211, 19.448468923030557 ], [ -99.07572168049056, 19.448904266446814 ], [ -99.076882429870693, 19.449285659510668 ], [ -99.077822337836437, 19.449612070257245 ], [ -99.077981340447096, 19.449597876647147 ], [ -99.078023885324711, 19.44959234379008 ], [ -99.078249262449702, 19.449647675325583 ], [ -99.078395877898288, 19.449693761706946 ], [ -99.078507772331278, 19.449730925758502 ], [ -99.078757694373138, 19.449763895151172 ], [ -99.078926241048762, 19.449774847805241 ], [ -99.079190687320903, 19.449796784371877 ], [ -99.079376674735769, 19.449818754901361 ], [ -99.079507458411271, 19.449857288307079 ], [ -99.07972252231086, 19.449915079937913 ], [ -99.07987365275963, 19.44996463004393 ], [ -99.080050939009979, 19.450019681437002 ], [ -99.080260191532204, 19.450077474992604 ], [ -99.080463795139678, 19.45009411545924 ], [ -99.080690075943522, 19.45009287813825 ], [ -99.081102205848993, 19.449810211012821 ], [ -99.08206897896828, 19.449147123766284 ], [ -99.083524436657129, 19.448109688591757 ], [ -99.083631809671942, 19.448032980173817 ], [ -99.08445439336289, 19.447514849900504 ], [ -99.085275203939958, 19.446997536445295 ], [ -99.085799011549128, 19.446616345543053 ], [ -99.086688999629004, 19.445962959281452 ], [ -99.086719729631255, 19.445946302685563 ], [ -99.087019088819687, 19.445728445001578 ], [ -99.087045379754699, 19.445785804958408 ], [ -99.087086804437874, 19.445876407719606 ], [ -99.087122106682187, 19.445953914036824 ], [ -99.08713142113271, 19.445974439440864 ], [ -99.087253353802581, 19.446243130803797 ], [ -99.087276835826131, 19.446279747373008 ], [ -99.087317888201227, 19.44634376212953 ], [ -99.087448813342831, 19.446537800391315 ], [ -99.087916765176772, 19.447007136177039 ], [ -99.088414174237684, 19.447476599024725 ], [ -99.088623269254271, 19.44767394511442 ], [ -99.088972759330034, 19.447968905226233 ], [ -99.089389229896, 19.448339992725394 ], [ -99.089711741416494, 19.448637318509171 ], [ -99.09007419538618, 19.448971465541707 ], [ -99.090424012626102, 19.449293960746861 ], [ -99.090638723363668, 19.449491900799181 ], [ -99.09080427877457, 19.449652550511878 ], [ -99.090998807205679, 19.449841314120686 ], [ -99.091322454846988, 19.450155374281209 ], [ -99.091736897961567, 19.450557537630605 ], [ -99.091847134730116, 19.450664507635263 ], [ -99.09211202126653, 19.45092019124197 ], [ -99.09245901131915, 19.45123712124445 ], [ -99.092706562481069, 19.451427244529111 ], [ -99.09297184875588, 19.451612684759084 ], [ -99.093176246202489, 19.45171587921898 ], [ -99.093469948124422, 19.451824846243554 ], [ -99.093799965459766, 19.451913693305141 ], [ -99.094248011405739, 19.451945047879843 ], [ -99.094808725935152, 19.451881019148274 ], [ -99.095392738714395, 19.451694924382746 ], [ -99.096033780843456, 19.451455951149534 ], [ -99.096743600211568, 19.451192820861802 ], [ -99.097442913990022, 19.450944836278012 ], [ -99.097981575753479, 19.450718508020326 ], [ -99.098487538205973, 19.450508189711812 ], [ -99.099083940940687, 19.450256798449537 ], [ -99.099864700892923, 19.449994547823117 ], [ -99.100449306893196, 19.449918579297279 ], [ -99.100927873107935, 19.449953386321734 ], [ -99.101376314862478, 19.450058647711202 ], [ -99.101792564950642, 19.450187404614734 ], [ -99.101959482514161, 19.450239031525712 ], [ -99.102556567411625, 19.450486305482201 ], [ -99.103036241514843, 19.450673751722693 ], [ -99.103460023977107, 19.450832007752744 ], [ -99.104083006739614, 19.451090601706873 ], [ -99.104283131696945, 19.451171647714787 ], [ -99.104729419100224, 19.451338720765524 ], [ -99.105364366100574, 19.45157748654357 ], [ -99.105990493412961, 19.451810657388545 ], [ -99.106613834959376, 19.452057444573107 ], [ -99.106822446343799, 19.452141783601878 ], [ -99.107261791916386, 19.452303653505489 ], [ -99.107897966028574, 19.45254076378616 ], [ -99.108545737114511, 19.452765419656995 ], [ -99.108721061442296, 19.452840666217028 ], [ -99.108896539192642, 19.452915849609731 ], [ -99.108972230050739, 19.452929829313454 ], [ -99.10936311429893, 19.453302218300134 ], [ -99.109731215992923, 19.453574649994348 ], [ -99.110149046893724, 19.453705592427006 ], [ -99.110383900027514, 19.453753328734766 ], [ -99.110588384580453, 19.453796301579764 ], [ -99.110838243170463, 19.453846728125303 ], [ -99.111070913450234, 19.453911118470579 ], [ -99.111483597175294, 19.454058665931623 ], [ -99.111918260409425, 19.454254077971033 ], [ -99.11211554965513, 19.454384597809401 ], [ -99.112194905160109, 19.454437096585622 ], [ -99.112511087751102, 19.454670051029467 ], [ -99.112637416506658, 19.454774203118774 ], [ -99.112931838314381, 19.455016939121403 ], [ -99.112966794297677, 19.455045758494698 ], [ -99.11339709554818, 19.455400517890411 ], [ -99.113528694461053, 19.455509013342358 ], [ -99.113817691948952, 19.455751439976517 ], [ -99.11422723873855, 19.456094987807372 ], [ -99.11427074800541, 19.456131485362832 ], [ -99.114330729457265, 19.45617534264008 ], [ -99.114356477455772, 19.456194169064993 ], [ -99.114390710941336, 19.456219199897028 ], [ -99.114412470766169, 19.45623511023333 ], [ -99.114458165247655, 19.45626852107933 ], [ -99.114541028282417, 19.456329108726912 ], [ -99.114912884657201, 19.456622012457395 ], [ -99.115347179511147, 19.456964095396707 ], [ -99.115751223727003, 19.45728234844222 ], [ -99.11607386590201, 19.457537813665592 ], [ -99.11622577036097, 19.457658153926083 ], [ -99.116681029562571, 19.458021300756148 ], [ -99.116808303222285, 19.458122822700894 ], [ -99.11703659249433, 19.458265807163198 ], [ -99.1171008418886, 19.458306048400637 ], [ -99.117294264320748, 19.458384210012852 ], [ -99.117629179335125, 19.458468989969465 ], [ -99.11789850892032, 19.458555583986914 ], [ -99.11836487781315, 19.458705528307448 ], [ -99.118841814595442, 19.458858868825967 ], [ -99.1193510171273, 19.459022581435942 ], [ -99.119828515488436, 19.459180310504301 ], [ -99.120330712344725, 19.459346388248203 ], [ -99.120799271063575, 19.459501252961161 ], [ -99.121110552764847, 19.45960413475208 ], [ -99.121541897524253, 19.459746697511996 ], [ -99.121888102186574, 19.459861119889215 ], [ -99.121970907409207, 19.459890395015265 ], [ -99.122141290799675, 19.45995063255145 ], [ -99.122276222448875, 19.459996478597585 ], [ -99.122348612821312, 19.46001935913074 ], [ -99.122778695789734, 19.460156603888144 ], [ -99.123215544715848, 19.460296006460698 ], [ -99.12366187608184, 19.460438433630653 ], [ -99.124087617604232, 19.460581648711774 ], [ -99.124520765023647, 19.460721569003937 ], [ -99.125380678601417, 19.46101070132481 ], [ -99.126248752825944, 19.46129817006215 ], [ -99.126349365919623, 19.461331369857206 ], [ -99.126450101400664, 19.46136453707755 ], [ -99.127378021708708, 19.461677491160721 ], [ -99.127449815382278, 19.461704463775639 ], [ -99.127521600202087, 19.461731536190321 ], [ -99.127802363833837, 19.461880437379701 ], [ -99.128054061138116, 19.462008975148525 ], [ -99.128414831115762, 19.462220812387876 ], [ -99.128772450290001, 19.462429663920744 ], [ -99.12914583148472, 19.462656426812227 ], [ -99.129498727277166, 19.462863786649219 ], [ -99.130437006342447, 19.463401457553175 ], [ -99.13098278445861, 19.463729013282343 ], [ -99.131364928882803, 19.463963957479145 ], [ -99.132192745154029, 19.46445552214497 ], [ -99.132317208963045, 19.464531605348029 ], [ -99.132441672887879, 19.464607688464305 ], [ -99.132698473429102, 19.464758355066376 ], [ -99.132786489064983, 19.464807044897753 ], [ -99.132838686046384, 19.464835919985568 ], [ -99.132942663344181, 19.464892600861983 ], [ -99.132966083496441, 19.464901870132106 ], [ -99.133029300588646, 19.464926890286286 ], [ -99.133103340158883, 19.464961188918842 ], [ -99.133191549747707, 19.46499248989489 ], [ -99.133289206433332, 19.465022287224947 ], [ -99.133319135776929, 19.465034217128107 ], [ -99.133344337314924, 19.465041666631482 ], [ -99.133405765844216, 19.465059544729815 ], [ -99.133471918531569, 19.465077419329031 ], [ -99.13355696659103, 19.465093786376208 ], [ -99.133638855445668, 19.465098206850385 ], [ -99.133745936071961, 19.465098127880033 ], [ -99.13385459631634, 19.465104022110999 ], [ -99.133990019363608, 19.465100934851261 ], [ -99.134086076984502, 19.465100863827011 ], [ -99.1341931625265, 19.46510675901974 ], [ -99.134276619969441, 19.465103710005891 ], [ -99.134521732846196, 19.465083415496618 ], [ -99.134731681783279, 19.465066032174125 ], [ -99.134940452718524, 19.465073549301206 ], [ -99.136153896490683, 19.465117233435979 ], [ -99.137454517407761, 19.465164398657706 ], [ -99.138608037543449, 19.465219079952863 ], [ -99.139834704544455, 19.465292636162282 ], [ -99.140286787120189, 19.465334240025921 ], [ -99.140803001040311, 19.465360799329957 ], [ -99.140945525434233, 19.465374621857148 ], [ -99.141021958330114, 19.465388705715455 ], [ -99.141076027269648, 19.465406342772496 ], [ -99.141143145185481, 19.465425737566481 ], [ -99.141209448817747, 19.465462375865556 ], [ -99.141256910105113, 19.465501669197604 ], [ -99.141302778453451, 19.465549408252269 ], [ -99.141324069443968, 19.46556879524627 ], [ -99.141348320337045, 19.465591761489204 ], [ -99.141406158610209, 19.465657129147989 ], [ -99.141449059479172, 19.465692451643431 ], [ -99.141490091846464, 19.465722476421814 ], [ -99.141525523250678, 19.465741893515506 ], [ -99.141557222217386, 19.465756014351676 ], [ -99.141590785110751, 19.465770131440109 ], [ -99.141679091202377, 19.465784310425036 ], [ -99.141825779685874, 19.465809491039742 ], [ -99.141992600576359, 19.465771679723918 ], [ -99.14215940168063, 19.465711259836727 ], [ -99.142334141489386, 19.465643297418801 ], [ -99.14249335602598, 19.465546472392692 ], [ -99.142532671254074, 19.465522563117087 ], [ -99.142558385925099, 19.465501186023687 ], [ -99.14272322235378, 19.465364154156536 ], [ -99.142929657247208, 19.465198196327503 ], [ -99.143060518585131, 19.465136744668111 ], [ -99.143031334982254, 19.465325199835146 ], [ -99.143034296723883, 19.465460693702951 ], [ -99.143051335051439, 19.465638803994338 ], [ -99.143642100316683, 19.467158598364176 ], [ -99.143681764949974, 19.467270091227924 ], [ -99.143708155534767, 19.46734427212975 ], [ -99.144401033327881, 19.469238210750348 ], [ -99.144466762784873, 19.469417875690446 ], [ -99.144662117928675, 19.469965832435115 ], [ -99.145047311944111, 19.470987098395003 ], [ -99.145823113365239, 19.473014222470134 ], [ -99.145863760196576, 19.473116836430449 ], [ -99.145904487184481, 19.473219339627793 ], [ -99.146512064443229, 19.474743667932156 ], [ -99.146908139232863, 19.475800855204209 ], [ -99.147071854655721, 19.4762284978003 ], [ -99.147314387467148, 19.476871950864716 ], [ -99.147614495134505, 19.477668145608217 ], [ -99.147914605758857, 19.478464339765338 ], [ -99.147973726605358, 19.478623923483649 ], [ -99.148148927183001, 19.479096836912667 ], [ -99.148860669442826, 19.480983515178359 ], [ -99.149714456612685, 19.483246661991878 ], [ -99.15047882203055, 19.485291933773286 ], [ -99.151826038434677, 19.48889664969963 ], [ -99.152959058876704, 19.491838500035794 ], [ -99.153036003351986, 19.492045616402407 ], [ -99.153163434680238, 19.49238843790819 ], [ -99.153215201999615, 19.492527704238999 ], [ -99.153277639799072, 19.492695676341292 ], [ -99.153993816352582, 19.494622329860388 ], [ -99.154200862311072, 19.495181510014621 ], [ -99.155742104172191, 19.49933041967423 ], [ -99.155899766077027, 19.499781855804375 ], [ -99.155938620959233, 19.499893109264324 ], [ -99.156384593215051, 19.501170053070041 ], [ -99.156970994047356, 19.502739021878284 ], [ -99.15710136522884, 19.5030116675049 ], [ -99.157589568438951, 19.504137159185294 ], [ -99.157981243523423, 19.505149770523655 ], [ -99.158278483297494, 19.505918227110826 ], [ -99.158928210827256, 19.507639525017858 ], [ -99.159321453656432, 19.508652984140575 ], [ -99.159420931591569, 19.508909355177149 ], [ -99.159715358979525, 19.509685418072191 ], [ -99.159727453939453, 19.509717298255158 ], [ -99.160140446728818, 19.510805866333978 ], [ -99.160167983016251, 19.51087548986429 ], [ -99.160195519332262, 19.510945113771619 ], [ -99.160744281294285, 19.512332610353301 ], [ -99.160923127873119, 19.512784802554254 ], [ -99.161175267256652, 19.513622752654339 ], [ -99.161654266431739, 19.514917178377601 ], [ -99.162166974460703, 19.51624887991025 ], [ -99.162760035999227, 19.517742678766112 ], [ -99.16289748463528, 19.517816361422632 ], [ -99.16477314264786, 19.518927708248256 ], [ -99.165944449608574, 19.519623660133703 ], [ -99.166040878514892, 19.519678835126317 ], [ -99.166442841749245, 19.519919228636947 ], [ -99.166858306824778, 19.520163148635955 ], [ -99.167289631674095, 19.520418699257164 ], [ -99.167363689480183, 19.520468732293633 ], [ -99.167732367135571, 19.520681008461185 ], [ -99.167799737161062, 19.520720923272151 ], [ -99.168227009245655, 19.520994901971374 ], [ -99.168259108368048, 19.52101564537595 ], [ -99.168664454052305, 19.52127585599591 ], [ -99.169125109422595, 19.521571218396364 ], [ -99.169495345360545, 19.521808616408254 ], [ -99.169949154120275, 19.522099559711023 ], [ -99.170007886287038, 19.522119082040906 ], [ -99.170437903827022, 19.522259684519142 ], [ -99.17088925350393, 19.522384839601973 ], [ -99.17135113027382, 19.522558617205696 ], [ -99.171822035990985, 19.522712703526064 ], [ -99.172287974380779, 19.522869619992164 ], [ -99.172764226060821, 19.523020757534603 ], [ -99.173251359029507, 19.523168154629438 ], [ -99.173709569005084, 19.523348368387662 ], [ -99.174155785000252, 19.523483950037527 ], [ -99.174949581850342, 19.523753675441114 ], [ -99.174466528319599, 19.524229699454775 ], [ -99.173949789407587, 19.524742316784263 ], [ -99.173517723034877, 19.5251408089817 ], [ -99.173117132062615, 19.525510268938433 ], [ -99.172284466847799, 19.526278217253054 ], [ -99.171922697676905, 19.526614315325244 ], [ -99.171323118032419, 19.527171344186065 ], [ -99.171166635788623, 19.52736028503282 ], [ -99.171203611812643, 19.527386442524755 ], [ -99.171266129322206, 19.527431180561461 ], [ -99.172014587194255, 19.527966779681542 ], [ -99.17205880566496, 19.527998422131635 ], [ -99.17223854684427, 19.52812704441541 ], [ -99.172892435070111, 19.52859496174073 ], [ -99.172987762112058, 19.528663176603544 ], [ -99.173661727854153, 19.529145206361367 ], [ -99.173815925744904, 19.529255531405976 ], [ -99.174180306575735, 19.529516236382285 ], [ -99.174288554947523, 19.529593684962229 ], [ -99.174652516735961, 19.529854413358471 ], [ -99.174917381882494, 19.530043863037903 ], [ -99.175514716474837, 19.530471114543801 ], [ -99.175635270235105, 19.530557341706437 ], [ -99.176209149587805, 19.530967811702148 ], [ -99.176311551561838, 19.531041054798244 ], [ -99.176198433074546, 19.531519657259306 ], [ -99.176180560145795, 19.531593888362579 ], [ -99.176126941263206, 19.531816581658997 ], [ -99.174902013188344, 19.531635573937059 ], [ -99.174005753140136, 19.531355479144189 ], [ -99.173120929290278, 19.531031217155274 ], [ -99.171225258663327, 19.530414871933907 ], [ -99.170251547919975, 19.530098276288996 ], [ -99.170098502926805, 19.530048514175242 ], [ -99.16989208553548, 19.529981397934037 ], [ -99.16983067201113, 19.529961900713829 ], [ -99.16924634456818, 19.529776390442212 ], [ -99.166592385334567, 19.528918068758692 ], [ -99.164816413142546, 19.528388877944039 ], [ -99.162754396229474, 19.527858474543802 ], [ -99.160701283082062, 19.527252774029943 ], [ -99.159603993481966, 19.526929044970021 ], [ -99.159510657135144, 19.526901507944451 ], [ -99.158896146765954, 19.527284788669693 ], [ -99.1576446516641, 19.527721614300408 ], [ -99.156970042152096, 19.527957077235563 ], [ -99.156706698849035, 19.528048992694597 ], [ -99.15859712036081, 19.528896563432745 ], [ -99.158587392215594, 19.528933849115099 ], [ -99.158576151074342, 19.52897693373194 ], [ -99.158544254683591, 19.529027093655714 ], [ -99.158493620501901, 19.52906578114797 ], [ -99.158265864539715, 19.529340659599047 ], [ -99.157957790919795, 19.529715871847309 ], [ -99.157593693901305, 19.530173369957915 ], [ -99.157556872918633, 19.530218730360993 ], [ -99.157410005988339, 19.530396672921693 ], [ -99.157143602331828, 19.530684535943472 ], [ -99.15699292601731, 19.530847348839302 ], [ -99.156721421211188, 19.531158312141169 ], [ -99.15573496302099, 19.53228811994008 ], [ -99.157006725969026, 19.532954804784218 ], [ -99.157063695861993, 19.533049200441951 ], [ -99.157159345946113, 19.533141090694802 ], [ -99.157402712257266, 19.533264425275146 ], [ -99.158479038457656, 19.5338153250764 ], [ -99.158677587872106, 19.533902646616585 ], [ -99.158782647415734, 19.533812892502159 ], [ -99.159146002394507, 19.534023809841596 ], [ -99.158961650603231, 19.534233943412538 ], [ -99.15852246375259, 19.534734547649066 ], [ -99.158033286169555, 19.535356293540641 ], [ -99.157932250664842, 19.535484709152836 ], [ -99.157784437212371, 19.535675414067963 ], [ -99.157375294367156, 19.536203275755078 ], [ -99.156004583937204, 19.537730744593677 ], [ -99.15526344903887, 19.538556619411739 ], [ -99.153916663672234, 19.540238553909685 ], [ -99.153528019413301, 19.540887537756561 ], [ -99.153223393270906, 19.541419422039642 ], [ -99.152893813814202, 19.541933568399408 ], [ -99.152630585099274, 19.542362329891784 ], [ -99.15237135586824, 19.542746008500515 ], [ -99.152080615477928, 19.543203293565778 ], [ -99.152009224712927, 19.543305454520347 ], [ -99.151607338272058, 19.54393928846082 ], [ -99.151403340944569, 19.544256489607701 ], [ -99.151160908471965, 19.544633480380135 ], [ -99.151074802157467, 19.544767427605937 ], [ -99.152825030647577, 19.545683702141638 ], [ -99.154160735867052, 19.546280922005167 ], [ -99.154349992714046, 19.546365541323869 ], [ -99.154623943932634, 19.546507236186379 ], [ -99.155317596270081, 19.546866008620885 ], [ -99.155820237656854, 19.547117273579797 ], [ -99.156527940896453, 19.547471043936174 ], [ -99.157027139619316, 19.54765829646923 ], [ -99.15711397609013, 19.547690869181519 ], [ -99.158190518723444, 19.548112487964275 ], [ -99.158674647211456, 19.548263065649628 ], [ -99.15871582827873, 19.548275874061616 ], [ -99.158945316297789, 19.548347250719424 ], [ -99.159186830324657, 19.548473918122621 ], [ -99.159242526755023, 19.54841250700143 ], [ -99.159517430116537, 19.548561643995331 ], [ -99.159545998657194, 19.548573916164699 ], [ -99.159580296084741, 19.548587755721353 ], [ -99.15960758297426, 19.548604065911082 ], [ -99.160149096065695, 19.548924959087525 ], [ -99.159625657273907, 19.549391110909145 ], [ -99.159695923791602, 19.549526992561319 ], [ -99.16145493629277, 19.549446644242206 ], [ -99.159809576868966, 19.55241565828922 ], [ -99.158147306551555, 19.553465219220822 ], [ -99.157791192816816, 19.553769778491226 ], [ -99.157408534372607, 19.554459606393667 ], [ -99.157270503422239, 19.554723966986032 ], [ -99.157250539930189, 19.555317823713668 ], [ -99.157353688130669, 19.555785017249359 ], [ -99.157549321961, 19.556265828949371 ], [ -99.157968904352586, 19.556895883160632 ], [ -99.158144437407728, 19.557558864602676 ], [ -99.158184037593983, 19.558314067042559 ], [ -99.15767943143419, 19.558959223003118 ], [ -99.156961352398028, 19.559899289532645 ], [ -99.154048355971483, 19.561835942418575 ], [ -99.153213073610686, 19.562168220328729 ], [ -99.152222016373031, 19.56216905906976 ], [ -99.151541293935779, 19.561543337345153 ], [ -99.151094331090164, 19.561525291915217 ], [ -99.147957229347725, 19.564177132943897 ], [ -99.146726218739985, 19.566152418682321 ], [ -99.146805851656467, 19.568252279919879 ], [ -99.146564842572843, 19.569723969786939 ], [ -99.146496883788444, 19.570426138792321 ], [ -99.145992550188453, 19.571467300060228 ], [ -99.143138093637759, 19.574057652654634 ], [ -99.142293164310857, 19.574527973975023 ], [ -99.142030981082499, 19.574767712382197 ], [ -99.141768831323461, 19.575007383673448 ], [ -99.140215852668348, 19.577025630558865 ], [ -99.14009025424626, 19.577863855864212 ], [ -99.140373153738381, 19.579134642694889 ], [ -99.139868944769475, 19.580396830719312 ], [ -99.138879796334464, 19.582755403885489 ], [ -99.136004278049313, 19.583779926172245 ], [ -99.135742058529701, 19.583964327506877 ], [ -99.135227742722236, 19.584821261460871 ], [ -99.13521032153632, 19.587234343669607 ], [ -99.133296794828482, 19.588294939677962 ], [ -99.132072688942685, 19.588252046116924 ], [ -99.130634728010293, 19.58906133296033 ], [ -99.130275285445535, 19.589208956037123 ], [ -99.129914876235901, 19.589354639051884 ], [ -99.128633285804227, 19.589615382995017 ], [ -99.127355675702802, 19.590869059147423 ], [ -99.125510019158696, 19.593731659802327 ], [ -99.125067600686037, 19.593781300126668 ] ] ] ] } },
{ "type": "Feature", "properties": { "ID": 2.0, "ENTIDAD": 9, "MUNICIPIO": 6, "NOMBRE": "IZTACALCO", "CONTROL": 2.0, "GEOMETRY1_": null, "ClaveEnt": "09" }, "geometry": { "type": "MultiPolygon", "coordinates": [ [ [ [ -99.056044446880605, 19.42214615691206 ], [ -99.055968501744189, 19.421778193476328 ], [ -99.056015970498734, 19.420570720838818 ], [ -99.056101343494461, 19.419832731713917 ], [ -99.056165082102083, 19.419281752951211 ], [ -99.056286509803016, 19.418232077897905 ], [ -99.056345697711834, 19.417720426389955 ], [ -99.056369620968283, 19.417513621109638 ], [ -99.056455589287893, 19.416756562524519 ], [ -99.056548983813471, 19.415934098944209 ], [ -99.056586673082421, 19.41557974355581 ], [ -99.056648535145385, 19.414985215843156 ], [ -99.056682919937543, 19.414654758267503 ], [ -99.056733403716024, 19.414169577779045 ], [ -99.056772157984597, 19.413797123217346 ], [ -99.056794984085599, 19.413589054168433 ], [ -99.05685258819905, 19.413057627995638 ], [ -99.056899809713414, 19.412622251296192 ], [ -99.056907665293323, 19.412551828613587 ], [ -99.056918120695173, 19.412462436343382 ], [ -99.056927065150248, 19.412373669521958 ], [ -99.056930979536773, 19.412337721604256 ], [ -99.057086250385666, 19.410882564961614 ], [ -99.057164371199562, 19.41014679320131 ], [ -99.057215884423684, 19.409663212806684 ], [ -99.057245451286832, 19.409385652584586 ], [ -99.057342052604739, 19.408544675402286 ], [ -99.057380705951132, 19.408209202160606 ], [ -99.057407592793808, 19.407939443687781 ], [ -99.057504120352817, 19.407041893735148 ], [ -99.057554537287857, 19.406575902383238 ], [ -99.057628559242161, 19.405810616554565 ], [ -99.0576879127198, 19.405363422106124 ], [ -99.057741576968468, 19.40487556928467 ], [ -99.057796032090948, 19.404359922444549 ], [ -99.057843210648485, 19.403861360260461 ], [ -99.057898134984853, 19.403393080220209 ], [ -99.057960112828567, 19.402834072947631 ], [ -99.057977974788329, 19.402672967589414 ], [ -99.058176632889499, 19.400881146838785 ], [ -99.058282680636566, 19.399936753493385 ], [ -99.058347254484787, 19.398492655668974 ], [ -99.058356994760004, 19.398329239614021 ], [ -99.058366160587369, 19.398174428070501 ], [ -99.058377542992574, 19.398005736396165 ], [ -99.058425565234018, 19.397661296642109 ], [ -99.058474256217039, 19.397140604762239 ], [ -99.058588763267522, 19.396084268298807 ], [ -99.058632247885882, 19.39562650994224 ], [ -99.058793355447875, 19.395103666989755 ], [ -99.059042683406659, 19.394294515175147 ], [ -99.059120103797454, 19.393824617529411 ], [ -99.059250921189275, 19.393030624318516 ], [ -99.059380610184533, 19.392304420517132 ], [ -99.059451571993748, 19.391910321730567 ], [ -99.059533393215418, 19.391395761900384 ], [ -99.05963575022362, 19.390708509732168 ], [ -99.059778414979178, 19.389911729712775 ], [ -99.059821699856158, 19.389686269757178 ], [ -99.059912860918743, 19.389140862984345 ], [ -99.060051268569566, 19.388312777955491 ], [ -99.060108071604233, 19.387972922288803 ], [ -99.060257329808451, 19.387079906422898 ], [ -99.060310794216718, 19.386760024538678 ], [ -99.060382526908015, 19.386168963891574 ], [ -99.060462138030104, 19.385746976557396 ], [ -99.060524746406173, 19.385308848284545 ], [ -99.060594615693688, 19.384852459976038 ], [ -99.060667088122273, 19.384379065158498 ], [ -99.060778456512892, 19.383548713520607 ], [ -99.06083127342967, 19.383138252732792 ], [ -99.060917327743809, 19.382679931063855 ], [ -99.063675743476821, 19.383156413780277 ], [ -99.065872522113594, 19.383539378630378 ], [ -99.066398235252663, 19.383635038268338 ], [ -99.066773750954283, 19.383728721883802 ], [ -99.067630968173162, 19.384140486906674 ], [ -99.068991767496399, 19.384864692317041 ], [ -99.069469045417094, 19.385118467745684 ], [ -99.069972453221695, 19.385386134583655 ], [ -99.070456634447694, 19.385643576312102 ], [ -99.070933830433162, 19.385897301888185 ], [ -99.071393033329542, 19.386141458587364 ], [ -99.071757766720154, 19.386326263483532 ], [ -99.072122500931869, 19.386511067641944 ], [ -99.072562299280861, 19.386733903892232 ], [ -99.073042956211239, 19.386977440377681 ], [ -99.073487335609926, 19.387202594189631 ], [ -99.073889993881835, 19.387406607669607 ], [ -99.074348793687662, 19.38763906447312 ], [ -99.074828047057537, 19.387881882387347 ], [ -99.075849855918534, 19.388420013276178 ], [ -99.075961673158588, 19.388478900740189 ], [ -99.076308828296476, 19.388661725912048 ], [ -99.076370100836627, 19.38869399426321 ], [ -99.076780864391907, 19.388910316445472 ], [ -99.07726802273659, 19.389166868792046 ], [ -99.077324161577579, 19.389196433070726 ], [ -99.077851945538114, 19.389465090888876 ], [ -99.078350749413104, 19.389719028389891 ], [ -99.078402492357981, 19.38974531440811 ], [ -99.078827346205031, 19.389961292531087 ], [ -99.078879373627203, 19.389987679247575 ], [ -99.079351828747207, 19.390228340171312 ], [ -99.079404181728066, 19.390255020276591 ], [ -99.079934225213137, 19.390525434724523 ], [ -99.07999161519399, 19.390555217189512 ], [ -99.08006103654715, 19.390591243282678 ], [ -99.080393882670421, 19.39076397290129 ], [ -99.08045876849809, 19.390797745051074 ], [ -99.080760941346909, 19.390954853258499 ], [ -99.080916757944934, 19.391033433683212 ], [ -99.081116812990672, 19.391131483616956 ], [ -99.08143345869901, 19.391286189617784 ], [ -99.081795329287331, 19.391487823486784 ], [ -99.081941700513312, 19.391569381015515 ], [ -99.082128067308517, 19.391667119084893 ], [ -99.082391433280108, 19.391805238020375 ], [ -99.08245260847184, 19.39184118804102 ], [ -99.082811644885126, 19.39202207314165 ], [ -99.083168520235731, 19.392211395555513 ], [ -99.083235406715929, 19.392242583256749 ], [ -99.0836068640278, 19.392435874711158 ], [ -99.083660385189361, 19.392463724871629 ], [ -99.084014906803773, 19.392648202362874 ], [ -99.084038275503687, 19.392521748803546 ], [ -99.084152845243111, 19.391901781998655 ], [ -99.084222704736831, 19.391506812658548 ], [ -99.084303053298612, 19.391065470836924 ], [ -99.08431287714437, 19.391014968689294 ], [ -99.084379841689582, 19.390670718412409 ], [ -99.084389866638617, 19.390619182186288 ], [ -99.08451192050633, 19.389953648473025 ], [ -99.084599885771496, 19.389432482985384 ], [ -99.084847054512622, 19.389671894255393 ], [ -99.086510690927355, 19.390052796507142 ], [ -99.086745468057458, 19.390156277991881 ], [ -99.086853149803488, 19.390234569880263 ], [ -99.088383242666254, 19.390673286233021 ], [ -99.088449985691639, 19.39069242280037 ], [ -99.088581222080236, 19.390732030198812 ], [ -99.088825077821383, 19.390361979424778 ], [ -99.08899884253664, 19.390095390866769 ], [ -99.089161130228362, 19.389848909647249 ], [ -99.089344256394938, 19.389569133810689 ], [ -99.089526139532595, 19.389291561178343 ], [ -99.089699596058168, 19.389026670555438 ], [ -99.089886107537154, 19.388741333599526 ], [ -99.090236959048141, 19.388191864853592 ], [ -99.09041066593494, 19.387919805362632 ], [ -99.090460551437772, 19.387841694403761 ], [ -99.090587333632669, 19.387643176113254 ], [ -99.090759436268485, 19.387373548513402 ], [ -99.090935423426757, 19.387098610694718 ], [ -99.091158836430793, 19.38675365181486 ], [ -99.091583313265986, 19.386078329115961 ], [ -99.091903413136407, 19.385569060910299 ], [ -99.092245180309192, 19.385025316618755 ], [ -99.092295573796264, 19.384945141293407 ], [ -99.092874884396352, 19.384023459657872 ], [ -99.092977762376947, 19.383861005989978 ], [ -99.093194604985513, 19.38351859058168 ], [ -99.093295238012189, 19.383359680743514 ], [ -99.093567419185504, 19.382929877012693 ], [ -99.093985023085907, 19.382270429756296 ], [ -99.094339484759786, 19.381678665405055 ], [ -99.094552877687576, 19.381322066640848 ], [ -99.094717828673737, 19.381046725505662 ], [ -99.094902085732215, 19.38073940779411 ], [ -99.095086014542886, 19.380432337463525 ], [ -99.095262709955122, 19.380137342074836 ], [ -99.095622742136257, 19.379536259632136 ], [ -99.095811479936827, 19.379625143560787 ], [ -99.096370579041235, 19.379742427914032 ], [ -99.096723855472291, 19.379784689200779 ], [ -99.097096124319876, 19.379822627039562 ], [ -99.097357217926756, 19.37984923456807 ], [ -99.097687745020451, 19.37988291737463 ], [ -99.09802598888588, 19.379917385932679 ], [ -99.098362960132846, 19.379948366575785 ], [ -99.098776259892901, 19.379993839596029 ], [ -99.099143904277639, 19.380031772189895 ], [ -99.099511548828929, 19.380069704040054 ], [ -99.100819152845219, 19.38019540939414 ], [ -99.10107824972809, 19.380223036037656 ], [ -99.101214683270697, 19.380232918795624 ], [ -99.101296849769085, 19.380240203704759 ], [ -99.101580631674025, 19.380270633566759 ], [ -99.103027020366071, 19.380462429373345 ], [ -99.103381090010529, 19.380509378328302 ], [ -99.103441719834677, 19.380518454596448 ], [ -99.103750259518819, 19.380558328733027 ], [ -99.104226278141027, 19.380620260486399 ], [ -99.1047684682637, 19.380693335114998 ], [ -99.105071502420429, 19.380733084476258 ], [ -99.105448506114399, 19.380782535780035 ], [ -99.10565381522045, 19.380804945673219 ], [ -99.105709534181116, 19.380809518096289 ], [ -99.105894824970321, 19.380824723350226 ], [ -99.10602164659781, 19.380836242968385 ], [ -99.106322243180628, 19.380882917613924 ], [ -99.106716170177918, 19.380937765025557 ], [ -99.106909084231617, 19.3809591201294 ], [ -99.10716978445636, 19.380985594615499 ], [ -99.107396209700326, 19.381005686616039 ], [ -99.10798124927264, 19.381056401001455 ], [ -99.108514404179815, 19.381102616077442 ], [ -99.108684771827697, 19.381121686897462 ], [ -99.108749544531264, 19.381128937459831 ], [ -99.108824934209125, 19.381138275965771 ], [ -99.108888877505649, 19.381146318487783 ], [ -99.109158056365516, 19.381180174430472 ], [ -99.109461815964622, 19.381216945940569 ], [ -99.109927118314118, 19.381281177671976 ], [ -99.110604514749923, 19.381401687256428 ], [ -99.110868788564829, 19.381442001957314 ], [ -99.111102487530886, 19.381476138654445 ], [ -99.111338773173216, 19.381514357490072 ], [ -99.11155419040648, 19.381546557425526 ], [ -99.111677354346156, 19.381564350242019 ], [ -99.112002461396457, 19.381608709530408 ], [ -99.112077709894663, 19.38161942896539 ], [ -99.112354414938082, 19.381658846372201 ], [ -99.112697662493034, 19.381714955180257 ], [ -99.112787909450489, 19.38172867364111 ], [ -99.113053279149938, 19.38176744510158 ], [ -99.113390314732257, 19.381807969789637 ], [ -99.113730515152611, 19.381844221463453 ], [ -99.114092912546255, 19.381881844227831 ], [ -99.114425971791235, 19.381923612461044 ], [ -99.11475211027161, 19.381966752038995 ], [ -99.115042644340704, 19.382004902939332 ], [ -99.115365039498172, 19.382051825532638 ], [ -99.115697840471128, 19.382074598552272 ], [ -99.116041998833055, 19.382110000264515 ], [ -99.116368298657434, 19.382153655631551 ], [ -99.116690766056252, 19.382173549229794 ], [ -99.117016358965131, 19.382199820546862 ], [ -99.117353142616835, 19.382229453108664 ], [ -99.117642155394591, 19.382214165426991 ], [ -99.117718786272761, 19.382210111866264 ], [ -99.11780716572153, 19.382215076411558 ], [ -99.1180789174974, 19.382230341273221 ], [ -99.118404373343239, 19.382271906357534 ], [ -99.118775647974189, 19.38229668107115 ], [ -99.120471156796242, 19.382349190672713 ], [ -99.120522841102414, 19.382350749910145 ], [ -99.120871229844127, 19.382373417685027 ], [ -99.121127997101553, 19.382392156633809 ], [ -99.12235557705965, 19.382476249319893 ], [ -99.122391036925961, 19.38144480452015 ], [ -99.122472290171828, 19.38016617664206 ], [ -99.122437720313982, 19.377766280934352 ], [ -99.122387038228851, 19.375651849028216 ], [ -99.122704750988376, 19.375703717724502 ], [ -99.123191683002489, 19.375786407535315 ], [ -99.123572719168209, 19.375861381887958 ], [ -99.123973576880246, 19.375936962093473 ], [ -99.124122312069829, 19.375966921610175 ], [ -99.124481952571202, 19.376037635312933 ], [ -99.124609185274821, 19.376059389495243 ], [ -99.125039712819188, 19.376134746859496 ], [ -99.125639926295108, 19.37625003310994 ], [ -99.125928045290308, 19.376303975961605 ], [ -99.12598264516356, 19.376314111616015 ], [ -99.126388793298844, 19.376389504816032 ], [ -99.126647635111667, 19.376437555690867 ], [ -99.12681786309868, 19.376469155200482 ], [ -99.127207529102591, 19.376541488456542 ], [ -99.127297768661577, 19.37655823939464 ], [ -99.127454597353534, 19.376587350988128 ], [ -99.127631404796929, 19.376620391272667 ], [ -99.128082926437969, 19.376703963061534 ], [ -99.12841921012307, 19.376766204762124 ], [ -99.129111979333871, 19.376899235969198 ], [ -99.129495358330757, 19.376972854309429 ], [ -99.129714503022626, 19.377003468965672 ], [ -99.130081586203019, 19.37704535955897 ], [ -99.130205466717044, 19.377057505941469 ], [ -99.130569435093975, 19.377093192242668 ], [ -99.130840305072965, 19.377124852604464 ], [ -99.131065172307316, 19.377151134197245 ], [ -99.131383081605179, 19.377189515977093 ], [ -99.13156053326648, 19.377210423757241 ], [ -99.132012838542636, 19.37726340336603 ], [ -99.132458450207665, 19.377316291543423 ], [ -99.132885201664067, 19.37734839877168 ], [ -99.133338152952035, 19.377387766290106 ], [ -99.133838853634373, 19.377423980669597 ], [ -99.134158847336749, 19.377435269062968 ], [ -99.135345101911398, 19.377318300752158 ], [ -99.135585100361411, 19.37727664331463 ], [ -99.135436506506522, 19.378031066771602 ], [ -99.135142451191768, 19.379363527948509 ], [ -99.134844715170516, 19.380708130300334 ], [ -99.13470701594531, 19.381410956155889 ], [ -99.134565397436873, 19.38208718611607 ], [ -99.134463063888575, 19.382618241772516 ], [ -99.134322608015125, 19.383292189500139 ], [ -99.13407815982238, 19.384564397539993 ], [ -99.133807878138001, 19.385778278702077 ], [ -99.133647117372504, 19.386508174574242 ], [ -99.133543864067761, 19.386976968068915 ], [ -99.133450135772492, 19.387402513494909 ], [ -99.133217077238029, 19.388460657571795 ], [ -99.13303541864731, 19.389286063808317 ], [ -99.132817516334256, 19.390276140321973 ], [ -99.132614614373324, 19.391230596484654 ], [ -99.1324904813888, 19.391218687054501 ], [ -99.132172043881667, 19.392555673059569 ], [ -99.132105535585225, 19.392896174539377 ], [ -99.132083631774975, 19.393008314819639 ], [ -99.13197575299489, 19.393484386544465 ], [ -99.131736153308921, 19.394577151047294 ], [ -99.131485900039323, 19.395623930221603 ], [ -99.131395129178188, 19.396052958660221 ], [ -99.13117921118014, 19.39658559306045 ], [ -99.131023279472728, 19.396917999566341 ], [ -99.130993968397291, 19.397681401651674 ], [ -99.130972342065562, 19.398803976628894 ], [ -99.131599475439018, 19.398819331398439 ], [ -99.131942149914352, 19.398819083026297 ], [ -99.132467852357451, 19.398845611378292 ], [ -99.132991499924543, 19.398870370476196 ], [ -99.13354241691367, 19.398884443677066 ], [ -99.134088346113018, 19.398899584527374 ], [ -99.13473068826984, 19.398931672543469 ], [ -99.135299926292205, 19.398960106755649 ], [ -99.135869164500377, 19.398988539184224 ], [ -99.136365786213091, 19.399013343084466 ], [ -99.137148908060269, 19.399052453535671 ], [ -99.137022109274341, 19.39992361444483 ], [ -99.136944929938039, 19.400453864381138 ], [ -99.136811763286161, 19.401368759375458 ], [ -99.136581388210246, 19.402890847898476 ], [ -99.136548184470485, 19.403110222738029 ], [ -99.136500978877805, 19.403424360707046 ], [ -99.136380845808759, 19.403417457195175 ], [ -99.136271518331426, 19.403411174562994 ], [ -99.134281346938536, 19.403296795437008 ], [ -99.133866218672765, 19.403272264628299 ], [ -99.133731649439554, 19.403264358026796 ], [ -99.133258370752557, 19.403237287135706 ], [ -99.132522504952306, 19.40318874230416 ], [ -99.13201117290447, 19.403154550654715 ], [ -99.131619453448323, 19.403128356252868 ], [ -99.131103072270804, 19.403104313265885 ], [ -99.130559531145693, 19.403131774275394 ], [ -99.130067586579131, 19.403209908921252 ], [ -99.128994623534751, 19.403501483980062 ], [ -99.128778527750583, 19.403560206584398 ], [ -99.128719718503078, 19.403577939542423 ], [ -99.127917289349384, 19.403819896526706 ], [ -99.127184537800531, 19.404044265098477 ], [ -99.125850426436813, 19.404318458975872 ], [ -99.125681041270667, 19.404353271177396 ], [ -99.123261797089867, 19.404792809554543 ], [ -99.12229594916073, 19.404966847808957 ], [ -99.122263588409197, 19.4048805838333 ], [ -99.122154709029971, 19.404715575155517 ], [ -99.121940352500062, 19.404716667527104 ], [ -99.121625670179171, 19.404663802971918 ], [ -99.121486113878703, 19.404640358247928 ], [ -99.121112732428841, 19.404717220896082 ], [ -99.121017990144736, 19.404939624136443 ], [ -99.121023353332561, 19.405095234745424 ], [ -99.121026984724054, 19.405200597837549 ], [ -99.120427772355114, 19.405303271098628 ], [ -99.119508207311355, 19.405471533775515 ], [ -99.11895071966552, 19.405555282700806 ], [ -99.118513211103306, 19.405584109786645 ], [ -99.117206054103633, 19.405583225225641 ], [ -99.115280015999133, 19.405596582853505 ], [ -99.114761570365673, 19.405647146139717 ], [ -99.114340944001981, 19.405720078241202 ], [ -99.11390591720847, 19.405793604759726 ], [ -99.113887997950513, 19.40573872489923 ], [ -99.113845854128016, 19.405609654271743 ], [ -99.113687028522151, 19.40555924618663 ], [ -99.113510518478833, 19.405528097936457 ], [ -99.113157267064423, 19.4057303496262 ], [ -99.112248761131681, 19.405916416981363 ], [ -99.111095765506036, 19.406152550116634 ], [ -99.108235842903028, 19.406747584818358 ], [ -99.107082577679691, 19.406992807509322 ], [ -99.10669815429074, 19.407073210501256 ], [ -99.105976894428721, 19.407232665218825 ], [ -99.103902141731794, 19.407691329792222 ], [ -99.103407330286018, 19.407800713641603 ], [ -99.103496530422802, 19.407884287455381 ], [ -99.103614635253194, 19.407994942590797 ], [ -99.103685843841106, 19.408061659446233 ], [ -99.103112420157188, 19.408210359267898 ], [ -99.103028096155896, 19.408232225932537 ], [ -99.101915185031629, 19.408483314680183 ], [ -99.101422520710997, 19.408608820909262 ], [ -99.100863819548437, 19.408663398461609 ], [ -99.100080796452858, 19.408803672221847 ], [ -99.099205387677486, 19.408952341776626 ], [ -99.099148868244995, 19.40896170641771 ], [ -99.09813614895225, 19.409129499576583 ], [ -99.098021881154722, 19.409141291476757 ], [ -99.097945049884103, 19.409149220061806 ], [ -99.097511944431872, 19.409185965029728 ], [ -99.09715063454631, 19.409188639281791 ], [ -99.097034464494598, 19.409189131465617 ], [ -99.096468583223725, 19.409164739633461 ], [ -99.096250877784428, 19.409155355153757 ], [ -99.094378810159185, 19.408898126014471 ], [ -99.093965479591049, 19.408841026339807 ], [ -99.093768340619661, 19.408813792172225 ], [ -99.093072844349152, 19.408721305774765 ], [ -99.092726099774737, 19.408675194994178 ], [ -99.092016432351443, 19.408577417981952 ], [ -99.091895321781564, 19.408568162391813 ], [ -99.091212761199657, 19.40847844315153 ], [ -99.090391755686682, 19.408366342018315 ], [ -99.09028458196633, 19.408351708097381 ], [ -99.087489456258055, 19.407924007295989 ], [ -99.085560204289095, 19.407657125169262 ], [ -99.083630958529625, 19.407390222529262 ], [ -99.081556691943035, 19.407109739505298 ], [ -99.081222558519542, 19.407057548407916 ], [ -99.081013033635344, 19.407032159232664 ], [ -99.080668411037308, 19.406990399050603 ], [ -99.080189547239144, 19.406933706612786 ], [ -99.079835884991653, 19.406908113797051 ], [ -99.079455889163114, 19.406959791481075 ], [ -99.079043565511057, 19.40704418260081 ], [ -99.078921546530822, 19.407033683783578 ], [ -99.078770515651755, 19.407036036253327 ], [ -99.078660056608356, 19.407032740629457 ], [ -99.078440103940636, 19.407030351196074 ], [ -99.078205773444807, 19.407077657701173 ], [ -99.078096435844557, 19.407129754251176 ], [ -99.077941766181283, 19.407204242624747 ], [ -99.077910978072325, 19.4072368721007 ], [ -99.077840627392916, 19.407352351806768 ], [ -99.077307620015674, 19.408190260737047 ], [ -99.077211895675632, 19.408341791372568 ], [ -99.077190656635523, 19.408382391581455 ], [ -99.077162796183842, 19.408428561318026 ], [ -99.077112321567483, 19.408507348224433 ], [ -99.0770950765679, 19.408536523116684 ], [ -99.077077043223412, 19.408570259252041 ], [ -99.076984947720987, 19.408742686668063 ], [ -99.076895515254336, 19.408916059274038 ], [ -99.076866610241552, 19.408968852503996 ], [ -99.076840473593677, 19.409012823786906 ], [ -99.076807330277134, 19.409074826695814 ], [ -99.076788278508559, 19.409110537271594 ], [ -99.076769297615542, 19.409145976288723 ], [ -99.076713867548833, 19.409256475231533 ], [ -99.076670473014488, 19.409330852060339 ], [ -99.07559860319526, 19.410989346754789 ], [ -99.075403101537376, 19.411288919929753 ], [ -99.07505430980909, 19.411838879915106 ], [ -99.074973059463787, 19.411967422858872 ], [ -99.074577599507151, 19.412593060929421 ], [ -99.073968844442874, 19.413551112777057 ], [ -99.073495576267703, 19.414295743226354 ], [ -99.073446523084669, 19.414373125616248 ], [ -99.073413630837649, 19.414424890066474 ], [ -99.073343980563962, 19.41453450264164 ], [ -99.073288923612253, 19.41462114875727 ], [ -99.07327433019708, 19.414644115189173 ], [ -99.073167594016454, 19.414819079450677 ], [ -99.073119147016243, 19.414881383758765 ], [ -99.073107062252788, 19.414896925120768 ], [ -99.072965681291507, 19.415078744923679 ], [ -99.072621431808798, 19.41560286603459 ], [ -99.072214757322982, 19.416278756083582 ], [ -99.071949003343633, 19.416694736988617 ], [ -99.071202706381541, 19.417866593991381 ], [ -99.071191353240408, 19.417884420866791 ], [ -99.070668266247722, 19.418686536520497 ], [ -99.07063997648207, 19.418750748457757 ], [ -99.070391013459783, 19.419111656155462 ], [ -99.070266313775463, 19.419292425547333 ], [ -99.069976712552332, 19.419780204653442 ], [ -99.06990021420475, 19.419909932856356 ], [ -99.069725304756204, 19.420076014478489 ], [ -99.069594115811682, 19.420185011736649 ], [ -99.069233310710899, 19.420403043510579 ], [ -99.068943564429574, 19.420558792211747 ], [ -99.068555386368587, 19.420704201729791 ], [ -99.068238263435916, 19.420776952443077 ], [ -99.067961760586002, 19.420805331039887 ], [ -99.067928258470502, 19.42080876946719 ], [ -99.067875478583161, 19.420809390034588 ], [ -99.065757416879222, 19.420858552362805 ], [ -99.064871097627318, 19.42087330818023 ], [ -99.064840640136865, 19.420873815172527 ], [ -99.064152348699594, 19.420885271038401 ], [ -99.063691883357649, 19.420889294365931 ], [ -99.061619377278532, 19.420900945349967 ], [ -99.060703454069454, 19.420917705910171 ], [ -99.060221089131389, 19.420925396440186 ], [ -99.060025914852048, 19.420928507695912 ], [ -99.059936294398014, 19.420927737185337 ], [ -99.059916523360599, 19.420927567198227 ], [ -99.059881010030722, 19.420929902651547 ], [ -99.059843910939961, 19.420928205897827 ], [ -99.058669034966826, 19.420935934037725 ], [ -99.057980377358533, 19.42092945951693 ], [ -99.057883581967332, 19.420928549270776 ], [ -99.057575069498014, 19.420964534123701 ], [ -99.057225142980585, 19.421068403716152 ], [ -99.056951783135702, 19.421208564292865 ], [ -99.056755318331739, 19.421346390185512 ], [ -99.056476525275173, 19.421590310742005 ], [ -99.056263337270281, 19.421797894905353 ], [ -99.05608844217322, 19.422052158540854 ], [ -99.056066444533215, 19.422099157727853 ], [ -99.056044446880605, 19.42214615691206 ] ] ] ] } },
{ "type": "Feature", "properties": { "ID": 3.0, "ENTIDAD": 9, "MUNICIPIO": 7, "NOMBRE": "IZTAPALAPA", "CONTROL": 3.0, "GEOMETRY1_": null, "ClaveEnt": "09" }, "geometry": { "type": "MultiPolygon", "coordinates": [ [ [ [ -99.058176632889499, 19.400881146838785 ], [ -99.056360758022208, 19.400037887114696 ], [ -99.055010926298721, 19.399411032339945 ], [ -99.053889010009968, 19.398890009408891 ], [ -99.052617966214697, 19.398310767338316 ], [ -99.051493207193573, 19.397798179909277 ], [ -99.05071128747683, 19.397441828926674 ], [ -99.049195826087413, 19.39675116109521 ], [ -99.048259413264432, 19.396323996662879 ], [ -99.047103839333573, 19.395796847518 ], [ -99.046193272736772, 19.395381457951729 ], [ -99.045734365857527, 19.395172107389119 ], [ -99.044677592915534, 19.39469000811247 ], [ -99.04338405314806, 19.394099779693363 ], [ -99.043256427195104, 19.39404154455498 ], [ -99.042351899225892, 19.393626293095725 ], [ -99.041749530116306, 19.393349753177858 ], [ -99.04098578230834, 19.392999122426673 ], [ -99.040237470386444, 19.392659674115297 ], [ -99.039558058399948, 19.392351476261336 ], [ -99.038491872564165, 19.391865871635147 ], [ -99.037996979635707, 19.391640452947417 ], [ -99.037183900382558, 19.391266887511197 ], [ -99.03682386972153, 19.391101471001939 ], [ -99.03579162128824, 19.390627198548955 ], [ -99.034755433997859, 19.390114892022527 ], [ -99.034519312148802, 19.389998148461668 ], [ -99.034372533782857, 19.390089667603981 ], [ -99.03325952568035, 19.389567396340951 ], [ -99.032874309037112, 19.389386633797436 ], [ -99.032117602163794, 19.389047276524714 ], [ -99.031423414684298, 19.388735953213111 ], [ -99.030458205544562, 19.38828410652593 ], [ -99.029997492063885, 19.388068428194757 ], [ -99.030060001231561, 19.38795177234498 ], [ -99.029142942436266, 19.387564929590948 ], [ -99.028953253679362, 19.387482744834564 ], [ -99.027756583976725, 19.386956747346325 ], [ -99.027336308499997, 19.386772012118549 ], [ -99.026335157106502, 19.386313825334053 ], [ -99.024974931767218, 19.38568810955363 ], [ -99.023555620848924, 19.385050862920593 ], [ -99.022777262922929, 19.384683021995496 ], [ -99.022442294333032, 19.384534381568574 ], [ -99.021972281145537, 19.384318297902102 ], [ -99.021165337891958, 19.383944309093931 ], [ -99.0203836702849, 19.383585344702233 ], [ -99.019581303104658, 19.38321757336703 ], [ -99.019046189538926, 19.382971068799741 ], [ -99.018803154461764, 19.38284754967151 ], [ -99.018016928192878, 19.382447925797354 ], [ -99.017237754429004, 19.382051944695196 ], [ -99.016448558156, 19.381638770034456 ], [ -99.015837842568416, 19.381320096856907 ], [ -99.015130732765826, 19.380948214816868 ], [ -99.014130803523713, 19.380380242410208 ], [ -99.013362333735657, 19.379943736055818 ], [ -99.01258827641918, 19.379504050217243 ], [ -99.011814223255342, 19.379064361062166 ], [ -99.011071181574309, 19.378642282170627 ], [ -99.010147178425186, 19.378114157632769 ], [ -99.009591656660803, 19.377853268572622 ], [ -99.009301385153648, 19.377682706045576 ], [ -99.008788857845104, 19.377396897469531 ], [ -99.007919264654859, 19.376887507323676 ], [ -99.007308735163832, 19.376531127770274 ], [ -99.005720062026271, 19.375603765510117 ], [ -99.004597711964735, 19.374955792303108 ], [ -99.004268092089916, 19.374770001726763 ], [ -99.002999844538465, 19.374055143355271 ], [ -99.002780278167464, 19.373928697020478 ], [ -99.000156692673926, 19.372417761572709 ], [ -98.999563015085315, 19.372082287304547 ], [ -98.998395622084232, 19.371422609270866 ], [ -98.998307457703987, 19.371371452721888 ], [ -98.997961701958488, 19.371170830493181 ], [ -98.997636701497797, 19.370982250315326 ], [ -98.99728569786609, 19.370778580761218 ], [ -98.996870324763762, 19.370536874862186 ], [ -98.99654966371078, 19.370350280830916 ], [ -98.996211254238361, 19.370153357841634 ], [ -98.99591875046066, 19.369983146826087 ], [ -98.995673283306118, 19.369840306276942 ], [ -98.995599412747197, 19.369797321068042 ], [ -98.995427826843368, 19.369697471367381 ], [ -98.994643966780387, 19.369241327183889 ], [ -98.99430447545862, 19.369043768406407 ], [ -98.993992061124203, 19.368861965444253 ], [ -98.993632977955798, 19.368653003369456 ], [ -98.993209452251477, 19.368411964478909 ], [ -98.993007008470016, 19.368296748145365 ], [ -98.992650800183299, 19.368094019252364 ], [ -98.992330934374152, 19.367911972656895 ], [ -98.991696721414286, 19.367551017894435 ], [ -98.99177464856335, 19.367079732862468 ], [ -98.991808360020656, 19.366875852884863 ], [ -98.991853396443844, 19.36660348102804 ], [ -98.991917523711919, 19.366371067388435 ], [ -98.992038248035826, 19.365933529660289 ], [ -98.992179865886158, 19.365420265012624 ], [ -98.992343072509854, 19.364787173760529 ], [ -98.992477071930537, 19.364267375732961 ], [ -98.992597678722717, 19.36379952620889 ], [ -98.99266457983785, 19.363540006834945 ], [ -98.992703641785553, 19.363388479336379 ], [ -98.992782009716223, 19.363084476809917 ], [ -98.992905956384064, 19.362603664221105 ], [ -98.992954260020582, 19.362433322807828 ], [ -98.99301175134606, 19.362230580786058 ], [ -98.993063196442478, 19.36204916022696 ], [ -98.993195018597191, 19.361584288952081 ], [ -98.993439427381887, 19.360722373254099 ], [ -98.993582621029802, 19.360217391697372 ], [ -98.993608954028048, 19.360121541879206 ], [ -98.993914147186018, 19.359010656859912 ], [ -98.994075519570785, 19.359033126014818 ], [ -98.99421752778683, 19.359039257079214 ], [ -98.994340172423577, 19.359010670598224 ], [ -98.994490789875471, 19.358937157215205 ], [ -98.994585466286907, 19.358810545717056 ], [ -98.994654322359906, 19.358700270746009 ], [ -98.994673690819653, 19.358585909973431 ], [ -98.994650028539297, 19.358410282933313 ], [ -98.994589787076535, 19.358279582475109 ], [ -98.994445633609544, 19.358103951783338 ], [ -98.994036839062574, 19.357683252464771 ], [ -98.993934771159701, 19.357449204091495 ], [ -98.993063315881884, 19.356774057106243 ], [ -98.99258225259922, 19.356394469890411 ], [ -98.991696261832772, 19.355695363120084 ], [ -98.990571137385913, 19.354643370370614 ], [ -98.987597140040961, 19.351766708486831 ], [ -98.987168609983442, 19.351363127330035 ], [ -98.986160797555371, 19.350413976435568 ], [ -98.985049361258817, 19.349337410947438 ], [ -98.983245533329537, 19.347608630756465 ], [ -98.982583189144549, 19.346980184339483 ], [ -98.981338866254802, 19.34580135773416 ], [ -98.981265864757589, 19.345732197956085 ], [ -98.981132790751886, 19.345606126771337 ], [ -98.979768783744504, 19.344304352620206 ], [ -98.979500812071208, 19.344032054393242 ], [ -98.979443988172633, 19.343973242300997 ], [ -98.978640390210842, 19.343141527247617 ], [ -98.978213043424674, 19.342622066190764 ], [ -98.977236790992634, 19.341251144360349 ], [ -98.976863471706096, 19.340666202345808 ], [ -98.976732601125292, 19.340461144279242 ], [ -98.976595384595115, 19.340231219115537 ], [ -98.976569574174093, 19.340187970112229 ], [ -98.976318560814761, 19.339767360717453 ], [ -98.975839577232534, 19.338965653423795 ], [ -98.975368709360936, 19.338225610866203 ], [ -98.97504800888693, 19.337876011786047 ], [ -98.974344025884832, 19.337108585553331 ], [ -98.971841047619549, 19.334995497246968 ], [ -98.968391155343866, 19.332082538194591 ], [ -98.965412902666088, 19.329547117721859 ], [ -98.964044432309151, 19.328382080774563 ], [ -98.959994510798339, 19.324930266168991 ], [ -98.960075357722886, 19.324924078772607 ], [ -98.960185404596047, 19.32491565658021 ], [ -98.966153100145476, 19.324839210394583 ], [ -98.966754836598483, 19.324830135305248 ], [ -98.96898842268395, 19.324796432102456 ], [ -98.969271893592946, 19.324800141440448 ], [ -98.97328589107579, 19.324857647887828 ], [ -98.975917257697418, 19.324893464222551 ], [ -98.976234092823631, 19.324866162658267 ], [ -98.976384785731284, 19.324853177310516 ], [ -98.976475623564625, 19.324884381694158 ], [ -98.97670425184802, 19.324962919253114 ], [ -98.976799882746931, 19.324995769925408 ], [ -98.97687525107925, 19.325021289366838 ], [ -98.97692341017536, 19.325037595840044 ], [ -98.977035614958211, 19.325075587859125 ], [ -98.977193533638683, 19.325129058245114 ], [ -98.977398570528095, 19.325198482337846 ], [ -98.977841759345097, 19.325340436415253 ], [ -98.978389647038028, 19.325356505899425 ], [ -98.978389674597821, 19.325146889230073 ], [ -98.978336716188238, 19.324878573599666 ], [ -98.978301415842992, 19.324660568052455 ], [ -98.978425073114778, 19.324618659384573 ], [ -98.978539906816309, 19.324509672254038 ], [ -98.978601794860353, 19.324031753459909 ], [ -98.978698967921346, 19.323889225476432 ], [ -98.978974588218406, 19.323931853080325 ], [ -98.979377194299943, 19.323954906474302 ], [ -98.979440866668142, 19.32395638795553 ], [ -98.979705834646794, 19.323948032961486 ], [ -98.979761179455181, 19.323974310784308 ], [ -98.979935459348056, 19.324057059051679 ], [ -98.980332901982493, 19.324124179684379 ], [ -98.980641966216353, 19.324669216154071 ], [ -98.979599618933719, 19.325792647919613 ], [ -98.979634520147243, 19.325791882654677 ], [ -98.984494896670071, 19.325685245826204 ], [ -98.989424690814985, 19.32557695351252 ], [ -98.997350839165222, 19.325402560915474 ], [ -98.999763830179631, 19.325349401366505 ], [ -99.001373344145691, 19.324966512490331 ], [ -99.003883354075924, 19.324369371796493 ], [ -99.008830283296689, 19.323192365007259 ], [ -99.00887694297144, 19.32318126270285 ], [ -99.01050151670664, 19.322794699714194 ], [ -99.018630995264104, 19.320860067084332 ], [ -99.02132680247739, 19.32021843562265 ], [ -99.022865384172206, 19.319852216314093 ], [ -99.026018908174379, 19.319101556353896 ], [ -99.026056424398448, 19.319092625279914 ], [ -99.026162751248123, 19.319067314306782 ], [ -99.026787909, 19.318918495000027 ], [ -99.02732004376827, 19.318791818159927 ], [ -99.030045915994805, 19.318142884380684 ], [ -99.031949590522487, 19.317689659587618 ], [ -99.039276214378404, 19.314920981498375 ], [ -99.039719887558405, 19.314753308156689 ], [ -99.039800918076963, 19.314832357481077 ], [ -99.039870004486133, 19.314898606641144 ], [ -99.040036923337894, 19.315058670118667 ], [ -99.040076946413478, 19.315097049372941 ], [ -99.04013213792021, 19.315091521569176 ], [ -99.040477899894555, 19.315418248813859 ], [ -99.041725375646408, 19.314347417783271 ], [ -99.041793560094618, 19.314409962950432 ], [ -99.041965073895881, 19.314207519743718 ], [ -99.0421872098606, 19.313945629227703 ], [ -99.042219553552243, 19.31390746170376 ], [ -99.042404970727958, 19.313686262492077 ], [ -99.042507474026905, 19.313563977641561 ], [ -99.042608624734328, 19.313443306175973 ], [ -99.04268088095121, 19.313357105314587 ], [ -99.042817473844721, 19.313194151188355 ], [ -99.042837306479711, 19.313170490992864 ], [ -99.043041548577719, 19.312926831067845 ], [ -99.043167137355127, 19.312777003734052 ], [ -99.043271146041121, 19.312650412828546 ], [ -99.043497041674399, 19.312375470173254 ], [ -99.043514413513577, 19.31235432646719 ], [ -99.043629398798785, 19.31221437478073 ], [ -99.044603652484554, 19.312911469353061 ], [ -99.045135135805666, 19.31336069712513 ], [ -99.045266068773586, 19.313393320659422 ], [ -99.04589254935722, 19.312589349387775 ], [ -99.046583976133007, 19.311702020079696 ], [ -99.046900476507489, 19.311903764138382 ], [ -99.047157714261985, 19.312067732171876 ], [ -99.047188986052632, 19.312101922766765 ], [ -99.04722025785631, 19.312136113356043 ], [ -99.047376251360475, 19.312248639829782 ], [ -99.047405627231043, 19.312269830186963 ], [ -99.047560115092196, 19.312381270220854 ], [ -99.047690144448154, 19.312475066858195 ], [ -99.047751822569055, 19.312519558282212 ], [ -99.047859981789287, 19.312597578671362 ], [ -99.048131498509264, 19.312793489397201 ], [ -99.048931922195493, 19.311788071401544 ], [ -99.049325995412076, 19.311293067341932 ], [ -99.049627293076597, 19.310932364840834 ], [ -99.049920075058267, 19.311149873619375 ], [ -99.050379422035377, 19.311491122008043 ], [ -99.05121007285905, 19.312108205063542 ], [ -99.051458069520223, 19.311784688013347 ], [ -99.051669216426617, 19.311509241259483 ], [ -99.052049926709287, 19.311012591352576 ], [ -99.052742753773202, 19.311499047402844 ], [ -99.052778883981631, 19.311572493291383 ], [ -99.05286147642947, 19.311768352940476 ], [ -99.053042050188779, 19.311893176308661 ], [ -99.053367492983298, 19.312085226028856 ], [ -99.053568266069462, 19.312167259564916 ], [ -99.053842599007126, 19.311828865178995 ], [ -99.053911194565273, 19.311744251097515 ], [ -99.054020581626801, 19.311609319593536 ], [ -99.054104862928369, 19.311505356436211 ], [ -99.054249179559719, 19.311323428847459 ], [ -99.054371271668614, 19.31116951740103 ], [ -99.05457451082404, 19.310913309745558 ], [ -99.054885087329893, 19.310521788326184 ], [ -99.055182842158715, 19.310156949912365 ], [ -99.055670329250518, 19.309559628360617 ], [ -99.055758354410031, 19.309451876813458 ], [ -99.056298403822339, 19.30881020950557 ], [ -99.056372538473781, 19.308722124858441 ], [ -99.056532925406245, 19.308525510002312 ], [ -99.056929112467913, 19.308039274953831 ], [ -99.057267107094972, 19.307623192364019 ], [ -99.057438527814369, 19.307411884735288 ], [ -99.058390189799795, 19.30624062062288 ], [ -99.05982006535676, 19.304509661230274 ], [ -99.06047981733829, 19.304732963797516 ], [ -99.06084619457576, 19.304856293777117 ], [ -99.062599606628709, 19.305446514921019 ], [ -99.063391564859813, 19.305713437367178 ], [ -99.063414186923396, 19.305649463761171 ], [ -99.063439252820046, 19.305578579105461 ], [ -99.063708461785154, 19.304817270327625 ], [ -99.063823724484507, 19.304491311199225 ], [ -99.064160431245313, 19.303527702309864 ], [ -99.064361922885936, 19.302951054962353 ], [ -99.064434945249033, 19.302742071777132 ], [ -99.064486826541355, 19.302579848462148 ], [ -99.064504147722232, 19.30252568822182 ], [ -99.064791027648212, 19.301628660467383 ], [ -99.064600287392452, 19.301109133549662 ], [ -99.064425147290692, 19.300632094295668 ], [ -99.064126164837717, 19.29988143861441 ], [ -99.06409865433173, 19.299812690245496 ], [ -99.063723853001576, 19.298876060762527 ], [ -99.063650409589627, 19.298752198203946 ], [ -99.063615033159422, 19.298694172695001 ], [ -99.06349595898088, 19.298513729467675 ], [ -99.063478151858618, 19.298488536582404 ], [ -99.063460344741813, 19.298463343695321 ], [ -99.0632669059747, 19.298189672667185 ], [ -99.063043889343135, 19.297895515358555 ], [ -99.06283780506314, 19.297623690509962 ], [ -99.062663127777498, 19.29738460762584 ], [ -99.062674426605042, 19.297199445560501 ], [ -99.062659134608055, 19.296981727744061 ], [ -99.062652053043308, 19.296880904686002 ], [ -99.062640367934222, 19.296834349418315 ], [ -99.062521201896402, 19.296359572066017 ], [ -99.062458341328252, 19.296109123935793 ], [ -99.062351319066337, 19.295687779056902 ], [ -99.062129747562565, 19.29488946704214 ], [ -99.062005151987123, 19.294443189356254 ], [ -99.06171561770276, 19.294231970816291 ], [ -99.061554720949843, 19.294114594377135 ], [ -99.061570890659453, 19.293704182791117 ], [ -99.061592836473508, 19.293147161797041 ], [ -99.061614782144858, 19.292590140766702 ], [ -99.062054829913251, 19.292118173378043 ], [ -99.062438231523117, 19.291706957991046 ], [ -99.0627820068066, 19.291338241171587 ], [ -99.063382808234238, 19.29071651918288 ], [ -99.063517132066224, 19.290584153148771 ], [ -99.063714437946146, 19.290389722475904 ], [ -99.06427737724114, 19.289853049174933 ], [ -99.064978692312465, 19.289100947892209 ], [ -99.065340364817601, 19.288743593461135 ], [ -99.065414459598088, 19.288670317597727 ], [ -99.065661625969639, 19.288391983381313 ], [ -99.065693278235017, 19.288356339651607 ], [ -99.065922739468803, 19.288129412715829 ], [ -99.065985124761113, 19.288067716282903 ], [ -99.066312599361098, 19.287743856550868 ], [ -99.066671677669319, 19.287388739824731 ], [ -99.066912763544167, 19.287150312503638 ], [ -99.06692851008529, 19.287133335841649 ], [ -99.066957657939398, 19.287101910942333 ], [ -99.067040117804567, 19.287054179489175 ], [ -99.067159041799812, 19.286925964757192 ], [ -99.067345367353568, 19.286725082274309 ], [ -99.067531692453073, 19.286524199598265 ], [ -99.067705153998773, 19.286337184891458 ], [ -99.067903813213007, 19.286123003006612 ], [ -99.068031036047998, 19.285985838930454 ], [ -99.068071086474092, 19.28594265888281 ], [ -99.068254420259933, 19.285744998620277 ], [ -99.06843614525566, 19.28554907221314 ], [ -99.068487014978842, 19.285494227015846 ], [ -99.068522998498395, 19.285455431349813 ], [ -99.068610605191239, 19.285360978003624 ], [ -99.068741364880381, 19.285219998880024 ], [ -99.068973355962072, 19.284969875865642 ], [ -99.069094011018208, 19.284839888918082 ], [ -99.07141140698063, 19.287050436573754 ], [ -99.072035634785593, 19.287572491599445 ], [ -99.072183944257262, 19.287696525167334 ], [ -99.072433441333047, 19.287928930957154 ], [ -99.074501200414957, 19.289327671363026 ], [ -99.075041558810128, 19.289693190224359 ], [ -99.075330259747176, 19.2900789160452 ], [ -99.076066867309152, 19.290968616160669 ], [ -99.076908531567128, 19.29197744961639 ], [ -99.076982866349596, 19.292066606336256 ], [ -99.077811122506034, 19.293088032007685 ], [ -99.077894046594295, 19.293190295099972 ], [ -99.078084638767422, 19.293425012500666 ], [ -99.078701948486511, 19.294185233569902 ], [ -99.07900713051913, 19.294561063897628 ], [ -99.079233612403414, 19.294839973886553 ], [ -99.079730669770385, 19.295452090313447 ], [ -99.080009491087353, 19.295795450701913 ], [ -99.080416289219187, 19.296296407470884 ], [ -99.082281504276537, 19.298501785315043 ], [ -99.082557521761061, 19.29881909733032 ], [ -99.083119820378911, 19.299465515412912 ], [ -99.083241850663157, 19.299592843075072 ], [ -99.083393171735636, 19.299750732658701 ], [ -99.083545018669071, 19.299931471891576 ], [ -99.083783884555146, 19.300215786323662 ], [ -99.084029389620895, 19.300508001796587 ], [ -99.08454827996033, 19.301125657267939 ], [ -99.084812849072961, 19.30144051496378 ], [ -99.085077401025401, 19.301755394935366 ], [ -99.085312453678895, 19.302035162353906 ], [ -99.085502725956246, 19.302261629764946 ], [ -99.085612194181536, 19.302387687890704 ], [ -99.085858641176074, 19.302671482950608 ], [ -99.08610508902126, 19.302955277665728 ], [ -99.086342378386433, 19.303228524767245 ], [ -99.086599295865668, 19.303524372952403 ], [ -99.08662836088503, 19.303557842103562 ], [ -99.086874775265898, 19.303841594147475 ], [ -99.087056424309964, 19.304050766511605 ], [ -99.087202473187872, 19.30420362170759 ], [ -99.087656314330559, 19.304678610634241 ], [ -99.087717061109672, 19.304742187754492 ], [ -99.088057149061214, 19.305169247575485 ], [ -99.088800805763668, 19.306103072147934 ], [ -99.089128744929184, 19.306514867531867 ], [ -99.089394474598748, 19.306848544075237 ], [ -99.089717344821466, 19.307253969601312 ], [ -99.089949948441472, 19.307546046476038 ], [ -99.090447826248777, 19.308171219637995 ], [ -99.090885059329622, 19.308720237587483 ], [ -99.092395558314777, 19.310616880529913 ], [ -99.094409271868727, 19.313145291429791 ], [ -99.095547947790919, 19.314551090232111 ], [ -99.095698327204516, 19.314714071291409 ], [ -99.096546966446311, 19.315742939550162 ], [ -99.096815513610963, 19.316048534451166 ], [ -99.097223751801337, 19.316588453061478 ], [ -99.097535331325048, 19.317046892507008 ], [ -99.097975815219385, 19.317647939541786 ], [ -99.098727888347, 19.318707422756152 ], [ -99.098749523362883, 19.31898257442349 ], [ -99.098728328941036, 19.319441191504247 ], [ -99.098814416608533, 19.319787646894813 ], [ -99.098889886135211, 19.32032774144367 ], [ -99.098781452643848, 19.320493984338565 ], [ -99.09903252204461, 19.320469400426305 ], [ -99.099096712022558, 19.32075089979206 ], [ -99.099135705396691, 19.320921635575214 ], [ -99.099193718102939, 19.321037731013298 ], [ -99.09925173089141, 19.321153826431182 ], [ -99.099531142526146, 19.321489597364639 ], [ -99.099902452399945, 19.321935800246635 ], [ -99.100274649112862, 19.322304958443052 ], [ -99.100462907926484, 19.322491679431707 ], [ -99.100702968558124, 19.322717036454332 ], [ -99.100868509696113, 19.322872438537605 ], [ -99.100908499411702, 19.322901536726285 ], [ -99.101095994844997, 19.323037972950718 ], [ -99.101402636750706, 19.323243203658308 ], [ -99.101635600638488, 19.323399122110626 ], [ -99.102004582273821, 19.323619963712428 ], [ -99.10258251979181, 19.323965866150605 ], [ -99.103836241443133, 19.324667974165333 ], [ -99.104280602257404, 19.324918726857803 ], [ -99.104896680521932, 19.325526142697043 ], [ -99.105393544080357, 19.326043950810732 ], [ -99.105926327559501, 19.326654741220132 ], [ -99.106407892986809, 19.3271815737784 ], [ -99.106777647340337, 19.327573393356666 ], [ -99.107000420208038, 19.327789646271917 ], [ -99.107127584812602, 19.327944211038652 ], [ -99.107412492299176, 19.328186393187003 ], [ -99.107587916194106, 19.328335509556656 ], [ -99.108366074069806, 19.329529837712901 ], [ -99.109128361691774, 19.330699071240492 ], [ -99.109673569988317, 19.331466822504538 ], [ -99.109816559614998, 19.331772963749007 ], [ -99.109938443398434, 19.332149399269252 ], [ -99.110055066280594, 19.332565998819842 ], [ -99.110224462421201, 19.332816902448862 ], [ -99.110372627980226, 19.332952356028756 ], [ -99.110717815730808, 19.333169539576389 ], [ -99.111025476538927, 19.33333203942912 ], [ -99.111520700397207, 19.3336795746105 ], [ -99.112015474096182, 19.334131081936359 ], [ -99.112093176869593, 19.334236681440295 ], [ -99.112314547658272, 19.33453752749309 ], [ -99.112595168204834, 19.335024305813644 ], [ -99.112898287207329, 19.335715097086208 ], [ -99.113045603979259, 19.335861307953323 ], [ -99.113128327140572, 19.336033206985888 ], [ -99.113496739540992, 19.336607934241364 ], [ -99.113579629644605, 19.336749345972073 ], [ -99.113822880959972, 19.337299319699493 ], [ -99.114034517381668, 19.338125226465745 ], [ -99.114178818919655, 19.338895702661194 ], [ -99.114208443501823, 19.338951298404577 ], [ -99.114238112481246, 19.339006977424063 ], [ -99.114255101179211, 19.339038859662178 ], [ -99.114279466010387, 19.339084584468928 ], [ -99.114275094088256, 19.339644286812597 ], [ -99.114375389822072, 19.340392583576982 ], [ -99.114392688611474, 19.340521647454658 ], [ -99.115271765310752, 19.342475154941454 ], [ -99.115496917901154, 19.342975486699252 ], [ -99.115752931524227, 19.343528850166589 ], [ -99.116020765434484, 19.343820701551032 ], [ -99.116321211783799, 19.344247858835796 ], [ -99.116649323128115, 19.344886298117466 ], [ -99.11688099292158, 19.345318246745865 ], [ -99.116977398974583, 19.345471318182845 ], [ -99.11730631632409, 19.346028940499369 ], [ -99.117446187748641, 19.346266066893989 ], [ -99.118146392077549, 19.347455658968471 ], [ -99.119601871151048, 19.349716030585814 ], [ -99.120128365510794, 19.350510181124694 ], [ -99.120303112882908, 19.350837865288558 ], [ -99.12039401911656, 19.350942933511899 ], [ -99.120484925466712, 19.351048001688039 ], [ -99.120719694898384, 19.351669429898809 ], [ -99.12096477900748, 19.352284955188253 ], [ -99.121129002656659, 19.352701329079139 ], [ -99.1213044302594, 19.353321909972657 ], [ -99.121475767844188, 19.353928017507336 ], [ -99.12162896549232, 19.354445991717888 ], [ -99.12170042456701, 19.354959417925016 ], [ -99.121737691432543, 19.355227175250153 ], [ -99.121920637379986, 19.356840888391975 ], [ -99.121970183001991, 19.357619717854398 ], [ -99.122399309392449, 19.357653462806599 ], [ -99.122966822118244, 19.35770885915014 ], [ -99.123787884044305, 19.35779349202976 ], [ -99.124589075525222, 19.357878380686696 ], [ -99.124673533603726, 19.357888892510115 ], [ -99.125085853209441, 19.357940596971243 ], [ -99.125698979121552, 19.35801696376565 ], [ -99.125872402322685, 19.358038624597743 ], [ -99.1260760939156, 19.358063826494575 ], [ -99.1263006942701, 19.358087354726994 ], [ -99.126576325017609, 19.358116228310688 ], [ -99.126735887764823, 19.35813407387548 ], [ -99.127111355236707, 19.358174904680958 ], [ -99.127550937539965, 19.358227444472885 ], [ -99.127616409914921, 19.35823393326767 ], [ -99.127886880366674, 19.358267821834197 ], [ -99.128302153797762, 19.358315161443997 ], [ -99.128405768161002, 19.358327434607592 ], [ -99.128713320890483, 19.358363884261664 ], [ -99.128888269327575, 19.35838458626603 ], [ -99.129129229455543, 19.358413010688487 ], [ -99.129370307498206, 19.358441574804033 ], [ -99.129543871912034, 19.358462093981519 ], [ -99.129838641463834, 19.35849694191338 ], [ -99.129980453431997, 19.358513706881254 ], [ -99.13010611853278, 19.358577476385129 ], [ -99.130256191402722, 19.358543895002921 ], [ -99.130317661262112, 19.358550611512591 ], [ -99.130871871308372, 19.358611166360085 ], [ -99.131002350715988, 19.358624846616596 ], [ -99.131096594701617, 19.358455855918429 ], [ -99.131190889304335, 19.358286875581481 ], [ -99.131466685597218, 19.357800987451991 ], [ -99.131666709411348, 19.357485003303093 ], [ -99.132061940712404, 19.357056630906573 ], [ -99.132480376273534, 19.356795210876811 ], [ -99.132579254404831, 19.356733435931705 ], [ -99.132964426177693, 19.356545481040129 ], [ -99.133140969271778, 19.356459331688637 ], [ -99.133505715482016, 19.356348255374456 ], [ -99.133695374144125, 19.356290498195637 ], [ -99.134211203226158, 19.356229103397194 ], [ -99.134397186787851, 19.356236291651861 ], [ -99.134603716607344, 19.356253595629898 ], [ -99.135821171775092, 19.356355594549878 ], [ -99.140213390510141, 19.35664350522767 ], [ -99.14020660510478, 19.356674803652833 ], [ -99.140171709860468, 19.356835761596859 ], [ -99.140157208919319, 19.356902242733597 ], [ -99.140153118843173, 19.356921839342391 ], [ -99.140146060453446, 19.35695565789521 ], [ -99.140130158736397, 19.357031847042396 ], [ -99.140095741602892, 19.357196745444526 ], [ -99.140083942928783, 19.357253278256415 ], [ -99.139992788388909, 19.357532151605227 ], [ -99.139574530592697, 19.359518498667921 ], [ -99.139562434062256, 19.359575945546528 ], [ -99.139352503218191, 19.360519564023615 ], [ -99.139219915674616, 19.36116006164827 ], [ -99.139070065342722, 19.361825479370633 ], [ -99.138919727559667, 19.362493056132706 ], [ -99.13878704847167, 19.363082214658089 ], [ -99.138658216273512, 19.363654287040745 ], [ -99.138520096762875, 19.364294588510152 ], [ -99.138391075122485, 19.364905221600683 ], [ -99.138259834607837, 19.365520470025054 ], [ -99.138124337008378, 19.366128527291604 ], [ -99.137998688519914, 19.366712288542907 ], [ -99.137873143378258, 19.367260770880343 ], [ -99.137705936585903, 19.368005160941578 ], [ -99.137565245600896, 19.36866234281916 ], [ -99.137323437228886, 19.36964758618717 ], [ -99.137054211554869, 19.370789813174529 ], [ -99.136860313547956, 19.371653015414193 ], [ -99.136574950377835, 19.372906391590075 ], [ -99.13635941056323, 19.373876946572768 ], [ -99.136137213397745, 19.374919315674337 ], [ -99.135910669804559, 19.375885592284678 ], [ -99.135585100361411, 19.37727664331463 ], [ -99.135345101911398, 19.377318300752158 ], [ -99.134158847336749, 19.377435269062968 ], [ -99.133838853634373, 19.377423980669597 ], [ -99.133338152952035, 19.377387766290106 ], [ -99.132885201664067, 19.37734839877168 ], [ -99.132458450207665, 19.377316291543423 ], [ -99.132012838542636, 19.37726340336603 ], [ -99.13156053326648, 19.377210423757241 ], [ -99.131383081605179, 19.377189515977093 ], [ -99.131065172307316, 19.377151134197245 ], [ -99.130840305072965, 19.377124852604464 ], [ -99.130569435093975, 19.377093192242668 ], [ -99.130205466717044, 19.377057505941469 ], [ -99.130081586203019, 19.37704535955897 ], [ -99.129714503022626, 19.377003468965672 ], [ -99.129495358330757, 19.376972854309429 ], [ -99.129111979333871, 19.376899235969198 ], [ -99.12841921012307, 19.376766204762124 ], [ -99.128082926437969, 19.376703963061534 ], [ -99.127631404796929, 19.376620391272667 ], [ -99.127454597353534, 19.376587350988128 ], [ -99.127297768661577, 19.37655823939464 ], [ -99.127207529102591, 19.376541488456542 ], [ -99.12681786309868, 19.376469155200482 ], [ -99.126647635111667, 19.376437555690867 ], [ -99.126388793298432, 19.376389504013066 ], [ -99.12598264516356, 19.376314111616015 ], [ -99.125928045290308, 19.376303975961605 ], [ -99.125639926295108, 19.37625003310994 ], [ -99.125039712819188, 19.376134746859496 ], [ -99.124609185274821, 19.376059389495243 ], [ -99.124481952571202, 19.376037635312933 ], [ -99.124122312069829, 19.375966921610175 ], [ -99.123973576880246, 19.375936962093473 ], [ -99.123572719168209, 19.375861381887958 ], [ -99.123191683002489, 19.375786407535315 ], [ -99.122704750988376, 19.375703717724502 ], [ -99.122387038228851, 19.375651849028216 ], [ -99.122437720313982, 19.377766280934352 ], [ -99.122472290171828, 19.38016617664206 ], [ -99.122391036925578, 19.381444803718633 ], [ -99.12235557705965, 19.382476249319893 ], [ -99.121127997101553, 19.382392156633809 ], [ -99.120871229844127, 19.382373417685027 ], [ -99.120522841102414, 19.382350749910145 ], [ -99.120471156796242, 19.382349190672713 ], [ -99.118775647974189, 19.38229668107115 ], [ -99.118404373343239, 19.382271906357534 ], [ -99.1180789174974, 19.382230341273221 ], [ -99.11780716572153, 19.382215076411558 ], [ -99.117718786272761, 19.382210111866264 ], [ -99.117642155394591, 19.382214165426991 ], [ -99.117353142616835, 19.382229453108664 ], [ -99.117016358965131, 19.382199820546862 ], [ -99.116690766056252, 19.382173549229794 ], [ -99.116368298657434, 19.382153655631551 ], [ -99.116041998833055, 19.382110000264515 ], [ -99.115697840471128, 19.382074598552272 ], [ -99.115365039498172, 19.382051825532638 ], [ -99.115042644340704, 19.382004902939332 ], [ -99.11475211027161, 19.381966752038995 ], [ -99.114425971791235, 19.381923612461044 ], [ -99.114092912546255, 19.381881844227831 ], [ -99.113730515152611, 19.381844221463453 ], [ -99.113390314732257, 19.381807969789637 ], [ -99.113053279149938, 19.38176744510158 ], [ -99.112787909450489, 19.38172867364111 ], [ -99.112697662492707, 19.381714954378829 ], [ -99.112354414938082, 19.381658846372201 ], [ -99.112077709894663, 19.38161942896539 ], [ -99.112002461396457, 19.381608709530408 ], [ -99.111677354346156, 19.381564350242019 ], [ -99.11155419040648, 19.381546557425526 ], [ -99.111338773173216, 19.381514357490072 ], [ -99.111102487530886, 19.381476138654445 ], [ -99.110868788564829, 19.381442001957314 ], [ -99.110604514749923, 19.381401687256428 ], [ -99.109927118314118, 19.381281177671976 ], [ -99.109461815964622, 19.381216945940569 ], [ -99.109158056365516, 19.381180174430472 ], [ -99.108888877505649, 19.381146318487783 ], [ -99.108824934209125, 19.381138275965771 ], [ -99.108749544531264, 19.381128937459831 ], [ -99.108684771827697, 19.381121686897462 ], [ -99.108514404179815, 19.381102616077442 ], [ -99.10798124927264, 19.381056401001455 ], [ -99.107396209700326, 19.381005686616039 ], [ -99.10716978445636, 19.380985594615499 ], [ -99.106909084231617, 19.3809591201294 ], [ -99.106716170177918, 19.380937765025557 ], [ -99.106322243180628, 19.380882917613924 ], [ -99.10602164659781, 19.380836242968385 ], [ -99.105894824970321, 19.380824723350226 ], [ -99.105709534181116, 19.380809518096289 ], [ -99.10565381522045, 19.380804945673219 ], [ -99.105448506114399, 19.380782535780035 ], [ -99.105071502420429, 19.380733084476258 ], [ -99.1047684682637, 19.380693335114998 ], [ -99.104226278141027, 19.380620260486399 ], [ -99.103750259518819, 19.380558328733027 ], [ -99.103441719834677, 19.380518454596448 ], [ -99.103381090010529, 19.380509378328302 ], [ -99.103027020366071, 19.380462429373345 ], [ -99.101580631674025, 19.380270633566759 ], [ -99.101296849769085, 19.380240203704759 ], [ -99.101214683270697, 19.380232918795624 ], [ -99.10107824972809, 19.380223036037656 ], [ -99.100819152845219, 19.38019540939414 ], [ -99.099511548828929, 19.380069704040054 ], [ -99.099143904277639, 19.380031772189895 ], [ -99.098776259892901, 19.379993839596029 ], [ -99.098362960132846, 19.379948366575785 ], [ -99.09802598888588, 19.379917385932679 ], [ -99.097687745020451, 19.37988291737463 ], [ -99.097357217926756, 19.37984923456807 ], [ -99.097096124319876, 19.379822627039562 ], [ -99.096723855472291, 19.379784689200779 ], [ -99.096370579041235, 19.379742427914032 ], [ -99.095811479936827, 19.379625143560787 ], [ -99.095622742136257, 19.379536259632136 ], [ -99.095262709955122, 19.380137342074836 ], [ -99.095086014542886, 19.380432337463525 ], [ -99.094902085732215, 19.38073940779411 ], [ -99.094717828673737, 19.381046725505662 ], [ -99.094552877687576, 19.381322066640848 ], [ -99.094339484759786, 19.381678665405055 ], [ -99.093985023085907, 19.382270429756296 ], [ -99.093567419185504, 19.382929877012693 ], [ -99.093295238012189, 19.383359680743514 ], [ -99.093194604985513, 19.38351859058168 ], [ -99.092977762376947, 19.383861005989978 ], [ -99.092874884396352, 19.384023459657872 ], [ -99.092295573796264, 19.384945141293407 ], [ -99.092245180309192, 19.385025316618755 ], [ -99.091903413136407, 19.385569060910299 ], [ -99.091583313265986, 19.386078329115961 ], [ -99.091158836430793, 19.38675365181486 ], [ -99.090935423426771, 19.387098610694718 ], [ -99.090759436268485, 19.387373548513402 ], [ -99.090587333632669, 19.387643176113254 ], [ -99.090460551437772, 19.387841694403761 ], [ -99.09041066593494, 19.387919805362632 ], [ -99.090236959048141, 19.388191864853592 ], [ -99.089886107537154, 19.388741333599526 ], [ -99.089699596058168, 19.389026670555438 ], [ -99.089526139532595, 19.389291561178343 ], [ -99.089344256394938, 19.389569133810689 ], [ -99.089161130228362, 19.389848909647249 ], [ -99.08899884253664, 19.390095390866769 ], [ -99.088825077821383, 19.390361979424778 ], [ -99.088581222080236, 19.390732030198812 ], [ -99.088449985691639, 19.39069242280037 ], [ -99.088383242666254, 19.390673286233021 ], [ -99.086853149803488, 19.390234569880263 ], [ -99.086745468057458, 19.390156277991881 ], [ -99.086510690927355, 19.390052796507142 ], [ -99.084847054512622, 19.389671894255393 ], [ -99.084599885771496, 19.389432482985384 ], [ -99.08451192050633, 19.389953648473025 ], [ -99.084389866638617, 19.390619182186288 ], [ -99.084379841689582, 19.390670718412409 ], [ -99.08431287714437, 19.391014968689294 ], [ -99.084303053298612, 19.391065470836924 ], [ -99.084222704736831, 19.391506812658548 ], [ -99.084152845243111, 19.391901781998655 ], [ -99.084038275503687, 19.392521748803546 ], [ -99.084014906803773, 19.392648202362874 ], [ -99.083660385189361, 19.392463724871629 ], [ -99.0836068640278, 19.392435874711158 ], [ -99.083235406715929, 19.392242583256749 ], [ -99.083168520235731, 19.392211395555513 ], [ -99.082811644885126, 19.39202207314165 ], [ -99.08245260847184, 19.39184118804102 ], [ -99.082391433280108, 19.391805238020375 ], [ -99.082128067308517, 19.391667119084893 ], [ -99.081941700513312, 19.391569381015515 ], [ -99.081795329287331, 19.391487823486784 ], [ -99.08143345869901, 19.391286189617784 ], [ -99.081116812990672, 19.391131483616956 ], [ -99.080916757944934, 19.391033433683212 ], [ -99.080760941346909, 19.390954853258499 ], [ -99.08045876849809, 19.390797745051074 ], [ -99.080393882670421, 19.39076397290129 ], [ -99.08006103654715, 19.390591243282678 ], [ -99.07999161519399, 19.390555217189512 ], [ -99.079934225213137, 19.390525434724523 ], [ -99.079404181728066, 19.390255020276591 ], [ -99.079351828747207, 19.390228340171312 ], [ -99.078879373627203, 19.389987679247575 ], [ -99.078827346205031, 19.389961292531087 ], [ -99.078402492357981, 19.38974531440811 ], [ -99.078350749413104, 19.389719028389891 ], [ -99.077851945538114, 19.389465090888876 ], [ -99.077324161577579, 19.389196433070726 ], [ -99.07726802273659, 19.389166868792046 ], [ -99.076780864391907, 19.388910316445472 ], [ -99.076370100836627, 19.38869399426321 ], [ -99.076308828296476, 19.388661725912048 ], [ -99.075961673158588, 19.388478900740189 ], [ -99.075849855918534, 19.388420013276178 ], [ -99.074828047057537, 19.387881882387347 ], [ -99.074348793687662, 19.38763906447312 ], [ -99.073889993881835, 19.387406607669607 ], [ -99.073487335609926, 19.387202594189631 ], [ -99.073042956211239, 19.386977440377681 ], [ -99.072562299280861, 19.386733903892232 ], [ -99.072122500931869, 19.386511067641944 ], [ -99.071757766720154, 19.386326263483532 ], [ -99.071393033329542, 19.386141458587364 ], [ -99.070933830433162, 19.385897301888185 ], [ -99.070456634447694, 19.385643576312102 ], [ -99.069972453221695, 19.385386134583655 ], [ -99.069469045417094, 19.385118467745684 ], [ -99.068991767496399, 19.384864692317041 ], [ -99.067630968173162, 19.384140486906674 ], [ -99.066773750954283, 19.383728721883802 ], [ -99.066398235252663, 19.383635038268338 ], [ -99.065872522113594, 19.383539378630378 ], [ -99.063675743476821, 19.383156413780277 ], [ -99.060917327743809, 19.382679931063855 ], [ -99.06083127342967, 19.383138252732792 ], [ -99.060778456512892, 19.383548713520607 ], [ -99.060667088122273, 19.384379065158498 ], [ -99.060594615693688, 19.384852459976038 ], [ -99.060524746406173, 19.385308848284545 ], [ -99.060462138030104, 19.385746976557396 ], [ -99.060382526908015, 19.386168963891574 ], [ -99.060310794216718, 19.386760024538678 ], [ -99.060257329808451, 19.387079906422898 ], [ -99.060108071604233, 19.387972922288803 ], [ -99.060051268569566, 19.388312777955491 ], [ -99.059912860918743, 19.389140862984345 ], [ -99.059821699856158, 19.389686269757178 ], [ -99.059778414979178, 19.389911729712775 ], [ -99.05963575022362, 19.390708509732168 ], [ -99.059533393215418, 19.391395761900384 ], [ -99.059451571993748, 19.391910321730567 ], [ -99.059380610184533, 19.392304420517132 ], [ -99.059250921189275, 19.393030624318516 ], [ -99.059120103797454, 19.393824617529411 ], [ -99.059042683406659, 19.394294515175147 ], [ -99.058793355447875, 19.395103666989755 ], [ -99.058632247885882, 19.39562650994224 ], [ -99.058588763267522, 19.396084268298807 ], [ -99.058474256217039, 19.397140604762239 ], [ -99.058425565234018, 19.397661296642109 ], [ -99.058377542992574, 19.398005736396165 ], [ -99.058366160587369, 19.398174428070501 ], [ -99.058356994760004, 19.398329239614021 ], [ -99.058347254484787, 19.398492655668974 ], [ -99.058282680636566, 19.399936753493385 ], [ -99.058176632889499, 19.400881146838785 ] ] ] ] } },
{ "type": "Feature", "properties": { "ID": 15.0, "ENTIDAD": 9, "MUNICIPIO": 8, "NOMBRE": "LA MAGDALENA CONTRERAS", "CONTROL": 11.0, "GEOMETRY1_": null, "ClaveEnt": "09" }, "geometry": { "type": "MultiPolygon", "coordinates": [ [ [ [ -99.207982304056245, 19.337287758800141 ], [ -99.207917561317785, 19.337265903174089 ], [ -99.207720798731913, 19.336797920464861 ], [ -99.207599599313525, 19.336441081731817 ], [ -99.207095973014461, 19.336612876466404 ], [ -99.20691216086324, 19.336597224715089 ], [ -99.206703469475556, 19.336411389293293 ], [ -99.206644103929619, 19.336358525364222 ], [ -99.206555305931019, 19.336279452275502 ], [ -99.206919195580085, 19.335971306427556 ], [ -99.20825325294868, 19.334793463423306 ], [ -99.20897661814756, 19.333794662410053 ], [ -99.209336282726795, 19.333335553606556 ], [ -99.20968134833619, 19.332693055662936 ], [ -99.210324538618679, 19.331155005568384 ], [ -99.212656213241502, 19.326867042548002 ], [ -99.21420505144674, 19.325424735280684 ], [ -99.214189087630942, 19.325376709806854 ], [ -99.220532519356652, 19.321077571201677 ], [ -99.220812696105455, 19.320765143173208 ], [ -99.221088712747587, 19.320346968678688 ], [ -99.221412767698268, 19.319856011290579 ], [ -99.221452030133634, 19.319754098885642 ], [ -99.221517668824077, 19.319442512064711 ], [ -99.221568056594549, 19.319201731869207 ], [ -99.221539721683328, 19.318626166266956 ], [ -99.221400912789647, 19.317891882484044 ], [ -99.221259716013705, 19.317078424724258 ], [ -99.221044445297309, 19.315975999576274 ], [ -99.220890362594304, 19.314952393476801 ], [ -99.220700120022343, 19.314041565926697 ], [ -99.220390960280582, 19.313182251421015 ], [ -99.219818944470575, 19.312005929700636 ], [ -99.219240088668101, 19.311183841118414 ], [ -99.218856434351991, 19.310666286116565 ], [ -99.219211692781926, 19.310768291658995 ], [ -99.219671039656404, 19.310891712162054 ], [ -99.220101432657856, 19.311012395571527 ], [ -99.220495903039634, 19.311066394906057 ], [ -99.220665775042036, 19.3110916244162 ], [ -99.220688147894748, 19.311193834287444 ], [ -99.221791372076368, 19.311112163665328 ], [ -99.222992457457678, 19.310995750953186 ], [ -99.224041317057313, 19.310913034783042 ], [ -99.224715864779498, 19.310735342529302 ], [ -99.225079009755902, 19.310639680132716 ], [ -99.225110088587414, 19.310409716353565 ], [ -99.225241777805238, 19.309872014610004 ], [ -99.225342243169493, 19.309780061460362 ], [ -99.225442708421369, 19.309688108255617 ], [ -99.225728663264903, 19.30943797956542 ], [ -99.225993458613971, 19.309301883320504 ], [ -99.226347840792855, 19.309069923185703 ], [ -99.226780137837437, 19.308812237972724 ], [ -99.227792519182699, 19.307900032237431 ], [ -99.227722534284084, 19.307650344306072 ], [ -99.227629428085663, 19.307466802159066 ], [ -99.227466230434857, 19.30724328248095 ], [ -99.227389144642757, 19.307116602951012 ], [ -99.227535073892511, 19.306947094462608 ], [ -99.228910293491538, 19.306372136519954 ], [ -99.229222019036428, 19.30643271035558 ], [ -99.229678905577472, 19.306250126238069 ], [ -99.229769064157068, 19.305996767655991 ], [ -99.229880195006118, 19.305906646038174 ], [ -99.229991325733209, 19.305816524353087 ], [ -99.231280534877143, 19.305223561276975 ], [ -99.231052854765366, 19.304840207715419 ], [ -99.231242362437257, 19.304736070894776 ], [ -99.231301282107083, 19.304689327065844 ], [ -99.231345429189972, 19.30462393426707 ], [ -99.231399308665914, 19.304488525346081 ], [ -99.231440887456941, 19.3040070382248 ], [ -99.231478306480724, 19.303573719403772 ], [ -99.231495575872415, 19.303368044587977 ], [ -99.231583397899186, 19.302856149720991 ], [ -99.231708991243735, 19.302124088861284 ], [ -99.231784705159399, 19.301934148294041 ], [ -99.231987753043597, 19.301692033762489 ], [ -99.232076952028862, 19.301609349988741 ], [ -99.232270646203148, 19.30143855923783 ], [ -99.232418479495763, 19.301338662924781 ], [ -99.233237129029746, 19.300785467411501 ], [ -99.232660290199661, 19.300121536883289 ], [ -99.232608244761153, 19.30004685000555 ], [ -99.232515034879455, 19.299866586069204 ], [ -99.232559206732731, 19.299877747330338 ], [ -99.232708738264151, 19.299783278963002 ], [ -99.232830606724235, 19.299592864796807 ], [ -99.232851642383025, 19.299379536071939 ], [ -99.232753075978081, 19.299239564779626 ], [ -99.232789245851166, 19.298731667154481 ], [ -99.232795203973168, 19.298597399957853 ], [ -99.232756277983853, 19.298468696935103 ], [ -99.232677954857351, 19.298288168575493 ], [ -99.232616310097441, 19.29817149963122 ], [ -99.232554632439573, 19.29803148120817 ], [ -99.232505168368149, 19.29783307346457 ], [ -99.232511118453132, 19.297692968897792 ], [ -99.232596958900814, 19.297529413084686 ], [ -99.232701218256906, 19.297348321634416 ], [ -99.232860825327194, 19.297178834301707 ], [ -99.233002004801662, 19.297021045093153 ], [ -99.233075498980156, 19.296822480553637 ], [ -99.233511579267571, 19.296524217314282 ], [ -99.233695759756728, 19.296343023077199 ], [ -99.233800174667607, 19.296272840923177 ], [ -99.233963017942614, 19.29627563751643 ], [ -99.234156528848004, 19.296114775209588 ], [ -99.234254479900514, 19.29582278082751 ], [ -99.234383419291518, 19.295705867878432 ], [ -99.234481752135167, 19.295682392144712 ], [ -99.234580093267425, 19.295664753722864 ], [ -99.234850316855216, 19.295465935653453 ], [ -99.234936253787239, 19.295372427113193 ], [ -99.235135383635196, 19.295297429363689 ], [ -99.235332734121357, 19.295135516252223 ], [ -99.235467562497973, 19.295054418844913 ], [ -99.235540283966444, 19.29503697570415 ], [ -99.23571981064687, 19.295135017045553 ], [ -99.235851227743879, 19.295151706458263 ], [ -99.236028751958969, 19.295127874385653 ], [ -99.236151897100996, 19.294940293517278 ], [ -99.235939393118883, 19.294723371786006 ], [ -99.235882373639399, 19.294602036954419 ], [ -99.235878733704183, 19.294521141101661 ], [ -99.235931901294322, 19.29447047209969 ], [ -99.236045455799925, 19.294413004471235 ], [ -99.236532009188267, 19.294425885291606 ], [ -99.236705971676088, 19.294395313545426 ], [ -99.236879793418922, 19.294266959115458 ], [ -99.236993376566872, 19.294229721767255 ], [ -99.237128349055766, 19.294249777471677 ], [ -99.237252660438472, 19.294283311131771 ], [ -99.237359090603306, 19.29419215683664 ], [ -99.237536817855258, 19.294309939365132 ], [ -99.237706522899757, 19.294260216972425 ], [ -99.238032406952655, 19.294450910421705 ], [ -99.238136372559907, 19.294532821605362 ], [ -99.238453525319031, 19.294662785527713 ], [ -99.238620458680685, 19.294682798389694 ], [ -99.238748168976045, 19.294621958200239 ], [ -99.239120999458862, 19.29456413011032 ], [ -99.239220348306958, 19.294506679117518 ], [ -99.239382304157573, 19.294510756774486 ], [ -99.239546183838058, 19.294421976836009 ], [ -99.239705504360657, 19.294397139939175 ], [ -99.240008329208976, 19.294249387193894 ], [ -99.240172701561832, 19.294082275219584 ], [ -99.240421516084055, 19.294053879034799 ], [ -99.240704313296632, 19.294221496689133 ], [ -99.240832114871296, 19.294194353671188 ], [ -99.240938550363154, 19.294126776954283 ], [ -99.241265126562013, 19.294038678592806 ], [ -99.241364429848602, 19.293950880151701 ], [ -99.241520373086516, 19.293741621366383 ], [ -99.241605382492892, 19.293593148997214 ], [ -99.241974075249189, 19.293167811990681 ], [ -99.241646996442896, 19.292911986958213 ], [ -99.241680209241537, 19.292850055941486 ], [ -99.241710748161807, 19.292797260824777 ], [ -99.241909471551068, 19.292702586850496 ], [ -99.242079855271342, 19.292655155661972 ], [ -99.242164972712914, 19.292580862853722 ], [ -99.242298624296723, 19.292495159977516 ], [ -99.242328144860238, 19.292459261024661 ], [ -99.242320606014829, 19.292162551133767 ], [ -99.242370222087189, 19.292095048960089 ], [ -99.242362911954501, 19.29202686655027 ], [ -99.242395906782562, 19.291883004114965 ], [ -99.24245181874231, 19.291755086591806 ], [ -99.242533053875022, 19.29167628479777 ], [ -99.242696246837966, 19.291636048919404 ], [ -99.242881024827625, 19.291703133559988 ], [ -99.242937422054709, 19.291433419272305 ], [ -99.242908774688502, 19.291271610146662 ], [ -99.242861289348426, 19.289292498013317 ], [ -99.242721206623514, 19.289295974359671 ], [ -99.242564951238961, 19.289289438280104 ], [ -99.242380237980612, 19.289249221648383 ], [ -99.242230945858253, 19.289148265135303 ], [ -99.242081653918206, 19.289047308497086 ], [ -99.241903944050392, 19.288939645732089 ], [ -99.241797225177478, 19.288811657926534 ], [ -99.241711743314013, 19.288636436497917 ], [ -99.241452009792553, 19.28828948267607 ], [ -99.241313248633816, 19.288104216001727 ], [ -99.241249103314402, 19.287949197061536 ], [ -99.241113849250837, 19.287733579222493 ], [ -99.240800799317398, 19.287349604766 ], [ -99.240788158203387, 19.287116040398004 ], [ -99.241027362154369, 19.286870507671257 ], [ -99.241546404858596, 19.286571841008154 ], [ -99.241693688713966, 19.286199852685687 ], [ -99.24170920262091, 19.285881151979911 ], [ -99.242303162573123, 19.284962262744603 ], [ -99.242558161099311, 19.284483904069507 ], [ -99.242538089459387, 19.284419435908294 ], [ -99.242569957184429, 19.284354898795439 ], [ -99.242793645594929, 19.284320457373983 ], [ -99.242946586629358, 19.284181664116858 ], [ -99.242933496315729, 19.283954794408654 ], [ -99.242879535161421, 19.283823579998778 ], [ -99.242771817323273, 19.28369973067953 ], [ -99.242318118990198, 19.283350236522246 ], [ -99.242049228363584, 19.283314124546539 ], [ -99.241984604531197, 19.283177268234461 ], [ -99.242194621620641, 19.282941954417193 ], [ -99.242378633936923, 19.28271560646234 ], [ -99.242440049969389, 19.28269364395636 ], [ -99.24261673508731, 19.282707996793178 ], [ -99.242785653221702, 19.282664010371931 ], [ -99.242923771834967, 19.282569009817188 ], [ -99.243246310186535, 19.282524817871082 ], [ -99.243422747336439, 19.28237141571595 ], [ -99.243583800581717, 19.282203446547435 ], [ -99.243668086681836, 19.282064754326552 ], [ -99.243683276081427, 19.281948035253588 ], [ -99.243621601669972, 19.28179495029076 ], [ -99.243498414876868, 19.281598185223555 ], [ -99.243429156783321, 19.281510753381852 ], [ -99.243359898763558, 19.281423321512165 ], [ -99.243336780458762, 19.281372296562335 ], [ -99.243351948491281, 19.281240990181256 ], [ -99.243397840314373, 19.281109642876704 ], [ -99.243696966002872, 19.280817497129089 ], [ -99.243934740402011, 19.280591075893405 ], [ -99.243927016284459, 19.280561911495518 ], [ -99.244126471861946, 19.280393890572981 ], [ -99.244318289377574, 19.28025505435431 ], [ -99.244632786454744, 19.280232237027946 ], [ -99.24491783968044, 19.280035753041396 ], [ -99.244955371443282, 19.279962454409834 ], [ -99.244888615727447, 19.279587144744458 ], [ -99.244854273431088, 19.279123816979784 ], [ -99.244878030538075, 19.279056761117573 ], [ -99.245170268659862, 19.278059506712744 ], [ -99.245251659196853, 19.277766659967309 ], [ -99.245377132646169, 19.276920424777266 ], [ -99.245357659298293, 19.276738108933227 ], [ -99.245207548306965, 19.276512206315459 ], [ -99.245011494317367, 19.276381182998559 ], [ -99.244934681577021, 19.276377639111789 ], [ -99.244735069188437, 19.276436255944922 ], [ -99.244415512523048, 19.276155474405826 ], [ -99.244277600626745, 19.276123239673431 ], [ -99.244166078909359, 19.276021277159202 ], [ -99.24408528017419, 19.275919273548617 ], [ -99.244008273302086, 19.275784443274166 ], [ -99.243866261199074, 19.275839335412286 ], [ -99.243524096578724, 19.275624608123842 ], [ -99.243443186687855, 19.275409572205767 ], [ -99.243600241942332, 19.275139496743709 ], [ -99.243665147606336, 19.27488230795197 ], [ -99.24381057044647, 19.274537487568413 ], [ -99.243967575703422, 19.274234590275931 ], [ -99.244135791554058, 19.274006192121799 ], [ -99.24430144728025, 19.273673807752651 ], [ -99.244365941399408, 19.273541158333806 ], [ -99.244459875326399, 19.273307859119583 ], [ -99.244633826148174, 19.272935198342285 ], [ -99.244555729737954, 19.272767875899575 ], [ -99.244498240695918, 19.272661696436639 ], [ -99.244391336686633, 19.272538242981607 ], [ -99.244137527373198, 19.272301537410481 ], [ -99.244045177308266, 19.272177668098063 ], [ -99.243914284439015, 19.271959032275301 ], [ -99.243806433468876, 19.27174036562165 ], [ -99.243731906259129, 19.271056387168571 ], [ -99.243775851501667, 19.270709201333414 ], [ -99.243764019704926, 19.270576311068893 ], [ -99.243819755814201, 19.270361841436294 ], [ -99.243793150816856, 19.270268731621201 ], [ -99.243688508964894, 19.269902514238179 ], [ -99.243718853338393, 19.269647194786092 ], [ -99.243941099889355, 19.269318682515529 ], [ -99.244248207984427, 19.269245335636931 ], [ -99.244470517825931, 19.268960584756179 ], [ -99.244954154627436, 19.268806770025019 ], [ -99.245330178491784, 19.268594748960655 ], [ -99.245560241974985, 19.268361042160361 ], [ -99.245882458094684, 19.268119917480686 ], [ -99.246012838995426, 19.267995749432156 ], [ -99.246188713680738, 19.267477660973874 ], [ -99.246202863414723, 19.267226088213651 ], [ -99.246141913233643, 19.266996340653677 ], [ -99.246141760980052, 19.26689433835115 ], [ -99.246095287230432, 19.266631719056186 ], [ -99.246094884502199, 19.266361853164355 ], [ -99.245894903979575, 19.266165192634009 ], [ -99.245925418342708, 19.266026571528958 ], [ -99.246399261759876, 19.264465084346121 ], [ -99.246153213089286, 19.264275779794428 ], [ -99.246060833446549, 19.264130030334641 ], [ -99.245891891657408, 19.26414484495406 ], [ -99.245815080200785, 19.264174059891189 ], [ -99.245753713957384, 19.264188792834993 ], [ -99.245600023793557, 19.264130649794058 ], [ -99.245477010947454, 19.264043290686953 ], [ -99.245415244103199, 19.263824562896879 ], [ -99.245323125735396, 19.26385386125563 ], [ -99.245154184154245, 19.263868675191663 ], [ -99.244954456946303, 19.263839768071115 ], [ -99.244846696666883, 19.263679451199312 ], [ -99.244754296864215, 19.26351911370179 ], [ -99.24473874178922, 19.263387848092123 ], [ -99.244800031249596, 19.263285654393187 ], [ -99.244968777280718, 19.263139554621773 ], [ -99.245137739814908, 19.2631393282159 ], [ -99.245199159050088, 19.263124658495901 ], [ -99.245260491509626, 19.263051639347847 ], [ -99.245244957770481, 19.262934961130689 ], [ -99.245121750902626, 19.262716315588769 ], [ -99.245274506838015, 19.262147202884666 ], [ -99.245458264100364, 19.261767684402965 ], [ -99.245492428124734, 19.261501418806805 ], [ -99.245526592044001, 19.261235153197749 ], [ -99.245218805234401, 19.258879874750281 ], [ -99.245023312697626, 19.258620782327203 ], [ -99.244464529685942, 19.257900921598644 ], [ -99.243534073768998, 19.257652639171802 ], [ -99.242826375183512, 19.258235861921495 ], [ -99.242432992131796, 19.257722786290653 ], [ -99.242478896625002, 19.257293003565554 ], [ -99.242504443450571, 19.257053819421788 ], [ -99.243642985120573, 19.2558814278987 ], [ -99.243044044194789, 19.254773602182837 ], [ -99.243440882743556, 19.253891382095585 ], [ -99.242847744835572, 19.253035240389721 ], [ -99.242886158773331, 19.252174734731444 ], [ -99.242536804243983, 19.251308507563074 ], [ -99.243171152133343, 19.249785308524945 ], [ -99.246919560912815, 19.245695997363889 ], [ -99.248404453414764, 19.243570821050398 ], [ -99.249077582863663, 19.241382482676915 ], [ -99.249068434995024, 19.238396148827203 ], [ -99.249674372145535, 19.236529541641826 ], [ -99.251224937910621, 19.233181936258653 ], [ -99.253693806978134, 19.230419487961672 ], [ -99.256457018912258, 19.22852393140116 ], [ -99.258908870705454, 19.227190289838468 ], [ -99.260130121185298, 19.22652599193307 ], [ -99.263759559193844, 19.22526468581221 ], [ -99.265640751137184, 19.223191319528741 ], [ -99.268195795425711, 19.221067861550381 ], [ -99.272330742684332, 19.217793894392983 ], [ -99.272066621463779, 19.21611613484605 ], [ -99.272682332086987, 19.214093539833993 ], [ -99.27426149516711, 19.212550463236692 ], [ -99.276981449693452, 19.210505171989702 ], [ -99.279951124907271, 19.209794021470454 ], [ -99.285456656176009, 19.210604461037118 ], [ -99.288289846864672, 19.211900831754924 ], [ -99.28944564358396, 19.212134616602647 ], [ -99.291094718042928, 19.211346831125049 ], [ -99.292566616978675, 19.211472110320372 ], [ -99.294562021714086, 19.212047930037222 ], [ -99.296047375905289, 19.211967001481131 ], [ -99.29785066577044, 19.212798250196784 ], [ -99.299748189266325, 19.212481105477778 ], [ -99.301561126522486, 19.211065036597887 ], [ -99.302713486817154, 19.209414435759012 ], [ -99.303163178567701, 19.206748433343375 ], [ -99.302454472977161, 19.204972387793248 ], [ -99.328768657240431, 19.206023880004835 ], [ -99.324249709991491, 19.255270728726185 ], [ -99.326831366532758, 19.256344565861827 ], [ -99.326045810317709, 19.257166199292385 ], [ -99.325279012168863, 19.258013645752129 ], [ -99.32286642549262, 19.261262069814894 ], [ -99.32024414364615, 19.265659842016976 ], [ -99.322194444444506, 19.267561944473059 ], [ -99.311817225314641, 19.283613489253437 ], [ -99.306085386403026, 19.282974944785995 ], [ -99.302710051770845, 19.283026025848706 ], [ -99.301805699169719, 19.284110380083067 ], [ -99.30121319978285, 19.285286126068474 ], [ -99.300937330348191, 19.286455745619467 ], [ -99.298132191148525, 19.288762001601413 ], [ -99.2945452187098, 19.291342820585921 ], [ -99.294046243227882, 19.2913683869495 ], [ -99.292144896502293, 19.291361632416898 ], [ -99.291448189173806, 19.291549773886398 ], [ -99.290318703034558, 19.292089296411177 ], [ -99.28973775727286, 19.292591431653854 ], [ -99.289104742724561, 19.293255054977987 ], [ -99.288001549845347, 19.293819193699438 ], [ -99.285899390104007, 19.29424987402076 ], [ -99.284968125215855, 19.295007667372914 ], [ -99.284628572456725, 19.295423193117916 ], [ -99.284485123399733, 19.295747135368771 ], [ -99.284258542871683, 19.296636116048301 ], [ -99.283821457277568, 19.298350978536455 ], [ -99.278735219707301, 19.303552171427231 ], [ -99.278214589417644, 19.304084542149162 ], [ -99.278788116756445, 19.315802269892444 ], [ -99.278131851181087, 19.317435438245603 ], [ -99.27768813385336, 19.317680939155924 ], [ -99.276553708053171, 19.317309054329524 ], [ -99.275953245817433, 19.316916281486925 ], [ -99.274949087217891, 19.316492772089095 ], [ -99.274606296889601, 19.316348196609649 ], [ -99.274520021543537, 19.315758870923808 ], [ -99.274351799436374, 19.315517002325855 ], [ -99.274314915129324, 19.31546397020275 ], [ -99.27418952314008, 19.314776086042777 ], [ -99.273754242811663, 19.314521169775745 ], [ -99.273613953093133, 19.31421174747782 ], [ -99.27356718997234, 19.314108606684144 ], [ -99.272862228717671, 19.313559204018752 ], [ -99.272778780308784, 19.313185803533731 ], [ -99.272135751811021, 19.312518349985815 ], [ -99.271576303156436, 19.312302931948782 ], [ -99.271310747715233, 19.311369513590105 ], [ -99.271129432262086, 19.311291146146555 ], [ -99.270906897381664, 19.311330795100158 ], [ -99.270834471617349, 19.311360391449149 ], [ -99.270762045826658, 19.311389987769711 ], [ -99.270664060621002, 19.311467753534348 ], [ -99.270482865607192, 19.311611568130257 ], [ -99.270280843294344, 19.311533230534948 ], [ -99.270125532911948, 19.311528545691434 ], [ -99.269913479982236, 19.311646814847471 ], [ -99.269484091766955, 19.311819467724447 ], [ -99.26928747170723, 19.311878735672529 ], [ -99.26919449120868, 19.312001743055042 ], [ -99.268988007595155, 19.312360828508272 ], [ -99.268863749040136, 19.312351182016243 ], [ -99.268672096152883, 19.312282656984902 ], [ -99.268599521076268, 19.312221328726551 ], [ -99.268547540768566, 19.312091162819645 ], [ -99.268479946036479, 19.311909414383692 ], [ -99.266994607804762, 19.312152419269189 ], [ -99.266822570691517, 19.311410534786468 ], [ -99.266755320877934, 19.311440121956405 ], [ -99.266646752702172, 19.311528747186919 ], [ -99.266558891400805, 19.311617342107741 ], [ -99.266533421791678, 19.311872949368137 ], [ -99.266487085796186, 19.312030290919051 ], [ -99.266539227732025, 19.312261210770608 ], [ -99.266394262302043, 19.312251592838699 ], [ -99.266290742857052, 19.312261573549236 ], [ -99.266187223398688, 19.31227155420126 ], [ -99.265975643489142, 19.312684706635626 ], [ -99.265847066015738, 19.313205863691525 ], [ -99.265655343026467, 19.313757273216382 ], [ -99.265590401612755, 19.313856257711102 ], [ -99.265425409010604, 19.314107740809945 ], [ -99.265166155749398, 19.314471657859208 ], [ -99.265053979149371, 19.314629120946396 ], [ -99.264988447074742, 19.314721108612353 ], [ -99.26490791879317, 19.314812406002826 ], [ -99.264827390422397, 19.314903703357913 ], [ -99.26474890272199, 19.314974512559896 ], [ -99.264708313749665, 19.31501113065184 ], [ -99.264681617965053, 19.315035214733793 ], [ -99.264489862374617, 19.315239737021361 ], [ -99.263837700218772, 19.315816941703304 ], [ -99.263765591966433, 19.315872367676452 ], [ -99.263274443614549, 19.316267192925434 ], [ -99.263151333674529, 19.316366158269286 ], [ -99.263132981143201, 19.316384627708722 ], [ -99.263102941399509, 19.316414858796939 ], [ -99.263072901644776, 19.316445089880141 ], [ -99.263012822102183, 19.316505552031821 ], [ -99.26276231859832, 19.316757650145519 ], [ -99.262778572689982, 19.316831449570838 ], [ -99.262783771644891, 19.316855054682161 ], [ -99.262793107026724, 19.316897440630434 ], [ -99.262720650897208, 19.317066217709019 ], [ -99.262703448839275, 19.317106287598776 ], [ -99.262657984347086, 19.317155795533175 ], [ -99.262542500015996, 19.317280305431034 ], [ -99.262373505277267, 19.317339980714923 ], [ -99.262304257443418, 19.31735117532897 ], [ -99.262216717929903, 19.317365326938724 ], [ -99.261765613893274, 19.317658575740076 ], [ -99.261679243571464, 19.318052600421854 ], [ -99.261647050768318, 19.318199464727016 ], [ -99.26143196807628, 19.318701898812147 ], [ -99.261392822259822, 19.3187933432515 ], [ -99.261280950691898, 19.319054674095113 ], [ -99.261106787998273, 19.319294758426537 ], [ -99.260988035399564, 19.319458459109814 ], [ -99.260932624798443, 19.319534842591338 ], [ -99.260710494623709, 19.319943394263131 ], [ -99.260624622924794, 19.320101332687997 ], [ -99.260538751062327, 19.320259271071642 ], [ -99.260456636802758, 19.320426975217075 ], [ -99.260346454536489, 19.320652002810412 ], [ -99.260298415302159, 19.320710616717026 ], [ -99.260249083671226, 19.320770807453407 ], [ -99.260199752004269, 19.320830998176564 ], [ -99.260053049153612, 19.321009993424958 ], [ -99.25962180167609, 19.321342015991277 ], [ -99.259492654046184, 19.321449620394091 ], [ -99.259475694821248, 19.321463750618982 ], [ -99.259401611483753, 19.321525475929292 ], [ -99.259356175250034, 19.321564716029172 ], [ -99.259217612159986, 19.321664988564123 ], [ -99.259045934460616, 19.321856894306446 ], [ -99.258941037996436, 19.321974149969328 ], [ -99.258926234113687, 19.32199069806925 ], [ -99.25891143022794, 19.322007246167974 ], [ -99.258478488011022, 19.322305372571233 ], [ -99.258340589930583, 19.322325879502603 ], [ -99.25827164087697, 19.322336132929362 ], [ -99.258202691814404, 19.32234638633015 ], [ -99.258144819697165, 19.322382333664184 ], [ -99.258033140444937, 19.32245170326761 ], [ -99.257921461097965, 19.322521072803131 ], [ -99.257640229780648, 19.322695758846155 ], [ -99.257473848665626, 19.322909696385164 ], [ -99.257378666720697, 19.32305845607209 ], [ -99.257335472050698, 19.323126620250886 ], [ -99.257258379637349, 19.323248277249565 ], [ -99.257106515485845, 19.323487928446273 ], [ -99.256966634396235, 19.323708668889321 ], [ -99.256953455690336, 19.323729465612896 ], [ -99.256915736047716, 19.323788989251643 ], [ -99.256622691367241, 19.324238679021946 ], [ -99.256533225512882, 19.324424712692242 ], [ -99.256461203118477, 19.324469134134485 ], [ -99.25632990089143, 19.324829691188853 ], [ -99.256308226064746, 19.324889210291349 ], [ -99.256276709609367, 19.324957673523052 ], [ -99.256262301539451, 19.324988972168995 ], [ -99.256223612498275, 19.325073016297377 ], [ -99.256108713584055, 19.32532261043248 ], [ -99.256029994443352, 19.325543825185616 ], [ -99.255988799470302, 19.325615840047369 ], [ -99.255964913453653, 19.325657596278745 ], [ -99.255899913057917, 19.325771491943939 ], [ -99.255834912572794, 19.325885387585579 ], [ -99.255769911998343, 19.325999283203579 ], [ -99.255702375057524, 19.326089772526053 ], [ -99.255518597944373, 19.326336005532099 ], [ -99.255370365483572, 19.326534613512063 ], [ -99.255026545877115, 19.326702601896741 ], [ -99.254826075325113, 19.326800550258401 ], [ -99.25415609439321, 19.326979768534471 ], [ -99.253785144469092, 19.327044328852633 ], [ -99.253471814876448, 19.327098860271928 ], [ -99.252625551244449, 19.327104512903567 ], [ -99.252249174873555, 19.327200776001117 ], [ -99.251896438366202, 19.327178708572504 ], [ -99.251590599654648, 19.327159709357659 ], [ -99.251502281187811, 19.327154049024454 ], [ -99.251222760285842, 19.327130167534161 ], [ -99.250655488368096, 19.327081700055626 ], [ -99.250324549428939, 19.327131092743844 ], [ -99.250281847645894, 19.327137465945842 ], [ -99.25019062712046, 19.327151080490406 ], [ -99.250013008464208, 19.327177589706249 ], [ -99.24998017274244, 19.327182490349738 ], [ -99.249835389748526, 19.32720409874975 ], [ -99.249745046149428, 19.327229059284335 ], [ -99.249579998196012, 19.327274659337867 ], [ -99.249443074594652, 19.327340594700033 ], [ -99.249188503198383, 19.327463182774451 ], [ -99.248969071365451, 19.327541910408115 ], [ -99.248694273266253, 19.327640353361829 ], [ -99.248027984883691, 19.327899081839213 ], [ -99.247784780949189, 19.327927959706198 ], [ -99.247407639703596, 19.327972740536179 ], [ -99.246600007024597, 19.328068634164552 ], [ -99.246402427226826, 19.328092093084926 ], [ -99.246294961498506, 19.328104852545621 ], [ -99.246020649677405, 19.328171451467067 ], [ -99.245754294244506, 19.32818147542519 ], [ -99.245381393570895, 19.328144937016638 ], [ -99.24499367385944, 19.328367282196204 ], [ -99.244509673073253, 19.328524412304507 ], [ -99.244323406607307, 19.328597398052281 ], [ -99.243791095410842, 19.328525374377541 ], [ -99.243719868330473, 19.32849484167528 ], [ -99.243059627522342, 19.328211816320227 ], [ -99.242776344393036, 19.327914314239528 ], [ -99.242509608145568, 19.327803709362971 ], [ -99.242467621518614, 19.327786306526054 ], [ -99.24214670652087, 19.327264561869221 ], [ -99.241979741051864, 19.326993107299007 ], [ -99.240887505295547, 19.325217310218427 ], [ -99.24065206308876, 19.324855278746941 ], [ -99.240574896194204, 19.324699641639715 ], [ -99.24032094931178, 19.324502661326409 ], [ -99.240088110871653, 19.324510903049255 ], [ -99.239756492322726, 19.324522640751898 ], [ -99.239302992563736, 19.324694573175019 ], [ -99.239212409162036, 19.324662323757352 ], [ -99.238785026519651, 19.324497215466728 ], [ -99.238737808959101, 19.324507310876569 ], [ -99.238241053526309, 19.324546620178012 ], [ -99.238171782194428, 19.324549295420326 ], [ -99.237514780794541, 19.324557456937288 ], [ -99.237153317778947, 19.324627846840361 ], [ -99.23633067824305, 19.325270903219973 ], [ -99.236393544743933, 19.325530516436732 ], [ -99.233223237505086, 19.327615775899503 ], [ -99.232977968527138, 19.327951881716736 ], [ -99.232632005972206, 19.328175006695652 ], [ -99.23194212203083, 19.32895593265194 ], [ -99.231568601464261, 19.329236756901171 ], [ -99.231213863019718, 19.329794635225515 ], [ -99.230459931418707, 19.330186805669708 ], [ -99.229342560362099, 19.330565683274987 ], [ -99.228419984364777, 19.331027471391877 ], [ -99.227503186359954, 19.331376772579372 ], [ -99.227178134843271, 19.331557479201468 ], [ -99.226319941165883, 19.331573804787158 ], [ -99.225961338696521, 19.331756742468372 ], [ -99.225359243864418, 19.33195214676023 ], [ -99.225182289069551, 19.332231142221477 ], [ -99.224990888449824, 19.33227739177816 ], [ -99.224811533274831, 19.332270711022321 ], [ -99.224358701914511, 19.332549649091931 ], [ -99.224196613011713, 19.332763810181081 ], [ -99.223764518150432, 19.332968074418002 ], [ -99.22327165400722, 19.333025340253602 ], [ -99.223193974892993, 19.333072854115791 ], [ -99.223173352280469, 19.333085468306695 ], [ -99.222006326420527, 19.333799293662036 ], [ -99.221716721171802, 19.333614054356634 ], [ -99.221169543659613, 19.333800310694979 ], [ -99.220340710682535, 19.333897821984088 ], [ -99.219570079488236, 19.334056651997724 ], [ -99.219104052526689, 19.334152700195776 ], [ -99.218723982268912, 19.334482151483577 ], [ -99.218128002792341, 19.334657715971694 ], [ -99.217871089154485, 19.334651121190337 ], [ -99.217127750320813, 19.334829635568969 ], [ -99.216977253868819, 19.33501799273796 ], [ -99.216416744518838, 19.335327866884946 ], [ -99.216010089569863, 19.335335772851071 ], [ -99.2156741599903, 19.335603422704374 ], [ -99.215306406679701, 19.336133494986374 ], [ -99.214615194839396, 19.336361362327651 ], [ -99.214146073538643, 19.336452625743181 ], [ -99.213770539066829, 19.336590238462488 ], [ -99.213381953847474, 19.336522084692778 ], [ -99.213148954379207, 19.336481225110656 ], [ -99.212628557952982, 19.336289795731055 ], [ -99.211307179358712, 19.336228181431135 ], [ -99.210865101684377, 19.33609129231187 ], [ -99.210409469336781, 19.336350027560709 ], [ -99.209674403190348, 19.336430176899501 ], [ -99.209362621654151, 19.336515124459719 ], [ -99.209307088777365, 19.336642072055362 ], [ -99.207982304056245, 19.337287758800141 ] ] ] ] } },
{ "type": "Feature", "properties": { "ID": 11.0, "ENTIDAD": 9, "MUNICIPIO": 16, "NOMBRE": "MIGUEL HIDALGO", "CONTROL": 14.0, "GEOMETRY1_": null, "ClaveEnt": "09" }, "geometry": { "type": "MultiPolygon", "coordinates": [ [ [ [ -99.201196180364178, 19.473280865299099 ], [ -99.200836155969697, 19.473271869106142 ], [ -99.200145212368824, 19.473060075726394 ], [ -99.199778318864446, 19.472947611389934 ], [ -99.199253877135504, 19.472786852028189 ], [ -99.197965628545617, 19.472391951866545 ], [ -99.197763251650628, 19.472329914173645 ], [ -99.197501340334469, 19.472252139527058 ], [ -99.197117262159026, 19.472138086571544 ], [ -99.196657101522675, 19.472001439455489 ], [ -99.196166438280983, 19.471855732884947 ], [ -99.195698296214388, 19.471716712679125 ], [ -99.195230154935658, 19.471577691255 ], [ -99.195172750737171, 19.471560367297688 ], [ -99.194763457619743, 19.471436846488977 ], [ -99.194663781776043, 19.471411849406678 ], [ -99.194168796329336, 19.471287714168817 ], [ -99.193443011864005, 19.471105695057897 ], [ -99.192885022185521, 19.470985687236958 ], [ -99.192507738775106, 19.470904543154088 ], [ -99.190960739480971, 19.470484605451023 ], [ -99.190494689112313, 19.470358091625798 ], [ -99.190498237275776, 19.470284272297867 ], [ -99.190556490047271, 19.469072318160627 ], [ -99.190594127549758, 19.467924280213534 ], [ -99.190681272179347, 19.466652361489604 ], [ -99.190705571562404, 19.465946968228351 ], [ -99.190708924172156, 19.465849644008635 ], [ -99.190773299366896, 19.464667237840164 ], [ -99.190706525955164, 19.464645003094983 ], [ -99.190175470748855, 19.464468166984339 ], [ -99.190118887641347, 19.464449325256506 ], [ -99.190042850025847, 19.464426389683421 ], [ -99.189998623839287, 19.464413286568995 ], [ -99.189963551536081, 19.464402470477005 ], [ -99.189873016538073, 19.464375161894278 ], [ -99.189825018186454, 19.464360683858235 ], [ -99.189143282025753, 19.464155045959156 ], [ -99.188004695204057, 19.463811597393814 ], [ -99.188028912245954, 19.463665081645903 ], [ -99.188259140441417, 19.46235297064073 ], [ -99.188537665303485, 19.460765580339135 ], [ -99.187332559299747, 19.460464109566757 ], [ -99.187283316101471, 19.460451790634149 ], [ -99.185443136012125, 19.46004924614293 ], [ -99.185292468968441, 19.460016286392133 ], [ -99.184227172211266, 19.459837347701583 ], [ -99.184164140640945, 19.459826760032872 ], [ -99.183154741492871, 19.459657203982459 ], [ -99.182082313087378, 19.459477053897508 ], [ -99.182008854009908, 19.459464785113827 ], [ -99.181147312340045, 19.459320892181719 ], [ -99.18099504010253, 19.459295459530331 ], [ -99.179930632541414, 19.459117677384587 ], [ -99.178964786028104, 19.458956351595301 ], [ -99.178835642177773, 19.458935904509246 ], [ -99.17870980401797, 19.458915332207567 ], [ -99.177989771544219, 19.458787965607073 ], [ -99.177733424852221, 19.458742619680951 ], [ -99.177085637402044, 19.458628028908116 ], [ -99.176877217257555, 19.458592882897801 ], [ -99.175770210070255, 19.458406203354077 ], [ -99.17461364549554, 19.458211159037653 ], [ -99.171124950716461, 19.457622774127543 ], [ -99.170303608398015, 19.457484240454562 ], [ -99.168933878241404, 19.457264506807498 ], [ -99.168744174300926, 19.457234073424821 ], [ -99.16861152048061, 19.457211474271983 ], [ -99.168524029641546, 19.457196569112398 ], [ -99.168343231642382, 19.457165767767524 ], [ -99.168129600645884, 19.457129372636931 ], [ -99.168043920949216, 19.457118564208805 ], [ -99.16788793076077, 19.457089121832684 ], [ -99.167731946710717, 19.457065596688089 ], [ -99.167669228919166, 19.457056384856539 ], [ -99.167601313851208, 19.457046128481903 ], [ -99.16749148490679, 19.457029542314981 ], [ -99.167328326557296, 19.457002876770392 ], [ -99.1667769529369, 19.45690501538844 ], [ -99.166059245749011, 19.456784999329237 ], [ -99.165630207291628, 19.456711213317146 ], [ -99.165525967388803, 19.456693285980347 ], [ -99.165154488813883, 19.456632640327459 ], [ -99.164951948280716, 19.456599574277206 ], [ -99.164325535005148, 19.456494057335895 ], [ -99.16400845526465, 19.45644230309431 ], [ -99.163814027791759, 19.456410568053062 ], [ -99.163739159296767, 19.456400017935209 ], [ -99.163719756909586, 19.45639728383637 ], [ -99.163681673894658, 19.456391917339449 ], [ -99.163605187623048, 19.456381139193354 ], [ -99.163741800842374, 19.455777763070333 ], [ -99.16385900069848, 19.45508140626443 ], [ -99.16389867499467, 19.454823432873024 ], [ -99.163979861361767, 19.454244352812143 ], [ -99.164056985537073, 19.453682503746649 ], [ -99.164079638302582, 19.453517477785923 ], [ -99.164138597391357, 19.45294707196954 ], [ -99.164170617103963, 19.452648534226611 ], [ -99.164194627759485, 19.452424668716468 ], [ -99.164207593844083, 19.452291697424204 ], [ -99.164253551982938, 19.451820380500635 ], [ -99.164233325892283, 19.450087321975435 ], [ -99.164237048566051, 19.450034791391772 ], [ -99.164240771237559, 19.449982260807655 ], [ -99.164421181096486, 19.449172700731886 ], [ -99.164643107497582, 19.448258648050345 ], [ -99.165024140221576, 19.446689256690306 ], [ -99.165318323730347, 19.445169382661682 ], [ -99.165600781368809, 19.44369310989698 ], [ -99.165590730758353, 19.443526597023311 ], [ -99.165584515694164, 19.443424611219033 ], [ -99.167384144414811, 19.44033579819704 ], [ -99.167630305824659, 19.439916657081412 ], [ -99.168188182878353, 19.438740712831617 ], [ -99.168494111051004, 19.438144523278179 ], [ -99.168758153639658, 19.43762995599295 ], [ -99.169530625522526, 19.436219857048812 ], [ -99.171079708553876, 19.434157147388326 ], [ -99.171370331353558, 19.433713090769505 ], [ -99.172329378352401, 19.432258107549156 ], [ -99.173021752607553, 19.430967441369447 ], [ -99.173552742811808, 19.429977598250229 ], [ -99.174000874279301, 19.429219462626445 ], [ -99.174778751235763, 19.428054470057717 ], [ -99.174847453354758, 19.42795192229519 ], [ -99.175596508168937, 19.426877753326085 ], [ -99.176735877109081, 19.425110727185384 ], [ -99.17703083206716, 19.424601287493228 ], [ -99.177588200592069, 19.423716319007521 ], [ -99.177456041874393, 19.423684153577561 ], [ -99.177582621796319, 19.423341582216882 ], [ -99.177659555894607, 19.423139338241011 ], [ -99.177685107092998, 19.422985943859871 ], [ -99.17770322313217, 19.422752386386652 ], [ -99.177699215713176, 19.422445651526129 ], [ -99.177691625281895, 19.42222257619596 ], [ -99.177683964784222, 19.4219350160663 ], [ -99.17767630431797, 19.421647455927104 ], [ -99.177679497140687, 19.421204772913214 ], [ -99.177682655861503, 19.420730718893122 ], [ -99.177678743269198, 19.420511125590391 ], [ -99.177689530170767, 19.420295003570846 ], [ -99.177718554024139, 19.419956865288643 ], [ -99.177733003386024, 19.419730282663163 ], [ -99.177758421370925, 19.419454889928602 ], [ -99.177813131898276, 19.419088841107605 ], [ -99.177860737083591, 19.418945882056057 ], [ -99.17891303132285, 19.417013787655282 ], [ -99.179837373114523, 19.41567786327256 ], [ -99.179875939589223, 19.415609968961714 ], [ -99.181172553623512, 19.413327526238451 ], [ -99.182195017713155, 19.411527565835591 ], [ -99.182349158741161, 19.411387984343907 ], [ -99.182899188122974, 19.410467214188195 ], [ -99.183471942478533, 19.40940763279632 ], [ -99.184276666032432, 19.407918887878644 ], [ -99.182509134712888, 19.407311054834736 ], [ -99.181209547475319, 19.406864128294853 ], [ -99.180702152052703, 19.406687781845164 ], [ -99.178952415276285, 19.406079642946139 ], [ -99.178222965123581, 19.405824225354941 ], [ -99.17781222092475, 19.405680401277479 ], [ -99.177115600050755, 19.405441215947238 ], [ -99.17686622162465, 19.405359347931981 ], [ -99.174398244917498, 19.404549116275007 ], [ -99.173945917942703, 19.404403555228019 ], [ -99.173493592046128, 19.404257992283561 ], [ -99.172580789406979, 19.403964239999386 ], [ -99.171690391854099, 19.40367776126314 ], [ -99.171306728594686, 19.403554318825336 ], [ -99.171176613728349, 19.403512346143867 ], [ -99.171145525771394, 19.403371891802397 ], [ -99.170995656293428, 19.402694782998182 ], [ -99.170911368251836, 19.4023139678809 ], [ -99.170818544180023, 19.401932748506592 ], [ -99.17077282923114, 19.401755954210792 ], [ -99.170495171612828, 19.400449268336608 ], [ -99.170461584801188, 19.400291203792996 ], [ -99.170411594864703, 19.400055943104395 ], [ -99.170348554858705, 19.399824701847663 ], [ -99.170498325102756, 19.39978633388386 ], [ -99.170535273127712, 19.399775236690779 ], [ -99.170577219172941, 19.399762638351113 ], [ -99.170611848237115, 19.399752237630956 ], [ -99.170697072074248, 19.399722251752479 ], [ -99.170723054751406, 19.399713109776659 ], [ -99.171644182291487, 19.399389009026059 ], [ -99.172161398483453, 19.399218613962411 ], [ -99.172872423243234, 19.399012710898905 ], [ -99.175149201087009, 19.398323622065003 ], [ -99.175336172408606, 19.398249294421813 ], [ -99.175436261898327, 19.398223889181725 ], [ -99.175535615694088, 19.39822673930664 ], [ -99.175641125262075, 19.39824304843874 ], [ -99.175843504247482, 19.398321162545773 ], [ -99.176041148733106, 19.398393985200144 ], [ -99.176195116630154, 19.39846290327355 ], [ -99.176403178801692, 19.398553475577646 ], [ -99.176359427600985, 19.39848050410134 ], [ -99.176342728802354, 19.398423293170197 ], [ -99.176350945330469, 19.398328564434383 ], [ -99.176384121789084, 19.398237758182013 ], [ -99.176471379474208, 19.398156766183611 ], [ -99.176581081852959, 19.398125900940212 ], [ -99.177666472207861, 19.397920967277919 ], [ -99.17775204693406, 19.397903863420179 ], [ -99.178128410082365, 19.397817556661145 ], [ -99.178475128013375, 19.397738534459098 ], [ -99.178877251986492, 19.397644605001222 ], [ -99.179496196213066, 19.397491977189183 ], [ -99.179615005384477, 19.397435654991515 ], [ -99.180140718731451, 19.397313280006667 ], [ -99.180926897179432, 19.397143497217048 ], [ -99.181202964443514, 19.397102371555366 ], [ -99.18145048773539, 19.397056033411438 ], [ -99.182230294980158, 19.396918519056065 ], [ -99.182335082596197, 19.396900040112914 ], [ -99.182436961998008, 19.396795601683316 ], [ -99.183461305008436, 19.39642747581529 ], [ -99.184075099677642, 19.396190226528457 ], [ -99.184353947989806, 19.396144469243058 ], [ -99.185098584624001, 19.39602227675239 ], [ -99.185314779144505, 19.395956386739972 ], [ -99.185981190273736, 19.395778390155371 ], [ -99.186503455017359, 19.395638892699299 ], [ -99.187551442309143, 19.395702219126534 ], [ -99.187654358921719, 19.395705246698615 ], [ -99.187824489854862, 19.395710251434782 ], [ -99.188516359640744, 19.395665946108874 ], [ -99.188622832228845, 19.395659127678641 ], [ -99.188894529596155, 19.395641728084058 ], [ -99.188946312838553, 19.395638401745817 ], [ -99.188972098009472, 19.395636745409099 ], [ -99.189007458473014, 19.39563447398767 ], [ -99.189076980678536, 19.395630043623019 ], [ -99.189150688996705, 19.395816842692504 ], [ -99.189255973891306, 19.39608366550571 ], [ -99.189372803398626, 19.3963469637449 ], [ -99.189565862733801, 19.396836888532267 ], [ -99.189866380769615, 19.397599503839132 ], [ -99.189921801527049, 19.397740142530072 ], [ -99.190185909943338, 19.398355572652147 ], [ -99.190536269365978, 19.399171978511959 ], [ -99.190630041675405, 19.399386340213457 ], [ -99.190827618817949, 19.399677390041457 ], [ -99.190881493399758, 19.399764800319968 ], [ -99.190957957685271, 19.39988886777725 ], [ -99.19109063847857, 19.400051422140116 ], [ -99.191215508662282, 19.400199194273608 ], [ -99.191332894224843, 19.400315888538948 ], [ -99.19150147631197, 19.400453290764009 ], [ -99.191738173270096, 19.400620168523584 ], [ -99.191940998029324, 19.400782648244803 ], [ -99.192065843505091, 19.400908234286209 ], [ -99.19216734300241, 19.401063425602228 ], [ -99.192261092485921, 19.401255600906552 ], [ -99.192331153552104, 19.401471193183987 ], [ -99.192347291888822, 19.401654848910166 ], [ -99.192324267196753, 19.401958075239953 ], [ -99.192277806837822, 19.402422724641866 ], [ -99.192252878414124, 19.402672032409711 ], [ -99.192193277115734, 19.403237578081566 ], [ -99.192199877536282, 19.4034885153335 ], [ -99.192206477980747, 19.403739452578105 ], [ -99.19232011465553, 19.403726815384061 ], [ -99.192387310755706, 19.403719248899311 ], [ -99.192412060433469, 19.403716370040954 ], [ -99.192461588530705, 19.403710809053351 ], [ -99.192513554163597, 19.403704974365532 ], [ -99.192974934554854, 19.403653170026057 ], [ -99.193854262807662, 19.403553242381143 ], [ -99.194686489521388, 19.403463014674692 ], [ -99.194940983604383, 19.403413734934482 ], [ -99.195137648900214, 19.403388429980687 ], [ -99.195466672875639, 19.403346093922355 ], [ -99.195895185810386, 19.403299517541207 ], [ -99.196367858824956, 19.403240266547286 ], [ -99.196655262230962, 19.403203849524431 ], [ -99.196752190758076, 19.403189592662127 ], [ -99.19762243905231, 19.403071264795297 ], [ -99.19788748664314, 19.403033245932054 ], [ -99.19810392863333, 19.402991087385207 ], [ -99.198280591320497, 19.402936395143819 ], [ -99.198448402207418, 19.402869135561048 ], [ -99.198916310015193, 19.402664721993286 ], [ -99.199024529120834, 19.402621321739428 ], [ -99.199852677654917, 19.402280678081006 ], [ -99.200440222184909, 19.40203600038063 ], [ -99.20054225781152, 19.401998135679762 ], [ -99.201005261000333, 19.401818256626179 ], [ -99.201420400174754, 19.401679451924164 ], [ -99.20151362828318, 19.401652532645912 ], [ -99.201894148681745, 19.401553072688099 ], [ -99.202234531005985, 19.401511675049687 ], [ -99.202466858266789, 19.40148577938632 ], [ -99.203066658682985, 19.401419522324908 ], [ -99.203779777634523, 19.401340744868282 ], [ -99.204557806581477, 19.401257832481662 ], [ -99.205087284470082, 19.401190579581584 ], [ -99.20620567292427, 19.401050874347892 ], [ -99.207845429439729, 19.400843910577489 ], [ -99.207882222621549, 19.400837859128266 ], [ -99.208426203502896, 19.400748388569678 ], [ -99.209069128858303, 19.40066048435455 ], [ -99.210255617172024, 19.400467967995166 ], [ -99.210426864800993, 19.400440181145544 ], [ -99.210522009410326, 19.400424742791213 ], [ -99.210546306163693, 19.400418294202268 ], [ -99.21096238804715, 19.400306196431949 ], [ -99.211492872170609, 19.400131932626373 ], [ -99.212041655403326, 19.399957645935547 ], [ -99.21232976049501, 19.399861803583935 ], [ -99.212565830303447, 19.399770890013368 ], [ -99.212730217611039, 19.399702807819498 ], [ -99.212891102855806, 19.39965943447676 ], [ -99.21299119908484, 19.399599828656221 ], [ -99.213260236641247, 19.399439619453286 ], [ -99.213703710276206, 19.399204674675126 ], [ -99.213891100391919, 19.399117082932843 ], [ -99.21421584972687, 19.398965347070913 ], [ -99.214845626377695, 19.398707794818623 ], [ -99.216938706366022, 19.398021396323045 ], [ -99.217302544535983, 19.397902394328025 ], [ -99.218306131280883, 19.397577796858375 ], [ -99.21979484332023, 19.397096279177109 ], [ -99.222165359960883, 19.396334735632884 ], [ -99.222437076791749, 19.396243438119349 ], [ -99.223015592777259, 19.396043865695837 ], [ -99.223658017251893, 19.395870035923657 ], [ -99.225004612427924, 19.395680689469263 ], [ -99.225869638311735, 19.395703352472815 ], [ -99.226696580324003, 19.395810770527937 ], [ -99.227056101804067, 19.395823397659054 ], [ -99.227400360362495, 19.395824083874558 ], [ -99.229826654194355, 19.395303285416933 ], [ -99.230537132754606, 19.395106108032536 ], [ -99.230900795709346, 19.394961781804927 ], [ -99.231247721441477, 19.394895483041022 ], [ -99.231597493486817, 19.394911799477406 ], [ -99.232004815889667, 19.394930799714842 ], [ -99.232392960687292, 19.394948904526991 ], [ -99.23259856352864, 19.394895413376091 ], [ -99.232901734057535, 19.394816537809241 ], [ -99.233652376097851, 19.394507614052081 ], [ -99.235710923592521, 19.39366040514059 ], [ -99.236080899772091, 19.393539185743656 ], [ -99.236566721618175, 19.393538554367016 ], [ -99.237214611264477, 19.39362552084425 ], [ -99.237645449339141, 19.393597517521901 ], [ -99.238076123669629, 19.393457006198769 ], [ -99.238451797250519, 19.393278148899693 ], [ -99.238801251815943, 19.392967609518788 ], [ -99.23889217893749, 19.392854982893009 ], [ -99.238983105934324, 19.392742356221795 ], [ -99.239092645068752, 19.392503477443782 ], [ -99.239121242275829, 19.392283913593538 ], [ -99.239111458726498, 19.392026782476922 ], [ -99.239099156814078, 19.391021666595613 ], [ -99.239142180459055, 19.390780131112912 ], [ -99.239261002774413, 19.390266315563704 ], [ -99.239605871108523, 19.389486164094386 ], [ -99.239763881562638, 19.389063994496237 ], [ -99.239849917292275, 19.388887153245044 ], [ -99.240114737121019, 19.388721101450315 ], [ -99.240734643265753, 19.388374848047651 ], [ -99.241031975875813, 19.388230273132738 ], [ -99.241313441304968, 19.388058684824031 ], [ -99.241724411076731, 19.387700690053535 ], [ -99.24184768702149, 19.387583379008557 ], [ -99.242261935333971, 19.387278283618087 ], [ -99.242644599893893, 19.387071676137335 ], [ -99.242711009485973, 19.387039565663855 ], [ -99.242891427792713, 19.386965308692304 ], [ -99.243072837600408, 19.386963815633518 ], [ -99.243231989668487, 19.386971910230574 ], [ -99.243391141750607, 19.38698000468829 ], [ -99.243436775548616, 19.386982325592509 ], [ -99.243632071178652, 19.386992258066243 ], [ -99.24375871617832, 19.387013114806745 ], [ -99.243941989401634, 19.387072653239692 ], [ -99.244357257283355, 19.387207556981043 ], [ -99.24481018630847, 19.387338208038038 ], [ -99.24505399458738, 19.387388943874509 ], [ -99.24547806007574, 19.387386274213938 ], [ -99.245775503806868, 19.387319789536608 ], [ -99.246107675845707, 19.387193181927906 ], [ -99.246648303760637, 19.38679881640536 ], [ -99.247287035527791, 19.386262510591695 ], [ -99.247313805457679, 19.386469101024208 ], [ -99.247393827977646, 19.387067216367509 ], [ -99.247518802755778, 19.387503534207557 ], [ -99.247550485606297, 19.38761414647481 ], [ -99.247607680896721, 19.387905390025693 ], [ -99.247620993033877, 19.388022067651633 ], [ -99.247629156883235, 19.388113862103726 ], [ -99.247564011545464, 19.388315062876813 ], [ -99.247517615066087, 19.388548770947391 ], [ -99.24751804861441, 19.388835650827549 ], [ -99.247387748020458, 19.389232137196871 ], [ -99.247151283882729, 19.389498636422548 ], [ -99.247002442461451, 19.390001618786304 ], [ -99.247034474642263, 19.390575336136123 ], [ -99.247060202297419, 19.391101741528274 ], [ -99.247005047584523, 19.391728812770882 ], [ -99.246743841679788, 19.392125476343647 ], [ -99.246563571220037, 19.392456964167096 ], [ -99.246526517920557, 19.392687701705757 ], [ -99.246543700119517, 19.392874729271202 ], [ -99.246630502635014, 19.392970407494381 ], [ -99.246704214953752, 19.39303455273792 ], [ -99.246533722087335, 19.393332433346202 ], [ -99.246365765561393, 19.393563348257771 ], [ -99.246288822952877, 19.393710535160448 ], [ -99.246257142322648, 19.3938710784291 ], [ -99.246373934625481, 19.393783746431261 ], [ -99.246480157365326, 19.393764354251086 ], [ -99.246614442969175, 19.393778837489418 ], [ -99.246727712725814, 19.393831992671473 ], [ -99.246812398168672, 19.393924504757866 ], [ -99.24687133262556, 19.393997419372123 ], [ -99.246946281735291, 19.394094916059334 ], [ -99.247061762072207, 19.394201230235499 ], [ -99.247354830408128, 19.39426293991438 ], [ -99.247600994975187, 19.394282939506862 ], [ -99.247793986787713, 19.394270710337175 ], [ -99.247915818746961, 19.394244430757858 ], [ -99.248227135118029, 19.39400740374554 ], [ -99.248669120166795, 19.393616406061813 ], [ -99.249024131496114, 19.39342072333697 ], [ -99.24924850938757, 19.393402670753428 ], [ -99.249628949369765, 19.39353228015883 ], [ -99.249706339109864, 19.393587191597803 ], [ -99.24981721152885, 19.393653525409469 ], [ -99.249990779820337, 19.393721064916626 ], [ -99.25042712345244, 19.393720464518637 ], [ -99.25075124630888, 19.393708187742206 ], [ -99.250888346608349, 19.393684338407954 ], [ -99.251137540597696, 19.393589353513935 ], [ -99.251473939300837, 19.393452842306942 ], [ -99.251667158675687, 19.393440744884828 ], [ -99.251952560303664, 19.393469570570627 ], [ -99.252533747689199, 19.393528269325518 ], [ -99.252733264441758, 19.393557567418654 ], [ -99.252839279151885, 19.393586995324487 ], [ -99.252951600477758, 19.393663734844068 ], [ -99.253332483190164, 19.394077258523762 ], [ -99.253425730991452, 19.394182124678618 ], [ -99.253663435616502, 19.394449445641207 ], [ -99.254031698898729, 19.394762429454612 ], [ -99.254343696416655, 19.394969020225687 ], [ -99.254480944313727, 19.395039808849035 ], [ -99.254586951090545, 19.395063320674922 ], [ -99.254689845540668, 19.395052437367777 ], [ -99.254758303912951, 19.39498136081065 ], [ -99.254811008330563, 19.394838234752651 ], [ -99.254692295394435, 19.394660949429714 ], [ -99.254411419612808, 19.394424740432399 ], [ -99.254323966782181, 19.39430656166634 ], [ -99.254305100911836, 19.394200117057984 ], [ -99.254361000222787, 19.394069907656345 ], [ -99.254610031757665, 19.393871404780672 ], [ -99.254843598678093, 19.393749818959318 ], [ -99.255102094539538, 19.393625240341422 ], [ -99.255264095713756, 19.393580650086591 ], [ -99.255856146204778, 19.393497007250204 ], [ -99.255974526637075, 19.39346135031759 ], [ -99.256061735059902, 19.393422779678144 ], [ -99.256525604713516, 19.393087925280089 ], [ -99.256684349142219, 19.39295461253305 ], [ -99.256771552487393, 19.392913084034959 ], [ -99.256886848048524, 19.392898133561328 ], [ -99.258226889591555, 19.392801594740199 ], [ -99.258345296983975, 19.392783681397578 ], [ -99.258507207696397, 19.39268289537543 ], [ -99.25866906214516, 19.392546618961653 ], [ -99.258759390820984, 19.392511000124834 ], [ -99.258909007174822, 19.392519659752775 ], [ -99.258987760881936, 19.392577604198813 ], [ -99.259042965657144, 19.392698954963123 ], [ -99.259075274802925, 19.392806618499595 ], [ -99.259132487657936, 19.392888245823755 ], [ -99.259194472290602, 19.392989194810976 ], [ -99.259458971938272, 19.393796336556083 ], [ -99.259500545420181, 19.393935821525389 ], [ -99.259550898104777, 19.394130973234219 ], [ -99.259543340937981, 19.394227219157415 ], [ -99.259488581487531, 19.39435114949465 ], [ -99.259387005156412, 19.3944688911097 ], [ -99.2587330483736, 19.394836149653337 ], [ -99.258309226920446, 19.395062879909794 ], [ -99.257985604955621, 19.395265883180961 ], [ -99.257350892382419, 19.395723080150592 ], [ -99.25615854968656, 19.39669695736475 ], [ -99.25586812834851, 19.396973356352824 ], [ -99.25574472023257, 19.397129974836609 ], [ -99.255611277207109, 19.397459348532813 ], [ -99.255367033384843, 19.398224489463182 ], [ -99.255352794784358, 19.398457099457378 ], [ -99.255216336749768, 19.398895004917883 ], [ -99.255179517943262, 19.399267709415355 ], [ -99.255204745501032, 19.399456951100824 ], [ -99.255232411061968, 19.399603815604358 ], [ -99.255281437792945, 19.399749237939833 ], [ -99.255285025529915, 19.399777279800226 ], [ -99.255333214816616, 19.39992888391917 ], [ -99.255377136909757, 19.40011218880753 ], [ -99.255389918150456, 19.400313282584634 ], [ -99.255365352377581, 19.400549919127656 ], [ -99.255309590122536, 19.400768854326675 ], [ -99.255247713887329, 19.40106469374609 ], [ -99.255192089649483, 19.401372354460843 ], [ -99.255186123336301, 19.401543899292914 ], [ -99.255242423345521, 19.401669515063674 ], [ -99.255162663326729, 19.401724541117979 ], [ -99.255008554354049, 19.401830861882711 ], [ -99.254786727987863, 19.401983900593191 ], [ -99.254738851549618, 19.40201693054858 ], [ -99.254693807394844, 19.40204800648792 ], [ -99.254272572432853, 19.402338615163391 ], [ -99.254226246046159, 19.402370575469543 ], [ -99.254170719356708, 19.402408882979355 ], [ -99.25389577152967, 19.4025985672228 ], [ -99.25384091311517, 19.402636413489386 ], [ -99.253592857408279, 19.402807544193955 ], [ -99.25352699111248, 19.402852984457233 ], [ -99.253190727925883, 19.403084978324447 ], [ -99.253160732095338, 19.403105702025247 ], [ -99.252524266429617, 19.403545424874128 ], [ -99.252132171592578, 19.403960022676134 ], [ -99.251784799869043, 19.40430231511408 ], [ -99.25175873984351, 19.404327994004412 ], [ -99.251732463605521, 19.404353885933016 ], [ -99.251244521799606, 19.404743455729538 ], [ -99.251198344170035, 19.404777592518386 ], [ -99.251150995156308, 19.404810159602924 ], [ -99.250912208603509, 19.405017218450887 ], [ -99.250786233245691, 19.405149861330266 ], [ -99.250735069021076, 19.405215052296008 ], [ -99.250638676733573, 19.405337872271129 ], [ -99.25015941585886, 19.405618962350314 ], [ -99.250062465129304, 19.405698337032351 ], [ -99.249678874533046, 19.406012384282576 ], [ -99.248897127354027, 19.406625683093051 ], [ -99.248450058812836, 19.4069417173456 ], [ -99.248329669736705, 19.407075178557911 ], [ -99.248077065867591, 19.407279386154482 ], [ -99.248038120137835, 19.407309238973834 ], [ -99.248001221530757, 19.407333738555792 ], [ -99.247819103955621, 19.407485602404659 ], [ -99.247780076953106, 19.407519473984539 ], [ -99.247739283515173, 19.407551469278332 ], [ -99.247494149436704, 19.407743733492016 ], [ -99.24743211432164, 19.407792388914899 ], [ -99.247212771260962, 19.407964423506421 ], [ -99.246813197147532, 19.408277815317692 ], [ -99.246764626961919, 19.408315907310143 ], [ -99.246243672317107, 19.408724498492237 ], [ -99.246209116939511, 19.40875160082253 ], [ -99.246187431676077, 19.408768608666239 ], [ -99.246152582941818, 19.408795940662809 ], [ -99.245408370008803, 19.40937962596627 ], [ -99.245336098360113, 19.409436308149282 ], [ -99.245297128219207, 19.409456373284058 ], [ -99.245030863149452, 19.409593468777221 ], [ -99.244716165603634, 19.409676703531584 ], [ -99.244563501120467, 19.409724229449598 ], [ -99.24410176016265, 19.409914786661869 ], [ -99.243995956578829, 19.409953195282686 ], [ -99.243197142779195, 19.410650459477804 ], [ -99.243046144209742, 19.410783476552442 ], [ -99.242913209949336, 19.410900580203538 ], [ -99.242685940329167, 19.411087207911613 ], [ -99.242508473257246, 19.411226448488204 ], [ -99.242424391115819, 19.41127979612315 ], [ -99.242178299703724, 19.411386595157424 ], [ -99.242077600383183, 19.411415021996977 ], [ -99.241788826627612, 19.411496542238083 ], [ -99.241386919602448, 19.411630165200247 ], [ -99.241153308394402, 19.41174581884588 ], [ -99.240888608728483, 19.411917706371604 ], [ -99.240471105759326, 19.412045432945877 ], [ -99.240019292394209, 19.412158416270824 ], [ -99.23979489199094, 19.412179415233972 ], [ -99.239386483386525, 19.412132633385827 ], [ -99.238884462882169, 19.412017950653237 ], [ -99.238529054082662, 19.411977012231496 ], [ -99.238239194801452, 19.411998095194601 ], [ -99.238027348805403, 19.412078226006695 ], [ -99.237645694007895, 19.412208856669888 ], [ -99.237377743989867, 19.412292017624541 ], [ -99.237190812525242, 19.412357327290991 ], [ -99.237060040136882, 19.412458053799018 ], [ -99.236954230110939, 19.41257649280853 ], [ -99.236686912531511, 19.41309736556785 ], [ -99.236432113057816, 19.413653711922827 ], [ -99.236245555590045, 19.413979282282764 ], [ -99.235847330708722, 19.414512154044299 ], [ -99.235741774270565, 19.414808043462347 ], [ -99.235518038307418, 19.415293367597073 ], [ -99.235449631225791, 19.415411757227488 ], [ -99.235150749891659, 19.415666491403897 ], [ -99.234845565337295, 19.415873912855421 ], [ -99.2345466822144, 19.416128646043745 ], [ -99.234335163837017, 19.41644241654409 ], [ -99.23414839578497, 19.416626023847805 ], [ -99.234005077439093, 19.416676486423835 ], [ -99.233849216261234, 19.416675208366787 ], [ -99.233772800926786, 19.416644252718548 ], [ -99.233765752504397, 19.416661346405139 ], [ -99.23373634644247, 19.41673266133002 ], [ -99.233544473784704, 19.417194645831799 ], [ -99.233371483063067, 19.417461792195681 ], [ -99.233347490466201, 19.417498843479891 ], [ -99.2333188677935, 19.417543045270111 ], [ -99.233163497122888, 19.41781177892063 ], [ -99.232940381462996, 19.418740727541753 ], [ -99.232914970958717, 19.418770180441907 ], [ -99.232056543050447, 19.419765161888492 ], [ -99.230562478001147, 19.421334551803277 ], [ -99.229815397312905, 19.422092624503371 ], [ -99.229105319388111, 19.422566725277967 ], [ -99.228321165593641, 19.423573270498874 ], [ -99.227959796381597, 19.42374526077116 ], [ -99.227686016229271, 19.424135997196327 ], [ -99.227499174314232, 19.424278192432741 ], [ -99.227162667333459, 19.424396914575578 ], [ -99.226801221199452, 19.424515667246105 ], [ -99.226589439393777, 19.424657892697486 ], [ -99.226377935751685, 19.425001229078568 ], [ -99.226141836163208, 19.425593027708171 ], [ -99.225868391908179, 19.426232192815615 ], [ -99.225632076422485, 19.42667019986353 ], [ -99.225407870255452, 19.426847929637795 ], [ -99.22502147837163, 19.42696670975813 ], [ -99.224722372607417, 19.427085381054976 ], [ -99.224585289092403, 19.427144701097184 ], [ -99.224557972832571, 19.427171604881558 ], [ -99.223027550282822, 19.428678897359948 ], [ -99.223003781249005, 19.428702306839305 ], [ -99.223179366321247, 19.429162889105545 ], [ -99.223351348783197, 19.429443051095028 ], [ -99.22360913175612, 19.429723107255171 ], [ -99.223254174469233, 19.429754161275099 ], [ -99.223330983507182, 19.430236713919339 ], [ -99.222938341728522, 19.430281984843738 ], [ -99.222458817001126, 19.430337272038599 ], [ -99.22216887820305, 19.430496436661731 ], [ -99.221921350634332, 19.430632318631538 ], [ -99.221839608993363, 19.430677191146795 ], [ -99.221907580493777, 19.430791424796634 ], [ -99.222052065169137, 19.430989806199616 ], [ -99.222064123667096, 19.431006362819033 ], [ -99.223605247096188, 19.433122329081204 ], [ -99.223658243090966, 19.433195091485366 ], [ -99.222875404827661, 19.433762100698797 ], [ -99.222788212890919, 19.433825253306246 ], [ -99.222917135086803, 19.433892621217339 ], [ -99.226857724332845, 19.435951716912285 ], [ -99.227097117130739, 19.436076803419965 ], [ -99.227178384902743, 19.436119267421841 ], [ -99.227277341649071, 19.436167437237071 ], [ -99.228206231796221, 19.436619594840202 ], [ -99.228475767995974, 19.436750796391021 ], [ -99.228589798867773, 19.436806302674775 ], [ -99.229674202837003, 19.437334147507247 ], [ -99.230029944130024, 19.437089658983172 ], [ -99.230546094207313, 19.436734924750002 ], [ -99.231004844538049, 19.436419636701313 ], [ -99.231463592743197, 19.436104347756668 ], [ -99.231610749746835, 19.436152001840139 ], [ -99.231661684647264, 19.436167815767817 ], [ -99.231814454642247, 19.436217967672068 ], [ -99.232121851935204, 19.436299957027675 ], [ -99.232212077088917, 19.43633152708577 ], [ -99.232339118951344, 19.436416915266278 ], [ -99.232446102861502, 19.436489654858388 ], [ -99.23276379190618, 19.43676174272009 ], [ -99.233054788981931, 19.437052875560834 ], [ -99.233165249336722, 19.43722066663781 ], [ -99.233265658166346, 19.437366290738655 ], [ -99.233332657837167, 19.437505620641922 ], [ -99.233357022243638, 19.437643015416782 ], [ -99.233401509220727, 19.437849776103242 ], [ -99.233437257862803, 19.43812641891877 ], [ -99.233473074547931, 19.438450573844534 ], [ -99.2335208796449, 19.438917249961396 ], [ -99.233535778084473, 19.43903461390105 ], [ -99.233559506922902, 19.439146376802025 ], [ -99.233600912545967, 19.439258116945869 ], [ -99.233683599997761, 19.439394957449441 ], [ -99.233836966700778, 19.439512143005782 ], [ -99.233978489035891, 19.439587421164521 ], [ -99.234190662571137, 19.439623480354019 ], [ -99.235107130775603, 19.439776011338832 ], [ -99.235413524704555, 19.439772819309773 ], [ -99.236548130372867, 19.440008904952712 ], [ -99.237673949624778, 19.440278532992004 ], [ -99.238216557624256, 19.440632765554952 ], [ -99.238467261823274, 19.440825279500348 ], [ -99.238717966732906, 19.441017793840054 ], [ -99.239018855054795, 19.441277317382077 ], [ -99.23928732422992, 19.441528498658197 ], [ -99.239602842725361, 19.441718131053573 ], [ -99.240115849969996, 19.441971782856925 ], [ -99.240020943126552, 19.442009516346769 ], [ -99.239509290894517, 19.442212940189741 ], [ -99.238996762392375, 19.442286281639515 ], [ -99.238407698016388, 19.442404439563667 ], [ -99.238225214198039, 19.44252765192935 ], [ -99.238048663217711, 19.442678804670436 ], [ -99.237724835022604, 19.442852508921177 ], [ -99.236445335007375, 19.443449839628368 ], [ -99.236259975067654, 19.443536373494894 ], [ -99.236187959081349, 19.443569993445788 ], [ -99.235922817009651, 19.443581517717366 ], [ -99.23582136482689, 19.443651010690694 ], [ -99.235775652156292, 19.443682323033823 ], [ -99.235551805116046, 19.443727331111479 ], [ -99.235404317553446, 19.443604549810622 ], [ -99.235286308331965, 19.443492909501224 ], [ -99.235156490324727, 19.443364515410359 ], [ -99.235020932989741, 19.443342332363969 ], [ -99.234685130615574, 19.443387484345376 ], [ -99.234054972416075, 19.443617474714209 ], [ -99.233731082029621, 19.443752044273491 ], [ -99.233377808909864, 19.443942547741351 ], [ -99.232688571050446, 19.444066405655256 ], [ -99.232423292602206, 19.443982900621208 ], [ -99.232128592061727, 19.443927381185329 ], [ -99.231686613, 19.443894408063784 ], [ -99.231173980491334, 19.443900651581664 ], [ -99.23095551748419, 19.443936979674735 ], [ -99.230902992452997, 19.443945713991621 ], [ -99.230549624788722, 19.444071930901412 ], [ -99.23035234682412, 19.444156026507219 ], [ -99.230140376968649, 19.444268088883636 ], [ -99.230040260739941, 19.444307343529914 ], [ -99.229374454929641, 19.444336134788614 ], [ -99.229283161427006, 19.444364198525399 ], [ -99.229062418550015, 19.44452378292911 ], [ -99.228829917762951, 19.444702945739067 ], [ -99.228659185479543, 19.444809364711077 ], [ -99.228473706186861, 19.444904622754013 ], [ -99.228176266032989, 19.444997226609654 ], [ -99.227348935820089, 19.445400721411502 ], [ -99.226604154527962, 19.445846031899848 ], [ -99.226197975350146, 19.446137201586684 ], [ -99.225997932060707, 19.446355448002048 ], [ -99.225015816713096, 19.447759675788319 ], [ -99.224521325934788, 19.448112437601608 ], [ -99.223873725416425, 19.448538052781682 ], [ -99.223679438472288, 19.448661265159924 ], [ -99.223390869658914, 19.448784593456455 ], [ -99.223133375589398, 19.448871346158484 ], [ -99.22271647599355, 19.449011804266259 ], [ -99.222448522341679, 19.449129516090764 ], [ -99.222227739664532, 19.449269528417272 ], [ -99.222074710347613, 19.449401073041646 ], [ -99.221957154352154, 19.449619214005111 ], [ -99.22173143850361, 19.450466324850044 ], [ -99.221623039071034, 19.450919220455809 ], [ -99.221608652701349, 19.451173567931622 ], [ -99.221712602824653, 19.451547144110872 ], [ -99.22174781050532, 19.451673673137311 ], [ -99.2201503241659, 19.452467757225612 ], [ -99.220040409063273, 19.452527896523836 ], [ -99.219978704095681, 19.452561657927156 ], [ -99.219973651220585, 19.452861924233812 ], [ -99.219906842483411, 19.452860827570834 ], [ -99.219810769609879, 19.452860251338041 ], [ -99.219349491390219, 19.452877830344221 ], [ -99.218661935140489, 19.453063809217593 ], [ -99.218434067777068, 19.453125444984135 ], [ -99.218148041669892, 19.45325271284322 ], [ -99.217481750733029, 19.453549177743941 ], [ -99.217148169718556, 19.453960427215915 ], [ -99.216925895989874, 19.454228172262646 ], [ -99.215404388676845, 19.456060908396132 ], [ -99.215127185181387, 19.456621812796747 ], [ -99.214313672114514, 19.45843831432418 ], [ -99.214284931927892, 19.458502487773771 ], [ -99.214271248431103, 19.458533041390229 ], [ -99.214251667480966, 19.458612258143731 ], [ -99.214234128749382, 19.458683214228426 ], [ -99.214115501499421, 19.459163135397752 ], [ -99.214003060659195, 19.459880238859171 ], [ -99.213944173888677, 19.460264399787054 ], [ -99.21389580985867, 19.460438578293452 ], [ -99.213839266428607, 19.460551311804466 ], [ -99.213782722921025, 19.460664045297094 ], [ -99.212761233680922, 19.462263251954521 ], [ -99.21265659474723, 19.462427068394447 ], [ -99.212696685269407, 19.462448410895529 ], [ -99.213558894830939, 19.462907402276308 ], [ -99.212780102873083, 19.465109390760617 ], [ -99.212698189386558, 19.465340992265162 ], [ -99.212424346229341, 19.46617775183179 ], [ -99.212128126699184, 19.467082874131684 ], [ -99.211852725313378, 19.467057590135564 ], [ -99.21173939830399, 19.467103813492098 ], [ -99.211569285664297, 19.467647446429172 ], [ -99.211481297586971, 19.467928630511736 ], [ -99.211146726903408, 19.468077535805637 ], [ -99.210796162600104, 19.468385216760478 ], [ -99.210781584382104, 19.468400492338255 ], [ -99.210591267276897, 19.468599913032115 ], [ -99.21053194815822, 19.468662069468614 ], [ -99.210014341862973, 19.469236246046204 ], [ -99.209841836380164, 19.469451536877127 ], [ -99.209016409220695, 19.469990218223828 ], [ -99.208789624828484, 19.469985358403925 ], [ -99.208762725827, 19.470062207612457 ], [ -99.20784986856421, 19.469791832379002 ], [ -99.207731540824071, 19.469882589305357 ], [ -99.207646723439851, 19.46994462593004 ], [ -99.207500567946298, 19.47055799367185 ], [ -99.207464851130368, 19.470715980099794 ], [ -99.206923482798715, 19.471208211258038 ], [ -99.20687069392406, 19.471218083713605 ], [ -99.206798193139676, 19.471231642618747 ], [ -99.206580716870292, 19.471370964036922 ], [ -99.206460499329481, 19.471447490719804 ], [ -99.205915638716462, 19.471794329847818 ], [ -99.205363001620213, 19.472075285856885 ], [ -99.205183588317524, 19.472172052848798 ], [ -99.20507447727276, 19.472221968132736 ], [ -99.204336991395877, 19.472390585467725 ], [ -99.202522112050104, 19.472944273433665 ], [ -99.202133459641033, 19.473042935199206 ], [ -99.201351086861038, 19.47324154237657 ], [ -99.201196180364178, 19.473280865299099 ] ] ] ] } },
{ "type": "Feature", "properties": { "ID": 4.0, "ENTIDAD": 9, "MUNICIPIO": 9, "NOMBRE": "MILPA ALTA", "CONTROL": 4.0, "GEOMETRY1_": null, "ClaveEnt": "09" }, "geometry": { "type": "MultiPolygon", "coordinates": [ [ [ [ -98.995801663480762, 19.227034976825259 ], [ -98.995324297899145, 19.226963339729767 ], [ -98.995280548206466, 19.226960926094417 ], [ -98.994308262649298, 19.226874327821108 ], [ -98.993632546447031, 19.226797789818953 ], [ -98.993596858011699, 19.226793747338238 ], [ -98.993499386303753, 19.226803945940755 ], [ -98.993130292056378, 19.226765142422916 ], [ -98.992807342464332, 19.226764295915441 ], [ -98.992777140740586, 19.226760708645589 ], [ -98.992598295010822, 19.226739465783119 ], [ -98.992480706678705, 19.226707192648181 ], [ -98.991537558103502, 19.226549991792456 ], [ -98.991513904442101, 19.226546049212889 ], [ -98.988398553253518, 19.226026755795893 ], [ -98.988265957477665, 19.225848031161426 ], [ -98.985262392675111, 19.221799423497217 ], [ -98.984412692825927, 19.223536262696037 ], [ -98.982771934853417, 19.221234854068783 ], [ -98.982326856869292, 19.220645369947558 ], [ -98.982077109644536, 19.220401298589465 ], [ -98.981684672557961, 19.219825037441996 ], [ -98.981220874130358, 19.219255547206874 ], [ -98.980575118218837, 19.218557233904949 ], [ -98.979929367761116, 19.217858918278946 ], [ -98.979044581899629, 19.216977537759572 ], [ -98.978316766191384, 19.216367335095523 ], [ -98.97762252901741, 19.215928781136096 ], [ -98.977601560513989, 19.215915535124097 ], [ -98.977878789605455, 19.215102072243479 ], [ -98.979296009181425, 19.215312894426827 ], [ -98.979391652401716, 19.215329425114888 ], [ -98.980522948121106, 19.212526853946351 ], [ -98.980582891001262, 19.212384258821167 ], [ -98.981062965119904, 19.211028566138367 ], [ -98.981108761896991, 19.210893596448045 ], [ -98.981154558599258, 19.210758626744227 ], [ -98.981160891192843, 19.210601157238333 ], [ -98.981138798622766, 19.210524669460714 ], [ -98.981156363899856, 19.21047770404622 ], [ -98.981231252643283, 19.210276467864883 ], [ -98.981322557167175, 19.209891541003731 ], [ -98.981407893639641, 19.209599812642242 ], [ -98.981505148655273, 19.209267338638227 ], [ -98.981472302251674, 19.209201445337179 ], [ -98.981428512407845, 19.209066193042403 ], [ -98.981443805660504, 19.208999482423238 ], [ -98.981545382579654, 19.208556424417829 ], [ -98.981070844264607, 19.208431531841633 ], [ -98.980994199370613, 19.208313615507908 ], [ -98.980848188619618, 19.208268517686747 ], [ -98.980749627867041, 19.208268507363478 ], [ -98.980731382337936, 19.208213019138295 ], [ -98.980607266806956, 19.208230345522072 ], [ -98.980424750219669, 19.20820258296941 ], [ -98.980227633766887, 19.208160947083734 ], [ -98.979994012625525, 19.208126242794435 ], [ -98.979862600090797, 19.208112356829062 ], [ -98.979800550577195, 19.208053395799308 ], [ -98.979764057246229, 19.207966694416108 ], [ -98.979792062601646, 19.2078762752957 ], [ -98.979837093815433, 19.207730885644391 ], [ -98.979848060180274, 19.207606042649338 ], [ -98.979822516376274, 19.207533214055058 ], [ -98.97974221646426, 19.207463847308752 ], [ -98.97957808927238, 19.207415137293232 ], [ -98.979450110901297, 19.207377155479335 ], [ -98.979059615508035, 19.207304247460151 ], [ -98.97881384479949, 19.207314851872994 ], [ -98.978542682155961, 19.207234802916009 ], [ -98.978267410840701, 19.207156704714823 ], [ -98.977907911140861, 19.207084450902098 ], [ -98.977527869443108, 19.20700438728964 ], [ -98.977455975618867, 19.20694582913039 ], [ -98.977458038198094, 19.206885328406784 ], [ -98.97750941091661, 19.206779945916498 ], [ -98.977542301988848, 19.206619915101903 ], [ -98.977505353987681, 19.206399374742087 ], [ -98.97746365253488, 19.206248966011128 ], [ -98.977410883598026, 19.206188585513964 ], [ -98.977294553483759, 19.206098205745661 ], [ -98.977212881955268, 19.2060537149125 ], [ -98.977023884561632, 19.206049788034644 ], [ -98.976892414281394, 19.206002932040388 ], [ -98.976875991684196, 19.205917057606317 ], [ -98.976892451893434, 19.205733605084514 ], [ -98.976929471583773, 19.205433056462379 ], [ -98.976995253704914, 19.205116898275605 ], [ -98.977081573806828, 19.204835872230262 ], [ -98.977176115149163, 19.204523620840199 ], [ -98.977204906086826, 19.204301136897062 ], [ -98.977151501198691, 19.204250387479956 ], [ -98.976904992465521, 19.204195710534883 ], [ -98.976547552160525, 19.204137115812145 ], [ -98.976329801217574, 19.204101958219695 ], [ -98.976206539781558, 19.204125362005314 ], [ -98.976116143758176, 19.204172189732155 ], [ -98.976009317224097, 19.204191692235188 ], [ -98.975861407461863, 19.20419167282181 ], [ -98.975758684915988, 19.204242402038638 ], [ -98.975586133839712, 19.204172119924152 ], [ -98.975503958292734, 19.204195528703433 ], [ -98.975343722713873, 19.204195507225229 ], [ -98.974863184587079, 19.20443510519792 ], [ -98.974830678462538, 19.204351000838443 ], [ -98.974780099785889, 19.204309802100305 ], [ -98.974716874115515, 19.204273750578057 ], [ -98.974639196953689, 19.204229115413042 ], [ -98.974574166587018, 19.204181049320077 ], [ -98.974534428701858, 19.204132986718328 ], [ -98.974433278813947, 19.204004248300873 ], [ -98.974301416078504, 19.203880654497649 ], [ -98.974238320657349, 19.203833176204281 ], [ -98.97415509351076, 19.203803399324705 ], [ -98.97408282791713, 19.20381368707185 ], [ -98.973963582080287, 19.203878890512044 ], [ -98.973806388562622, 19.204000727167521 ], [ -98.973741345728072, 19.204033328030558 ], [ -98.973670885245326, 19.204052197496239 ], [ -98.973607654440954, 19.204050472081061 ], [ -98.973551651418262, 19.204040166064065 ], [ -98.973495652800693, 19.204002398837858 ], [ -98.973450496294504, 19.203949186243626 ], [ -98.973394501593845, 19.203887390442794 ], [ -98.973363797397838, 19.20383761257229 ], [ -98.973273492627484, 19.203681413893356 ], [ -98.973198565961823, 19.203573056135763 ], [ -98.973107324642001, 19.203441104149125 ], [ -98.973035080954844, 19.203317518163484 ], [ -98.972962837375519, 19.20319393214784 ], [ -98.972896346213005, 19.203052221491738 ], [ -98.972843643928925, 19.202939898475286 ], [ -98.972760562819687, 19.202806012821242 ], [ -98.972572709460849, 19.202613756443121 ], [ -98.972545040711069, 19.202418608385916 ], [ -98.972461742250161, 19.202233875341815 ], [ -98.972452566219602, 19.201939420936426 ], [ -98.966914532015679, 19.196777987783925 ], [ -98.966843659623919, 19.193701867121685 ], [ -98.966605229176935, 19.183352178246782 ], [ -98.953169899110506, 19.17295178206631 ], [ -98.956107309573213, 19.168261751761676 ], [ -98.957722029308528, 19.165683479399203 ], [ -98.961024953948922, 19.160409266362766 ], [ -98.956861495388651, 19.14866036126169 ], [ -98.954021719207631, 19.14849367012809 ], [ -98.953217006874667, 19.147555288423085 ], [ -98.951541047436351, 19.134108481586868 ], [ -98.955925458437591, 19.118165674822418 ], [ -98.959453508558369, 19.097043972814355 ], [ -98.961055719532723, 19.09040453124943 ], [ -98.964364881086553, 19.081165542069876 ], [ -98.972994787666664, 19.080647783005919 ], [ -98.984006549301199, 19.079797989589164 ], [ -99.002935766051934, 19.08235556212022 ], [ -99.028983024117395, 19.085951872499038 ], [ -99.0441873148322, 19.075726616071123 ], [ -99.060965149974137, 19.049519499138892 ], [ -99.069896185951109, 19.05399350442654 ], [ -99.105296931830551, 19.075484904445013 ], [ -99.125673210451112, 19.087848536942264 ], [ -99.150390193256882, 19.111656982341032 ], [ -99.142294617301118, 19.145789740014028 ], [ -99.141216487361376, 19.15082626718268 ], [ -99.138324397959053, 19.14867483283453 ], [ -99.130496153964842, 19.143204639916512 ], [ -99.113907804962764, 19.159212524436185 ], [ -99.100596832676601, 19.172054390837509 ], [ -99.106863228080002, 19.180919895833192 ], [ -99.106923074518832, 19.180983905301844 ], [ -99.106991207459885, 19.180859047689282 ], [ -99.107811637469069, 19.18193427014937 ], [ -99.107798998765944, 19.183876022602938 ], [ -99.107577755634509, 19.185712223892349 ], [ -99.107513558727547, 19.188064382469868 ], [ -99.107350446791514, 19.188922178920663 ], [ -99.10744941921908, 19.191471484905687 ], [ -99.107582165636487, 19.192501719783419 ], [ -99.107512822476039, 19.192765943155276 ], [ -99.107530411815631, 19.193291867548222 ], [ -99.10704015227796, 19.193456003112413 ], [ -99.10679179093097, 19.193475178253596 ], [ -99.106697839372444, 19.193362711564117 ], [ -99.106205445324989, 19.193218582491724 ], [ -99.1047653233408, 19.193398531298897 ], [ -99.104685702806506, 19.193461460316779 ], [ -99.10464691438743, 19.19349893021667 ], [ -99.104653344474258, 19.193760810653167 ], [ -99.104494820824456, 19.194044608797423 ], [ -99.104499376610477, 19.194645749216328 ], [ -99.104575239805754, 19.195215348067176 ], [ -99.104573987606315, 19.195278967548049 ], [ -99.104568015406031, 19.195582391694291 ], [ -99.104562650463535, 19.195639682212818 ], [ -99.104556408364701, 19.195675397232161 ], [ -99.104556789184443, 19.195705697461175 ], [ -99.104559774052419, 19.195758969727251 ], [ -99.104553553247484, 19.195828412224277 ], [ -99.104522281309428, 19.195909772817828 ], [ -99.104503645114434, 19.196159763653942 ], [ -99.10451828647642, 19.19619745074036 ], [ -99.104543361450979, 19.196223228059157 ], [ -99.104593498889642, 19.196254942994081 ], [ -99.104609881020551, 19.196290356557679 ], [ -99.104513146935744, 19.196611855705832 ], [ -99.104492327253141, 19.196711066060217 ], [ -99.104480013225569, 19.197052315880232 ], [ -99.104513530191596, 19.197218950242295 ], [ -99.104572088549276, 19.197357794743404 ], [ -99.104626427893479, 19.197429186661648 ], [ -99.104670243108856, 19.197524216616632 ], [ -99.104644933464868, 19.197675083961805 ], [ -99.10459595164869, 19.197986051663015 ], [ -99.104482170519972, 19.198075439781448 ], [ -99.104444099693936, 19.198133791252179 ], [ -99.104398869924964, 19.198280785216113 ], [ -99.104395518219093, 19.198310819640369 ], [ -99.104404000546737, 19.198332939902578 ], [ -99.104429420897446, 19.198357061892505 ], [ -99.10449137192424, 19.198398259730052 ], [ -99.104569188489194, 19.198419334782443 ], [ -99.104670831931728, 19.198455481493433 ], [ -99.10476614831741, 19.198529847826972 ], [ -99.104819116477657, 19.198594181459548 ], [ -99.104846665491664, 19.198636404520084 ], [ -99.104863659608924, 19.198726906534361 ], [ -99.104870058051759, 19.198801323631272 ], [ -99.10485740514315, 19.198879774364386 ], [ -99.1048332879719, 19.198934233250995 ], [ -99.104814255710281, 19.19896843744872 ], [ -99.104795218347448, 19.1989945961605 ], [ -99.104769834763303, 19.199028803982639 ], [ -99.104737884206912, 19.199059870960646 ], [ -99.104710412912794, 19.199079591700748 ], [ -99.10461799914026, 19.199138836934928 ], [ -99.104425130949835, 19.199255422406637 ], [ -99.104316551283617, 19.199304969195421 ], [ -99.104219059410994, 19.199375288241573 ], [ -99.104106003509045, 19.199452256366516 ], [ -99.104001634097386, 19.199516043693848 ], [ -99.103330992535902, 19.199925916293164 ], [ -99.103091144646427, 19.200051900245082 ], [ -99.102841964419994, 19.200212322583432 ], [ -99.102577638205503, 19.200336659600126 ], [ -99.102383929945077, 19.200495796771129 ], [ -99.102340640145457, 19.200543965408247 ], [ -99.102277482337115, 19.200614241145203 ], [ -99.102229207028486, 19.200688325446315 ], [ -99.102141819886398, 19.200844812590351 ], [ -99.10210573482523, 19.200993768616339 ], [ -99.101587211303084, 19.200878076018206 ], [ -99.10154407022452, 19.201059554263686 ], [ -99.101447678861263, 19.201030958915528 ], [ -99.101294901230006, 19.200981398059994 ], [ -99.101208464459418, 19.200958532565163 ], [ -99.101094053803521, 19.200953873100758 ], [ -99.100985385993866, 19.200979659333814 ], [ -99.100938031888191, 19.201009690558106 ], [ -99.100881797325599, 19.201076551729169 ], [ -99.100840782816661, 19.201151588061599 ], [ -99.100827600467653, 19.201189238202623 ], [ -99.100801500532683, 19.20123507899164 ], [ -99.100766492205508, 19.201271923304954 ], [ -99.100712249892823, 19.201310141803191 ], [ -99.10064393754115, 19.20134645857312 ], [ -99.10055551519342, 19.201363691996306 ], [ -99.100473104950012, 19.201352280558108 ], [ -99.100420836465901, 19.201331305403993 ], [ -99.100292174570043, 19.201277911636634 ], [ -99.100212516171538, 19.201227771241154 ], [ -99.100159509264287, 19.201251252055492 ], [ -99.099983576220652, 19.201365368358481 ], [ -99.099963533212161, 19.201457032165603 ], [ -99.099947613634541, 19.201720542868461 ], [ -99.09990346168307, 19.201827495284277 ], [ -99.099862438480443, 19.201889165354583 ], [ -99.099749926414461, 19.201954147379841 ], [ -99.099641424752136, 19.202003851677592 ], [ -99.099488697257527, 19.202038304432364 ], [ -99.099211254286132, 19.202061375143042 ], [ -99.099018391340621, 19.202034740126511 ], [ -99.098962090575299, 19.20199276295148 ], [ -99.098950862780541, 19.201938759024699 ], [ -99.098882432278884, 19.201778403401892 ], [ -99.098781858153743, 19.20164097828868 ], [ -99.098705425027887, 19.20154172882555 ], [ -99.098633032150516, 19.2014768469869 ], [ -99.098492279873597, 19.201369994276373 ], [ -99.098387704812168, 19.201263122049255 ], [ -99.098240923373325, 19.201156272376714 ], [ -99.098148442705465, 19.201108586019565 ], [ -99.098053964700938, 19.201081904469952 ], [ -99.097947432250137, 19.201062867051199 ], [ -99.097394512599024, 19.201031703674325 ], [ -99.097229026163745, 19.201008421551311 ], [ -99.097074260125183, 19.200993228062519 ], [ -99.096972618571115, 19.200987007726269 ], [ -99.096859215919878, 19.20100670781979 ], [ -99.096778830447136, 19.201020116307692 ], [ -99.096726596007031, 19.201056423136535 ], [ -99.096681259857277, 19.201101727681774 ], [ -99.096676276578052, 19.20093042694587 ], [ -99.096687989134566, 19.200857679122649 ], [ -99.096691129436238, 19.200794303403399 ], [ -99.096695077704524, 19.200672097462899 ], [ -99.096682077428241, 19.200538989652976 ], [ -99.096666810753391, 19.200450617867553 ], [ -99.096614498450251, 19.200353264231957 ], [ -99.096553140088957, 19.200278254225527 ], [ -99.09650589891605, 19.200234936420362 ], [ -99.096466825679698, 19.20019540464272 ], [ -99.096439509124437, 19.20012231465617 ], [ -99.096407323065435, 19.200072686258117 ], [ -99.096233616346112, 19.200075232737895 ], [ -99.095962270594271, 19.200041005089886 ], [ -99.095042442478302, 19.199874824584132 ], [ -99.094851508620209, 19.199873014002304 ], [ -99.094774441495503, 19.199997705791283 ], [ -99.094742295303462, 19.200016816756889 ], [ -99.094452869193162, 19.199995962262353 ], [ -99.093709179548128, 19.199897053138901 ], [ -99.093311963891594, 19.199831796236126 ], [ -99.092942230846774, 19.199788059798191 ], [ -99.092885943095297, 19.199765175088555 ], [ -99.092785436172548, 19.199736584432529 ], [ -99.091847931435936, 19.199617307722907 ], [ -99.091560363959701, 19.199576807562217 ], [ -99.09148298554895, 19.199575891460277 ], [ -99.091434746821463, 19.199570187210199 ], [ -99.091378464620902, 19.199556849212399 ], [ -99.091319170867379, 19.199549241004178 ], [ -99.091289027857229, 19.199556893754519 ], [ -99.091271852593536, 19.199568366091373 ], [ -99.091255884332782, 19.199590325375745 ], [ -99.091237808624385, 19.199613247598595 ], [ -99.091214707319082, 19.199634262883446 ], [ -99.091125206641237, 19.199651699884861 ], [ -99.091049914496551, 19.199656303285582 ], [ -99.090969520801607, 19.199654433746304 ], [ -99.090772560915553, 19.199658350212925 ], [ -99.090366574917965, 19.19965282240738 ], [ -99.089966621505084, 19.199653019051027 ], [ -99.08980562237042, 19.199698281735255 ], [ -99.089746886889031, 19.199759617860387 ], [ -99.089715803693338, 19.199814371793831 ], [ -99.089692782034859, 19.199860363583255 ], [ -99.089659387027723, 19.199901981343597 ], [ -99.089632893531999, 19.199920605460647 ], [ -99.089598328390053, 19.199929380547321 ], [ -99.089498078092419, 19.199933808597461 ], [ -99.089419720276439, 19.199934941595938 ], [ -99.089320615210667, 19.199926231696903 ], [ -99.089235335157085, 19.199912041145225 ], [ -99.08916042902996, 19.199903319382852 ], [ -99.089063622764101, 19.199883660482225 ], [ -99.088999084088911, 19.199868364971501 ], [ -99.088954135018113, 19.199853059936974 ], [ -99.088925314442761, 19.199830083649911 ], [ -99.088905715444724, 19.199812576760298 ], [ -99.088895328024094, 19.199781928109545 ], [ -99.088892993970873, 19.199727190515166 ], [ -99.088907914846004, 19.199616611055141 ], [ -99.08892285216875, 19.199536685271863 ], [ -99.088934338968656, 19.199468803680123 ], [ -99.088941223514752, 19.199414061613844 ], [ -99.088948119233663, 19.199380120258162 ], [ -99.088948102761904, 19.199349466578457 ], [ -99.088948088643278, 19.199323191995806 ], [ -99.088913502419402, 19.199292555079552 ], [ -99.088876622138997, 19.199281625210649 ], [ -99.088814386016026, 19.199261949418855 ], [ -99.088747532978516, 19.199228043770646 ], [ -99.088684135181936, 19.199190852103218 ], [ -99.088620746205379, 19.199170082028253 ], [ -99.08856197181241, 19.199159162674349 ], [ -99.088476688706891, 19.19913840312088 ], [ -99.088359135879131, 19.199108900881225 ], [ -99.088281922009543, 19.19909361122199 ], [ -99.088190879104303, 19.199076138631675 ], [ -99.088128646053391, 19.199061936477776 ], [ -99.088043359557744, 19.199034608076147 ], [ -99.087994949757714, 19.199011641043061 ], [ -99.08796962355845, 19.198986053229483 ], [ -99.087941914975659, 19.198959117299935 ], [ -99.087880773900423, 19.198966205996221 ], [ -99.0878832389282, 19.199133214591914 ], [ -99.087846402905228, 19.199205487364377 ], [ -99.087793425009934, 19.19926025146351 ], [ -99.087727777303726, 19.199325969354266 ], [ -99.087667894653265, 19.199398253112921 ], [ -99.087629910787768, 19.199479284585678 ], [ -99.087611509490529, 19.199547169401026 ], [ -99.087590796571916, 19.199601918023323 ], [ -99.087565463325348, 19.199635868132678 ], [ -99.087526195876478, 19.199654504386562 ], [ -99.087487122413592, 19.199668748759095 ], [ -99.087467560609852, 19.199721307268746 ], [ -99.087460684819064, 19.199793565668152 ], [ -99.087442313491394, 19.199918378725851 ], [ -99.087447011878197, 19.200086971761305 ], [ -99.087449403298095, 19.200251186795764 ], [ -99.087447191175571, 19.200426351767106 ], [ -99.087440339638349, 19.20054459067595 ], [ -99.087440400942938, 19.200660636738064 ], [ -99.087440455307757, 19.200763545508945 ], [ -99.087443934292082, 19.200805145278114 ], [ -99.087447413278198, 19.200846745047109 ], [ -99.087440532807179, 19.200910245244046 ], [ -99.087424467175055, 19.201037246734604 ], [ -99.087415307452858, 19.201148918088865 ], [ -99.087386545765639, 19.20124645112681 ], [ -99.087378498522369, 19.201273739910636 ], [ -99.087337070934609, 19.201381047533616 ], [ -99.087293247385631, 19.201501499920465 ], [ -99.087244940375314, 19.201584892690676 ], [ -99.087208162331365, 19.201672318858996 ], [ -99.087137933466252, 19.201793872194127 ], [ -99.087081426974777, 19.201901193260763 ], [ -99.086950283953001, 19.20214100471998 ], [ -99.086873163037083, 19.20230525741286 ], [ -99.086785673139659, 19.202473894075695 ], [ -99.086640161025286, 19.202543033037887 ], [ -99.086564925802392, 19.202631823583417 ], [ -99.085903654083992, 19.20218929195547 ], [ -99.085625304606907, 19.202077057267857 ], [ -99.085082272681603, 19.201925778761648 ], [ -99.084734610464224, 19.201760205472624 ], [ -99.084484047678899, 19.201562030112019 ], [ -99.08437248044838, 19.201304481601905 ], [ -99.083815849711655, 19.200967463796655 ], [ -99.083690545999033, 19.200822107631762 ], [ -99.083530386356429, 19.200537963559363 ], [ -99.083370277202746, 19.200352964816386 ], [ -99.082770050803063, 19.200041857394496 ], [ -99.082305433434115, 19.19956689145641 ], [ -99.082166191525729, 19.199368662866636 ], [ -99.082110439118551, 19.199177006505455 ], [ -99.082131215486854, 19.198985315866334 ], [ -99.082142797506293, 19.198805554492534 ], [ -99.08204908261213, 19.198744726639173 ], [ -99.081894541601031, 19.198721033647832 ], [ -99.081790112676131, 19.198575666814968 ], [ -99.081718706810847, 19.198392987801867 ], [ -99.081370317362854, 19.198103836884115 ], [ -99.081142775369102, 19.197914984168758 ], [ -99.080947847155528, 19.197650682213641 ], [ -99.080822519433681, 19.197445836707605 ], [ -99.080718043916008, 19.197201323717941 ], [ -99.080773947890179, 19.197035539536206 ], [ -99.080728448212284, 19.196980254103657 ], [ -99.080554159642944, 19.196869973788679 ], [ -99.080532005707411, 19.196759908376357 ], [ -99.080523648753967, 19.196636417365511 ], [ -99.080404608836545, 19.196444376893066 ], [ -99.080368642969859, 19.196418117191321 ], [ -99.080271814296978, 19.196352470931735 ], [ -99.080230417290267, 19.196330148558943 ], [ -99.075966671485958, 19.201321441629069 ], [ -99.074248089521774, 19.202319812690742 ], [ -99.07471074459697, 19.202604154299827 ], [ -99.075865478238526, 19.203567211930032 ], [ -99.076252564067119, 19.204600447800139 ], [ -99.076348814900683, 19.204705152432265 ], [ -99.077419547161043, 19.205869915627257 ], [ -99.0783045754049, 19.206716177568392 ], [ -99.077093818458621, 19.206729985382619 ], [ -99.077085499526802, 19.206181320305006 ], [ -99.076784044297781, 19.206125419305511 ], [ -99.076561228691133, 19.206081935542386 ], [ -99.076377899566083, 19.206405726482078 ], [ -99.076679378251498, 19.206511430361495 ], [ -99.076725334610856, 19.206698169474294 ], [ -99.076168533217157, 19.207109269998519 ], [ -99.07611623073258, 19.20737075338327 ], [ -99.076041228406325, 19.207410521833118 ], [ -99.072120701428034, 19.209438355034266 ], [ -99.071763996051118, 19.209395006082637 ], [ -99.071630484131305, 19.209411366656408 ], [ -99.071455002806758, 19.209413247182717 ], [ -99.070760772285439, 19.209431220818836 ], [ -99.069736375788906, 19.209770015812449 ], [ -99.0673471238715, 19.21056017482158 ], [ -99.067320198256283, 19.21056908138414 ], [ -99.067318322536224, 19.210646999760815 ], [ -99.067306936208567, 19.210790155041234 ], [ -99.067301243406121, 19.210862638699854 ], [ -99.067293070519426, 19.210889402011176 ], [ -99.067270186408209, 19.210906372454964 ], [ -99.06724022623365, 19.210913398190645 ], [ -99.067175372084108, 19.210909797891382 ], [ -99.067108606095047, 19.210895326034034 ], [ -99.067022760665154, 19.210868176855186 ], [ -99.066969343055376, 19.210844639869521 ], [ -99.066936910130764, 19.210828343363264 ], [ -99.066920321323792, 19.210800674823229 ], [ -99.066897677116017, 19.210773595971055 ], [ -99.066859550038672, 19.210801198182256 ], [ -99.066799585361849, 19.210853762008757 ], [ -99.066698520010874, 19.210924468341364 ], [ -99.066584093792429, 19.210973435001328 ], [ -99.066238877908816, 19.211033191689133 ], [ -99.066122527014073, 19.21105333181162 ], [ -99.065985206268138, 19.211089622080898 ], [ -99.065775418092457, 19.211163991089276 ], [ -99.065605682998623, 19.21123109736925 ], [ -99.065184211171029, 19.211412451655399 ], [ -99.065075504339887, 19.211455979221597 ], [ -99.064631147737074, 19.211651836671042 ], [ -99.064411838669372, 19.211771508452223 ], [ -99.063940831548777, 19.212110524675261 ], [ -99.063780652229497, 19.21223017506086 ], [ -99.063532750931401, 19.212404216903828 ], [ -99.063412616375999, 19.212494860456562 ], [ -99.06306174918538, 19.212766787357925 ], [ -99.062958761967224, 19.212816300708152 ], [ -99.062930158007262, 19.212827535891233 ], [ -99.062886293111475, 19.212844765316831 ], [ -99.062756117616416, 19.212866554402233 ], [ -99.062697463393775, 19.212866574476006 ], [ -99.062555692967734, 19.212821604307443 ], [ -99.062439926267956, 19.212785120640515 ], [ -99.061461055715256, 19.212274405384356 ], [ -99.060899602417052, 19.211988503768538 ], [ -99.060655368288451, 19.211865948033886 ], [ -99.060521286220464, 19.211798665957822 ], [ -99.060381522692296, 19.211718607122197 ], [ -99.060128480694601, 19.211512706194448 ], [ -99.059865774345937, 19.211228991844511 ], [ -99.059726004178529, 19.211128334091963 ], [ -99.059571786394997, 19.211048279340051 ], [ -99.059414850204135, 19.210987585119916 ], [ -99.058639076341635, 19.210687556151708 ], [ -99.058598490825545, 19.210669675447271 ], [ -99.058358199764356, 19.210563810483844 ], [ -99.051230459774757, 19.214420481954317 ], [ -99.05127655226083, 19.214591768226917 ], [ -99.051441640229996, 19.214956188255393 ], [ -99.051587525286365, 19.215255009596877 ], [ -99.051803268744422, 19.21551593469362 ], [ -99.051913770755334, 19.215674053672984 ], [ -99.051980137758036, 19.215886913378039 ], [ -99.052013252329331, 19.216043956936176 ], [ -99.051953875172288, 19.2166242150101 ], [ -99.051949917596374, 19.216662889929768 ], [ -99.051988947375193, 19.216825745652276 ], [ -99.052119511341772, 19.217197464088784 ], [ -99.052238539352558, 19.217485358483628 ], [ -99.052472712502905, 19.217911716998078 ], [ -99.052883475565238, 19.21865146518995 ], [ -99.052987111194042, 19.218789932379373 ], [ -99.053802742649509, 19.219396644657831 ], [ -99.054100027154462, 19.219609655906588 ], [ -99.054126910548334, 19.219689830505995 ], [ -99.054146124071565, 19.21978094134975 ], [ -99.054215227201283, 19.219908484043081 ], [ -99.05443006937044, 19.22015990910845 ], [ -99.054637407618046, 19.220476929280498 ], [ -99.054668196537392, 19.220615413607941 ], [ -99.054698907485147, 19.220666429688119 ], [ -99.054741120286792, 19.220691929703921 ], [ -99.054794839759722, 19.220706492287839 ], [ -99.054883094928357, 19.22073562315574 ], [ -99.054967533965694, 19.220826714352004 ], [ -99.055194018584444, 19.22117288899021 ], [ -99.055534208695363, 19.22201548361631 ], [ -99.055088721148678, 19.222030735671712 ], [ -99.054998683314807, 19.222040829141442 ], [ -99.054829050987593, 19.222166799886594 ], [ -99.054155140947287, 19.222143310755605 ], [ -99.054064515711985, 19.222210310276701 ], [ -99.053990008254701, 19.222256354936107 ], [ -99.053970273264341, 19.222311401180537 ], [ -99.053947899632504, 19.22235143717349 ], [ -99.053946613383971, 19.222445256465051 ], [ -99.053930835076031, 19.222519065321364 ], [ -99.053892655747518, 19.222549098608393 ], [ -99.053839985169333, 19.222561623283344 ], [ -99.053734381905514, 19.222637797499001 ], [ -99.05365435044844, 19.222695526057745 ], [ -99.05360959236971, 19.222743074075282 ], [ -99.053429427498017, 19.222751481735337 ], [ -99.053379055285006, 19.222751496418937 ], [ -99.053238236840883, 19.222746935125684 ], [ -99.053080200642924, 19.222709453419359 ], [ -99.052989301135327, 19.222650873648277 ], [ -99.052928316219479, 19.222625707297755 ], [ -99.052832865350084, 19.222598032471577 ], [ -99.052801056176264, 19.222613152029652 ], [ -99.052774554154695, 19.222643380441049 ], [ -99.052740091388813, 19.222650945559106 ], [ -99.052684408844897, 19.222625777600854 ], [ -99.052655240391545, 19.222608157200913 ], [ -99.052615462468921, 19.222575429455837 ], [ -99.052559783972811, 19.222562853448064 ], [ -99.052496154386503, 19.222557834895806 ], [ -99.052464343590984, 19.222567917600067 ], [ -99.0524166273904, 19.222583041646065 ], [ -99.052347698657655, 19.22258809815013 ], [ -99.052215136353766, 19.22257554398972 ], [ -99.05213559500983, 19.222555419458633 ], [ -99.052064010354826, 19.222545366223901 ], [ -99.052010986245307, 19.222542862886755 ], [ -99.051923486699252, 19.222507630134629 ], [ -99.051865153952591, 19.222484981075731 ], [ -99.051817419564998, 19.222442181816749 ], [ -99.051793546462903, 19.222401894198896 ], [ -99.051774982796829, 19.222384270659759 ], [ -99.051642415191893, 19.222354087299397 ], [ -99.051607939855046, 19.222321357839299 ], [ -99.051573458246594, 19.222268481189754 ], [ -99.051515100519737, 19.222165243286565 ], [ -99.051491225962579, 19.222119918832046 ], [ -99.051451442900969, 19.222069562046304 ], [ -99.051424928184929, 19.222059495898044 ], [ -99.051340080958752, 19.222026780518259 ], [ -99.051228723756381, 19.221999109309859 ], [ -99.05096358319939, 19.221918594514154 ], [ -99.050846921497836, 19.221883369353986 ], [ -99.050727607145589, 19.221843108057278 ], [ -99.050555252058288, 19.22174493816663 ], [ -99.050515487070555, 19.221752504329832 ], [ -99.050335233188775, 19.221833142684886 ], [ -99.050088707102773, 19.221936464576608 ], [ -99.049879280201381, 19.221984371279156 ], [ -99.049725513098011, 19.221984413077983 ], [ -99.04961119866455, 19.221948376316931 ], [ -99.049468319976171, 19.221881228375359 ], [ -99.049423254100233, 19.221893832529197 ], [ -99.049370244527182, 19.221939177989867 ], [ -99.049301315966773, 19.221944233347703 ], [ -99.049258896715074, 19.221941726359436 ], [ -99.049216487960919, 19.221974476933784 ], [ -99.049174079189953, 19.222007227498317 ], [ -99.049097202358155, 19.222029913700151 ], [ -99.049070687043425, 19.222017328812768 ], [ -99.049033543948127, 19.221926676420917 ], [ -99.048972537518154, 19.221825956807624 ], [ -99.048847723263705, 19.221667338747839 ], [ -99.048778966833183, 19.221702606930375 ], [ -99.048635814971561, 19.221737902563941 ], [ -99.048490011894927, 19.22177319878746 ], [ -99.048368075037956, 19.221828635782202 ], [ -99.048264695451635, 19.221881549409513 ], [ -99.048198429049222, 19.221924379625332 ], [ -99.048124202544344, 19.221944546323712 ], [ -99.048005083399119, 19.221936149213626 ], [ -99.047933309061932, 19.221909338790752 ], [ -99.047920045982991, 19.221884158277351 ], [ -99.047920032113353, 19.221836308713332 ], [ -99.047914723234967, 19.22181364451702 ], [ -99.047888206585583, 19.221796022661771 ], [ -99.047798057155532, 19.22176078862644 ], [ -99.047752974453132, 19.221715469212388 ], [ -99.047681386792505, 19.221692822272146 ], [ -99.04762306144049, 19.221692837442173 ], [ -99.047559435232657, 19.2216978907664 ], [ -99.047503760307549, 19.221695386812051 ], [ -99.047466640558454, 19.221682804440945 ], [ -99.047450727139775, 19.221660142977885 ], [ -99.04741890681656, 19.221637485631014 ], [ -99.047302133483029, 19.221551897445099 ], [ -99.047233199262905, 19.221536804839193 ], [ -99.047159062361814, 19.221526743169825 ], [ -99.047116550821329, 19.221544390069756 ], [ -99.047053022823775, 19.221549436019369 ], [ -99.046302669053361, 19.22127008495918 ], [ -99.046273530417153, 19.221355717869685 ], [ -99.046066724810231, 19.221297846819134 ], [ -99.046151510165018, 19.22111398238895 ], [ -99.04621509817764, 19.220972936040351 ], [ -99.046297246167896, 19.220839440174679 ], [ -99.046435055162377, 19.22066059899629 ], [ -99.046540366429412, 19.220535495559375 ], [ -99.046666347043498, 19.220180271623569 ], [ -99.04673846342908, 19.219964277088586 ], [ -99.046778129931411, 19.219854564790928 ], [ -99.046821850698862, 19.219706027417406 ], [ -99.046960400788507, 19.219354089227441 ], [ -99.047134496981357, 19.219053681915643 ], [ -99.047248417713533, 19.218784183869037 ], [ -99.047317512104129, 19.218540283546503 ], [ -99.047371424844656, 19.218349973296696 ], [ -99.047274165429499, 19.218374375781661 ], [ -99.046474986422552, 19.218562742833829 ], [ -99.046291937863472, 19.218619829097001 ], [ -99.046152156595497, 19.218636462952954 ], [ -99.046007476938399, 19.218631491240284 ], [ -99.045846985873851, 19.218615568292076 ], [ -99.045719137733485, 19.21860288387369 ], [ -99.045673268178717, 19.218598332916045 ], [ -99.045547726712485, 19.218585877232801 ], [ -99.045506288684038, 19.218587150385339 ], [ -99.045466973794447, 19.21858807105172 ], [ -99.04541998590598, 19.218582617263252 ], [ -99.045371076959711, 19.218565322148063 ], [ -99.045326956309282, 19.218525253161793 ], [ -99.045304890251813, 19.218484267806062 ], [ -99.045282814975423, 19.218409578892256 ], [ -99.045281842350846, 19.218359479249592 ], [ -99.045285656265136, 19.218280229400698 ], [ -99.045294272927947, 19.218231038294373 ], [ -99.045326855431597, 19.21815724677197 ], [ -99.045355611289153, 19.218116248842218 ], [ -99.045380530770942, 19.218072519136857 ], [ -99.045415040016266, 19.218031519772467 ], [ -99.045453379846322, 19.217972301311253 ], [ -99.045496521176176, 19.217938587045818 ], [ -99.045544460761278, 19.217918535182687 ], [ -99.045590479266139, 19.217886641993882 ], [ -99.045644166451723, 19.21784563781328 ], [ -99.045689222995449, 19.217802813954858 ], [ -99.045720857419667, 19.217769102504878 ], [ -99.045748652951175, 19.217723550216437 ], [ -99.045767815336788, 19.217667069195695 ], [ -99.045777385177104, 19.217597837870731 ], [ -99.045773535960734, 19.217548649852183 ], [ -99.045740917744624, 19.217492181760274 ], [ -99.045708300557948, 19.217439357290182 ], [ -99.04555099893534, 19.217286364072926 ], [ -99.042296542361584, 19.219011413588795 ], [ -99.036908711536583, 19.221926747321003 ], [ -99.036339466828196, 19.22223238959447 ], [ -99.034441861902721, 19.223250930833153 ], [ -99.031743761240477, 19.224700968991083 ], [ -99.031278663852092, 19.224715444376471 ], [ -99.022775094602977, 19.224979819648208 ], [ -99.022711544732559, 19.224981793919227 ], [ -99.020179145110674, 19.225060448689998 ], [ -99.017183121768525, 19.22515345802098 ], [ -99.013597733102529, 19.225264699216339 ], [ -99.012625437676476, 19.225273054566184 ], [ -99.011145239755194, 19.225285764628445 ], [ -99.010342218987333, 19.225292654946848 ], [ -99.009030791395745, 19.225303900078945 ], [ -99.008952915135751, 19.225304567551163 ], [ -99.008747367104107, 19.225991982777902 ], [ -99.008617852663193, 19.226074008863588 ], [ -99.008550019694908, 19.226271250482494 ], [ -99.008457513064045, 19.226406001827907 ], [ -99.008452877644913, 19.226494077519458 ], [ -99.008323082614226, 19.226573540762622 ], [ -99.008233668463163, 19.226633822754607 ], [ -99.008161559046528, 19.226658485143425 ], [ -99.008060605212364, 19.226680408868472 ], [ -99.007953479583605, 19.226739774129651 ], [ -99.007839135302333, 19.22660309830918 ], [ -99.007699432309991, 19.226605415765189 ], [ -99.007574001699098, 19.226570670468003 ], [ -99.007500747253843, 19.226572547522974 ], [ -99.007430283210809, 19.226620319963583 ], [ -99.007297016620058, 19.226660040208365 ], [ -99.007035705233065, 19.226640192988118 ], [ -99.006854825759035, 19.226641185883175 ], [ -99.006493036217421, 19.22664317007996 ], [ -99.00567035634927, 19.226647683332605 ], [ -99.005214371285504, 19.226650182613046 ], [ -99.00494079058025, 19.22665317356801 ], [ -99.004871889750788, 19.226653926770517 ], [ -99.004793662056741, 19.226675015910782 ], [ -99.004739742649932, 19.226707266153504 ], [ -99.004723109409653, 19.226717214811316 ], [ -99.004613359290119, 19.226729628510505 ], [ -99.004498382805508, 19.226737077911601 ], [ -99.004451346217337, 19.226712257256256 ], [ -99.004375565150255, 19.226675026375371 ], [ -99.003903976706425, 19.226661332617848 ], [ -99.003658919919445, 19.226596612551781 ], [ -99.003332509225913, 19.226569260892727 ], [ -99.003314702456308, 19.226599031914844 ], [ -99.003243095006781, 19.226718751816367 ], [ -99.003145017236989, 19.226694694874698 ], [ -99.003102361803556, 19.226684232146074 ], [ -99.002592135043784, 19.226559080412667 ], [ -99.002506295407002, 19.226613441359959 ], [ -99.002481260076777, 19.226711968751584 ], [ -99.002356075955205, 19.226711970404608 ], [ -99.002220160396917, 19.226610047567078 ], [ -99.002069938862832, 19.226555689573555 ], [ -99.001919718295738, 19.226576076116849 ], [ -98.999734363324819, 19.226372236908958 ], [ -98.999702172820932, 19.226576085934497 ], [ -98.999554385352056, 19.226613023582971 ], [ -98.99936624180458, 19.226615505209121 ], [ -98.999239305679879, 19.226552241556266 ], [ -98.998993989377695, 19.226504736238425 ], [ -98.998890948256999, 19.226483457674156 ], [ -98.998746781986171, 19.226453686431093 ], [ -98.998689303193487, 19.226441816663733 ], [ -98.998582671364943, 19.226419796402926 ], [ -98.998559808137074, 19.226431648229795 ], [ -98.997429966373403, 19.227017329258896 ], [ -98.997409509853028, 19.227027933292177 ], [ -98.996728784429493, 19.226965873140678 ], [ -98.996701325328715, 19.226963369704329 ], [ -98.996553777157388, 19.226934972776192 ], [ -98.996373271895649, 19.226870670883883 ], [ -98.996027305286717, 19.226688484884285 ], [ -98.995923232332018, 19.226706456802425 ], [ -98.995903206603145, 19.226709914953588 ], [ -98.995801663480762, 19.227034976825259 ] ] ] ] } },
{ "type": "Feature", "properties": { "ID": 7.0, "ENTIDAD": 9, "MUNICIPIO": 11, "NOMBRE": "TLAHUAC", "CONTROL": 7.0, "GEOMETRY1_": null, "ClaveEnt": "09" }, "geometry": { "type": "MultiPolygon", "coordinates": [ [ [ [ -98.97959961893379, 19.325792647519972 ], [ -98.98064196621641, 19.324669215754259 ], [ -98.980332901982536, 19.324124179284478 ], [ -98.979935459348113, 19.324057058651775 ], [ -98.979761179455224, 19.323974310384401 ], [ -98.979705834646822, 19.323948032561585 ], [ -98.979440866668185, 19.323956387555626 ], [ -98.979377194299985, 19.323954906074395 ], [ -98.978974588218449, 19.323931852680428 ], [ -98.978698967921389, 19.323889225076531 ], [ -98.978601794860381, 19.324031753060005 ], [ -98.978539906816366, 19.324509671854234 ], [ -98.978425073114821, 19.324618658984761 ], [ -98.978301415843035, 19.324660567652735 ], [ -98.978336716188281, 19.324878573199943 ], [ -98.978389674597878, 19.325146888830353 ], [ -98.978389647038099, 19.325356505499705 ], [ -98.977841759345154, 19.325340436015537 ], [ -98.977398570528152, 19.325198481938127 ], [ -98.977193533638754, 19.325129057845306 ], [ -98.977035614958268, 19.325075587459398 ], [ -98.976923410175417, 19.325037595440321 ], [ -98.976875251079306, 19.325021288967111 ], [ -98.976799882746974, 19.3249957695256 ], [ -98.976704251848091, 19.324962918853398 ], [ -98.976475623564681, 19.324884381294432 ], [ -98.976384785731327, 19.324853176910707 ], [ -98.976234092823688, 19.324866162258548 ], [ -98.975917257697503, 19.324893463822733 ], [ -98.973285891075861, 19.32485764748802 ], [ -98.969271893593017, 19.324800141040633 ], [ -98.968988422684035, 19.324796431702651 ], [ -98.966754836598554, 19.324830134905437 ], [ -98.966153100145561, 19.324839209994764 ], [ -98.960185404596132, 19.324915656180398 ], [ -98.960075357722999, 19.324924078372792 ], [ -98.959994510798467, 19.324930265769272 ], [ -98.957901396685784, 19.323154874056559 ], [ -98.957960403217697, 19.32308378937228 ], [ -98.958565723561733, 19.322378465362426 ], [ -98.958818215334986, 19.322038264302805 ], [ -98.95916229997755, 19.321635856535412 ], [ -98.959222141195156, 19.321557632473425 ], [ -98.959847779956704, 19.320739795052805 ], [ -98.960855032437095, 19.319423089002747 ], [ -98.961391400903977, 19.318721923537748 ], [ -98.961817499684983, 19.318164902231576 ], [ -98.962468510547382, 19.317310021392032 ], [ -98.962607645967665, 19.317115617841836 ], [ -98.962964332831561, 19.316617244500062 ], [ -98.963110682105352, 19.316249700301992 ], [ -98.96340087210109, 19.314404605702585 ], [ -98.963435582509135, 19.314183906116693 ], [ -98.963530640892188, 19.313513724867192 ], [ -98.963628705955188, 19.312822338901213 ], [ -98.963726770188373, 19.312130953631016 ], [ -98.963866775377909, 19.311242677958425 ], [ -98.963879241904209, 19.311155695163226 ], [ -98.963897540560879, 19.31102801962675 ], [ -98.964039694402885, 19.310036160227888 ], [ -98.964129586549987, 19.309408943482428 ], [ -98.964190379403661, 19.308987363913236 ], [ -98.964202125124103, 19.308905910732765 ], [ -98.964347847748115, 19.307895359530431 ], [ -98.964502133936591, 19.307352643019257 ], [ -98.96462048050013, 19.30712395314794 ], [ -98.964835633999925, 19.306807472467757 ], [ -98.964960235946364, 19.306687468012452 ], [ -98.965126058639655, 19.306527763343556 ], [ -98.965366007037389, 19.306355745390114 ], [ -98.965425071949042, 19.306313401910021 ], [ -98.965491230059158, 19.306278162329715 ], [ -98.965758490352755, 19.30613580386472 ], [ -98.966051026004095, 19.306035796135198 ], [ -98.966191053793011, 19.306001672366634 ], [ -98.966285479751946, 19.305978661368435 ], [ -98.966822964130614, 19.30592486990901 ], [ -98.967036668281111, 19.305944168072632 ], [ -98.967225978420927, 19.305961262681027 ], [ -98.967214185225259, 19.305914089464871 ], [ -98.967199401057314, 19.305854952209945 ], [ -98.967172823728049, 19.305748641248048 ], [ -98.968121231640936, 19.299450856041599 ], [ -98.968837648827545, 19.294693249085903 ], [ -98.968934419123116, 19.294050592107947 ], [ -98.969018544445746, 19.293491906930459 ], [ -98.969105891182807, 19.292911823888605 ], [ -98.969176804865526, 19.292440872194916 ], [ -98.969397808057977, 19.290973128887646 ], [ -98.969507379752358, 19.29021422866802 ], [ -98.970219666470356, 19.285794878377438 ], [ -98.970810639596934, 19.282225538447456 ], [ -98.970965676010252, 19.281289125740837 ], [ -98.971502918717093, 19.277819071078909 ], [ -98.971654102527708, 19.276842544017089 ], [ -98.972275828341523, 19.273309857863975 ], [ -98.97243837726289, 19.272386216171039 ], [ -98.973139062029674, 19.268848699376438 ], [ -98.973262799427474, 19.267900814889899 ], [ -98.974503630563191, 19.26110852613315 ], [ -98.976361111111103, 19.253083333361825 ], [ -98.966027777777782, 19.250000000028511 ], [ -98.968583333333328, 19.232333333361598 ], [ -98.968605554339547, 19.232172105490932 ], [ -98.9685, 19.23213888891717 ], [ -98.968447179088074, 19.232111490593777 ], [ -98.967826732711288, 19.231788961570562 ], [ -98.966380904166783, 19.231333692538307 ], [ -98.966084762428878, 19.231240440440789 ], [ -98.966059015320056, 19.231232458256596 ], [ -98.966025595307471, 19.231222102725983 ], [ -98.96595793542096, 19.231201136997758 ], [ -98.965902275405355, 19.231183891411742 ], [ -98.965544957555849, 19.231072992964656 ], [ -98.965226599794519, 19.230974148604954 ], [ -98.964745461766768, 19.230823659879917 ], [ -98.963995365204681, 19.230589442554898 ], [ -98.96360630969339, 19.230467353608407 ], [ -98.963036735503195, 19.230289198076196 ], [ -98.962467162544087, 19.230111040771053 ], [ -98.962306219807871, 19.230060515620039 ], [ -98.962156978085304, 19.230013663642911 ], [ -98.961555688689302, 19.229825029929639 ], [ -98.96136583499657, 19.229765469411912 ], [ -98.960525176815565, 19.229501736938115 ], [ -98.960336542555623, 19.229442557684866 ], [ -98.960256734958179, 19.229417363962185 ], [ -98.960100860893604, 19.229368014970699 ], [ -98.959798162668832, 19.229272181680983 ], [ -98.959259649238078, 19.229102163507243 ], [ -98.95875623683861, 19.228944921438266 ], [ -98.957883888862341, 19.228672437468926 ], [ -98.956700742731726, 19.228295023317209 ], [ -98.956122930008377, 19.228113206720355 ], [ -98.954468106978979, 19.227592481936661 ], [ -98.953042865023633, 19.227229635510803 ], [ -98.95225, 19.22702777780604 ], [ -98.951087346043835, 19.22667311884922 ], [ -98.95093846793462, 19.226627704043928 ], [ -98.949924697093863, 19.226318452509847 ], [ -98.949593940090693, 19.226217553379215 ], [ -98.949152070115645, 19.226082757538226 ], [ -98.946103990903026, 19.225250732630055 ], [ -98.945648116824728, 19.225125992176309 ], [ -98.94565669217836, 19.224759786211376 ], [ -98.947147223445981, 19.219778088924802 ], [ -98.948636807674163, 19.214921960089743 ], [ -98.950183382600699, 19.215557045971064 ], [ -98.950830859791239, 19.215753639747582 ], [ -98.951560644519972, 19.215854713697954 ], [ -98.952281582123518, 19.215650694798967 ], [ -98.952688267962003, 19.215314933718382 ], [ -98.953656969327625, 19.215297686457468 ], [ -98.955159873051699, 19.215306453619363 ], [ -98.955634807512354, 19.215560597807468 ], [ -98.955955196334997, 19.215767113616465 ], [ -98.956139329975343, 19.215879124435894 ], [ -98.956385869694785, 19.216027518797791 ], [ -98.956749964207219, 19.216063634653263 ], [ -98.956921835593107, 19.216067861591277 ], [ -98.957045796848718, 19.216070910146058 ], [ -98.957212703965084, 19.215970066408314 ], [ -98.957576853989792, 19.215790003237263 ], [ -98.957842390150645, 19.215617122592722 ], [ -98.957974191279945, 19.215505882526298 ], [ -98.95814407824507, 19.215355357609152 ], [ -98.958374788244456, 19.215102943832449 ], [ -98.9584715464851, 19.215051907611755 ], [ -98.95869617482532, 19.214933424550953 ], [ -98.959022342282211, 19.214845636878685 ], [ -98.959174652001749, 19.214804642376947 ], [ -98.959414706455064, 19.21471454722511 ], [ -98.959436236210294, 19.214706466844202 ], [ -98.959481741964609, 19.214689387966111 ], [ -98.959810241193097, 19.214628407176708 ], [ -98.960060199451519, 19.214526706616397 ], [ -98.960424415908761, 19.2144114630613 ], [ -98.960710076595277, 19.214316552997634 ], [ -98.961059976710771, 19.214343762397462 ], [ -98.961281330288102, 19.2144116461001 ], [ -98.961321345988765, 19.214415587087061 ], [ -98.961488413192455, 19.214432040773886 ], [ -98.961513961672907, 19.214427551834259 ], [ -98.961539510151994, 19.214423062891164 ], [ -98.961582344458222, 19.214272240819085 ], [ -98.961635462446367, 19.214185780968091 ], [ -98.961508953115029, 19.213669122306658 ], [ -98.963315734282801, 19.212911850021086 ], [ -98.963751102464059, 19.212729370706271 ], [ -98.964587449881677, 19.213065496604425 ], [ -98.964659778775214, 19.212780600985806 ], [ -98.964789923097157, 19.21248885115374 ], [ -98.964829675478796, 19.212464830265997 ], [ -98.96489834150384, 19.212409921097731 ], [ -98.964959781439447, 19.212351577876273 ], [ -98.965042921948822, 19.212197124691411 ], [ -98.965104413893229, 19.211891630925958 ], [ -98.965147825747849, 19.21164792132112 ], [ -98.965155074903521, 19.211541510671932 ], [ -98.965209320180435, 19.21132869691753 ], [ -98.965234645464534, 19.211177664755333 ], [ -98.965158811902839, 19.210954528886266 ], [ -98.965158827808338, 19.210879010670695 ], [ -98.965198597080814, 19.21077260618917 ], [ -98.965520321967375, 19.21011703151051 ], [ -98.965677557660698, 19.20984931457917 ], [ -98.965749831383221, 19.209815001630162 ], [ -98.965885348956334, 19.20972921073205 ], [ -98.965993766441699, 19.209643414707376 ], [ -98.966078698261555, 19.209552465302899 ], [ -98.96617086084423, 19.209440921311277 ], [ -98.966230495369686, 19.209368846722054 ], [ -98.966302772263717, 19.209317370318697 ], [ -98.966574420537327, 19.208864907905863 ], [ -98.966597982569766, 19.208885382803395 ], [ -98.966621544608088, 19.208905857697957 ], [ -98.966645106652237, 19.208926332589364 ], [ -98.966668668702198, 19.208946807477698 ], [ -98.966910045272911, 19.207859181963563 ], [ -98.966914932960762, 19.207834615078095 ], [ -98.966930615465415, 19.207755790374101 ], [ -98.966936819930083, 19.207727732329026 ], [ -98.966992096781908, 19.207477756999452 ], [ -98.967060201345504, 19.207025468940298 ], [ -98.96706807607481, 19.206973171983933 ], [ -98.967097038874996, 19.206688267409756 ], [ -98.967207669346493, 19.20621982829358 ], [ -98.967224513274601, 19.206148506338533 ], [ -98.967237176641348, 19.206062692397939 ], [ -98.967262475490656, 19.206031803083434 ], [ -98.967266103337977, 19.205958001794809 ], [ -98.96730587142423, 19.205844731498924 ], [ -98.96732394984258, 19.205782947052942 ], [ -98.967342034344711, 19.20569026877109 ], [ -98.967336634812227, 19.205587288359034 ], [ -98.96737097749282, 19.205501478264743 ], [ -98.967392682950191, 19.205369325162316 ], [ -98.967430633044685, 19.205312693208292 ], [ -98.967470390403236, 19.205252628918164 ], [ -98.967493886178758, 19.205202859682093 ], [ -98.967519203040524, 19.205079288821814 ], [ -98.967587902084304, 19.204835582928716 ], [ -98.967533712182075, 19.204792665232958 ], [ -98.967663874645353, 19.204349876546726 ], [ -98.967783095564556, 19.204427132132299 ], [ -98.967794013029149, 19.204027230455786 ], [ -98.967765145511365, 19.203831564390487 ], [ -98.96777600014876, 19.203754331695023 ], [ -98.967851882636523, 19.203726883822771 ], [ -98.967936804076146, 19.2036685436581 ], [ -98.968009079606517, 19.203608484923031 ], [ -98.968048834025339, 19.203560434767009 ], [ -98.968121110459677, 19.203495227013448 ], [ -98.968242170840114, 19.203399133428228 ], [ -98.968337929241713, 19.203352809639831 ], [ -98.968437298159188, 19.203320216603974 ], [ -98.968487885083263, 19.203308211032425 ], [ -98.968529440009647, 19.203291054923088 ], [ -98.968556542830413, 19.203270463677271 ], [ -98.968583649554205, 19.20322927653238 ], [ -98.968599929082657, 19.203122867192814 ], [ -98.968618028199131, 19.202947804634736 ], [ -98.968618052933394, 19.202817363961511 ], [ -98.968646970707837, 19.202752148568905 ], [ -98.968712027991614, 19.20264574808748 ], [ -98.96691453201565, 19.196777987910458 ], [ -98.972452566219673, 19.201939420520521 ], [ -98.972461742250232, 19.202233874925916 ], [ -98.972545040711111, 19.202418607970099 ], [ -98.97257270946092, 19.202613756027212 ], [ -98.972760562819758, 19.202806012405425 ], [ -98.972843643928996, 19.202939898059469 ], [ -98.972896346213076, 19.203052221075922 ], [ -98.972962837375562, 19.203193931732027 ], [ -98.973035080954901, 19.203317517747671 ], [ -98.973107324642044, 19.2034411037334 ], [ -98.973198565961866, 19.203573055720035 ], [ -98.973273492627555, 19.203681413477725 ], [ -98.973363797397894, 19.203837612156569 ], [ -98.973394501593916, 19.203887390027155 ], [ -98.973450496294561, 19.203949185827991 ], [ -98.973495652800764, 19.204002398422222 ], [ -98.973551651418319, 19.204040165648429 ], [ -98.973607654441039, 19.204050471665425 ], [ -98.973670885245383, 19.20405219708061 ], [ -98.973741345728129, 19.204033327614923 ], [ -98.973806388562664, 19.20400072675189 ], [ -98.973963582080358, 19.203878890096409 ], [ -98.974082827917215, 19.203813686656119 ], [ -98.974155093510817, 19.203803398908981 ], [ -98.97423832065742, 19.203833175788645 ], [ -98.974301416078575, 19.203880654081928 ], [ -98.974433278814018, 19.204004247885237 ], [ -98.974534428701915, 19.204132986302689 ], [ -98.974574166587075, 19.204181048904445 ], [ -98.974639196953746, 19.204229114997414 ], [ -98.974716874115586, 19.204273750162514 ], [ -98.97478009978596, 19.204309801684673 ], [ -98.974830678462595, 19.204351000422811 ], [ -98.974863184587136, 19.204435104782288 ], [ -98.975343722713944, 19.204195506809594 ], [ -98.975503958292805, 19.204195528287798 ], [ -98.975586133839784, 19.20417211950852 ], [ -98.975758684916045, 19.204242401623006 ], [ -98.975861407461906, 19.204191672406179 ], [ -98.97600931722414, 19.204191691819553 ], [ -98.976116143758233, 19.20417218931652 ], [ -98.976206539781614, 19.204125361589686 ], [ -98.976329801217673, 19.204101957804067 ], [ -98.976547552160582, 19.204137115396513 ], [ -98.976904992465577, 19.204195710119251 ], [ -98.977151501198747, 19.204250387064327 ], [ -98.977204906086882, 19.204301136481419 ], [ -98.97717611514922, 19.204523620424563 ], [ -98.977081573806913, 19.204835871814716 ], [ -98.97699525370497, 19.205116897860147 ], [ -98.976929471583844, 19.205433056046921 ], [ -98.976892451893505, 19.205733604669057 ], [ -98.976875991684267, 19.205917057190952 ], [ -98.976892414281451, 19.206002931625029 ], [ -98.977023884561689, 19.206049787619278 ], [ -98.977212881955325, 19.206053714497138 ], [ -98.977294553483816, 19.206098205330299 ], [ -98.977410883598097, 19.206188585098609 ], [ -98.977463652534937, 19.206248965595769 ], [ -98.977505353987738, 19.206399374326729 ], [ -98.977542301988905, 19.206619914686538 ], [ -98.977509410916653, 19.206779945501228 ], [ -98.977458038198151, 19.206885327991511 ], [ -98.977455975618909, 19.206945828715124 ], [ -98.977527869443179, 19.207004386874459 ], [ -98.977907911140917, 19.207084450486921 ], [ -98.978267410840772, 19.20715670429955 ], [ -98.978542682156018, 19.207234802500736 ], [ -98.978813844799532, 19.207314851457721 ], [ -98.979059615508106, 19.207304247044885 ], [ -98.979450110901354, 19.207377155064151 ], [ -98.979578089272437, 19.207415136878048 ], [ -98.979742216464317, 19.207463846893567 ], [ -98.979822516376316, 19.207533213639877 ], [ -98.979848060180331, 19.207606042234151 ], [ -98.979837093815476, 19.207730885229211 ], [ -98.979792062601689, 19.207876274880608 ], [ -98.979764057246285, 19.207966694001009 ], [ -98.979800550577238, 19.208053395384127 ], [ -98.979862600090854, 19.208112356413977 ], [ -98.979994012625568, 19.208126242379343 ], [ -98.980227633766958, 19.208160946668642 ], [ -98.98042475021974, 19.208202582554321 ], [ -98.980607266806999, 19.20823034510698 ], [ -98.980731382337979, 19.208213018723203 ], [ -98.98074962786707, 19.208268506948386 ], [ -98.980848188619674, 19.208268517271666 ], [ -98.98099419937067, 19.208313615092823 ], [ -98.981070844264664, 19.208431531426541 ], [ -98.981545382579696, 19.208556424002733 ], [ -98.981443805660533, 19.208999482008242 ], [ -98.981428512407888, 19.209066192627404 ], [ -98.981472302251731, 19.209201444922268 ], [ -98.981505148655316, 19.209267338223228 ], [ -98.981407893639698, 19.209599812227331 ], [ -98.981322557167232, 19.209891540588817 ], [ -98.98123125264334, 19.210276467450065 ], [ -98.981156363899913, 19.21047770363149 ], [ -98.981138798622808, 19.210524669045896 ], [ -98.981160891192886, 19.210601156823515 ], [ -98.981154558599314, 19.2107586263295 ], [ -98.981108761897048, 19.210893596033312 ], [ -98.98106296511996, 19.21102856572363 ], [ -98.980582891001319, 19.212384258406619 ], [ -98.980522948121148, 19.212526853531795 ], [ -98.979391652401759, 19.215329424700705 ], [ -98.979296009181482, 19.215312894012641 ], [ -98.977878789605512, 19.215102071829289 ], [ -98.97760156051406, 19.215915534710003 ], [ -98.977622529017481, 19.215928780722003 ], [ -98.978316766191426, 19.216367334681518 ], [ -98.979044581899686, 19.216977537345656 ], [ -98.979929367761159, 19.217858917865026 ], [ -98.98057511821888, 19.218557233491211 ], [ -98.981220874130415, 19.219255546793232 ], [ -98.981684672558032, 19.219825037028361 ], [ -98.982077109644578, 19.220401298176 ], [ -98.982326856869335, 19.22064536953409 ], [ -98.98277193485346, 19.221234853655407 ], [ -98.98441269282597, 19.223536262282938 ], [ -98.985262392675153, 19.221799423083841 ], [ -98.988265957477694, 19.225848030748594 ], [ -98.988398553253546, 19.226026755383153 ], [ -98.991513904442144, 19.226546048800149 ], [ -98.991537558103531, 19.226549991379805 ], [ -98.992480706678734, 19.22670719223553 ], [ -98.992598295010822, 19.226739465370468 ], [ -98.9927771407406, 19.226760708232927 ], [ -98.992807342464346, 19.226764295502782 ], [ -98.993130292056392, 19.226765142010269 ], [ -98.993499386303768, 19.226803945528104 ], [ -98.993596858011699, 19.226793746925583 ], [ -98.993632546447046, 19.226797789406302 ], [ -98.994308262649312, 19.226874327408453 ], [ -98.99528054820648, 19.226960925681766 ], [ -98.99532429789916, 19.226963339317109 ], [ -98.995801663480776, 19.227034976412611 ], [ -98.99590320660316, 19.226709914540937 ], [ -98.995923232332032, 19.226706456389781 ], [ -98.996027305286731, 19.226688484471541 ], [ -98.996373271895663, 19.226870670471236 ], [ -98.996553777157402, 19.226934972363537 ], [ -98.996701325328729, 19.226963369291681 ], [ -98.996728784429521, 19.22696587272803 ], [ -98.997409509853043, 19.22702793287953 ], [ -98.997429966373417, 19.227017328846241 ], [ -98.998559808137074, 19.226431647817062 ], [ -98.998582671364943, 19.226419795990186 ], [ -98.998689303193487, 19.226441816250997 ], [ -98.998746781986171, 19.226453686018438 ], [ -98.998890948256999, 19.226483457261413 ], [ -98.998993989377695, 19.226504735825685 ], [ -98.999239305679879, 19.226552241143612 ], [ -98.99936624180458, 19.22661550479647 ], [ -98.999554385352056, 19.226613023170231 ], [ -98.999702172820946, 19.226576085521852 ], [ -98.999734363324819, 19.22637223649631 ], [ -99.001919718295738, 19.226576075704102 ], [ -99.002069938862832, 19.226555689160822 ], [ -99.002220160396931, 19.226610047154342 ], [ -99.002356075955191, 19.226711969991964 ], [ -99.002481260076777, 19.226711968338932 ], [ -99.002506295407002, 19.226613440947215 ], [ -99.00259213504377, 19.226559080000015 ], [ -99.003102361803542, 19.226684231733334 ], [ -99.003145017236974, 19.226694694462051 ], [ -99.003243095006766, 19.22671875140372 ], [ -99.003314702456308, 19.226599031502197 ], [ -99.003332509225913, 19.226569260480076 ], [ -99.003658919919431, 19.226596612139129 ], [ -99.003903976706411, 19.2266613322052 ], [ -99.004375565150241, 19.226675025962724 ], [ -99.004451346217323, 19.226712256843513 ], [ -99.004498382805494, 19.226737077498864 ], [ -99.004613359290104, 19.226729628097853 ], [ -99.004723109409639, 19.226717214398583 ], [ -99.004739742649917, 19.226707265740853 ], [ -99.004793662056727, 19.226675015498131 ], [ -99.004871889750788, 19.226653926357777 ], [ -99.004940790580235, 19.226653173155356 ], [ -99.00521437128549, 19.226650182200309 ], [ -99.005670356349242, 19.226647682919957 ], [ -99.006493036217421, 19.22664317007996 ], [ -99.006854825759021, 19.226641185470431 ], [ -99.007035705233065, 19.22664019257547 ], [ -99.007297016620043, 19.226660039795622 ], [ -99.007430283210809, 19.226620319550936 ], [ -99.007500747253829, 19.226572547110329 ], [ -99.007574001699084, 19.226570670055352 ], [ -99.007699432309991, 19.226605415352541 ], [ -99.007839135302333, 19.226603097896444 ], [ -99.007953479583591, 19.226739773717 ], [ -99.00806060521235, 19.226680408455817 ], [ -99.008161559046499, 19.226658484730688 ], [ -99.008233668463134, 19.226633822341867 ], [ -99.008323082614211, 19.226573540349971 ], [ -99.008452877644885, 19.226494077106715 ], [ -99.008457513064016, 19.226406001415164 ], [ -99.008550019694894, 19.226271250069765 ], [ -99.008617852663164, 19.226074008450851 ], [ -99.008747367104078, 19.225991982365159 ], [ -99.008952915135723, 19.225304567138341 ], [ -99.009030791395716, 19.225303899666109 ], [ -99.010342218987319, 19.225292654534016 ], [ -99.011145239755152, 19.225285764215609 ], [ -99.012625437676434, 19.225273054153259 ], [ -99.0135977331025, 19.22526469880351 ], [ -99.017183121768483, 19.225153457608055 ], [ -99.020179145110632, 19.225060448277077 ], [ -99.022711544732502, 19.224981793506391 ], [ -99.022775094602935, 19.224979819235287 ], [ -99.031278663852021, 19.22471544396355 ], [ -99.031743663068795, 19.224700975768659 ], [ -99.020422415041736, 19.239335096650425 ], [ -99.020127780392841, 19.239358594791092 ], [ -99.019821497153046, 19.239341909082913 ], [ -99.019653660287247, 19.239298909875242 ], [ -99.019502583909755, 19.239357561408042 ], [ -99.019353119501702, 19.239309743146862 ], [ -99.01925564765682, 19.239320554678518 ], [ -99.019316298827988, 19.239253351713788 ], [ -99.019509891592847, 19.238972449852415 ], [ -99.019611602495431, 19.238683824841857 ], [ -99.019591225079708, 19.238432118520862 ], [ -99.019457915274756, 19.238229047414315 ], [ -99.019202082454782, 19.238152455866974 ], [ -99.019149681354122, 19.238136767991605 ], [ -99.018738708016386, 19.238055049303153 ], [ -99.018436015724788, 19.237849356818703 ], [ -99.018287020037931, 19.237852512344499 ], [ -99.017950124335442, 19.238263488182184 ], [ -99.017797332178944, 19.238535169040023 ], [ -99.017436442918466, 19.239421394629737 ], [ -99.017253339066684, 19.23960465900463 ], [ -99.017342195617076, 19.240049115003814 ], [ -99.017139416938704, 19.240310250105804 ], [ -99.017099450348113, 19.240407336949488 ], [ -99.017023000625613, 19.240593048273986 ], [ -99.016918693789364, 19.240601177696185 ], [ -99.016847486037449, 19.24067753969528 ], [ -99.016252143784726, 19.241315970873941 ], [ -99.016238062749778, 19.241331070964488 ], [ -99.016212957336137, 19.241357993267069 ], [ -99.014677075634211, 19.24300500396734 ], [ -99.014396961433206, 19.243305380920528 ], [ -99.014153272921305, 19.243566695997458 ], [ -99.014098343925227, 19.243625597977513 ], [ -99.013822675522334, 19.243921204434592 ], [ -99.013781422139829, 19.243965441390856 ], [ -99.01355201296704, 19.244211441547563 ], [ -99.013506696812854, 19.244260034866894 ], [ -99.013003577161939, 19.24479953633811 ], [ -99.012957739588686, 19.244848688293597 ], [ -99.012717173887964, 19.245106647931955 ], [ -99.012640263869443, 19.245189118638361 ], [ -99.012107234250891, 19.245760683774826 ], [ -99.012066685569195, 19.245804163707316 ], [ -99.011692052162132, 19.246205877722566 ], [ -99.011631774218671, 19.246270512638741 ], [ -99.011138027157287, 19.24679994574916 ], [ -99.01110610195596, 19.246834178211753 ], [ -99.010886181527255, 19.247069991935152 ], [ -99.010843626477794, 19.247115622260434 ], [ -99.010307178294241, 19.247690834284928 ], [ -99.01026851327633, 19.247732293026957 ], [ -99.009929820785771, 19.248095456349652 ], [ -99.009735458924226, 19.248303860016815 ], [ -99.009653617477738, 19.2483916139341 ], [ -99.009599644633781, 19.248449485866082 ], [ -99.009159611960342, 19.248921305111139 ], [ -99.009125620275881, 19.248957752090341 ], [ -99.00898530158878, 19.249108206069028 ], [ -99.008963761355375, 19.249131302130557 ], [ -99.008939436021961, 19.249157384446114 ], [ -99.008415002595044, 19.249719694100293 ], [ -99.008373864813038, 19.24976380275492 ], [ -99.008358572597089, 19.249780199329866 ], [ -99.007516021335576, 19.250683590138458 ], [ -99.007477194350727, 19.250725220436205 ], [ -99.007436234144777, 19.25080539127422 ], [ -99.007381533742176, 19.250912455470168 ], [ -99.007043445900223, 19.251574185755839 ], [ -99.009721751595691, 19.25441318235557 ], [ -99.010701300110753, 19.2553037610578 ], [ -99.010761150985459, 19.255335531095433 ], [ -99.011216106257336, 19.255577029380788 ], [ -99.011250168934041, 19.255595110376344 ], [ -99.011271644230831, 19.255606509790614 ], [ -99.01129650356404, 19.255619705497811 ], [ -99.01148132293298, 19.255757601670847 ], [ -99.011530644627982, 19.255794401168238 ], [ -99.011628040089747, 19.255923394748972 ], [ -99.011705243731555, 19.256025645473439 ], [ -99.011739770259439, 19.256071373348377 ], [ -99.011848421490896, 19.2562152737924 ], [ -99.011834314145659, 19.256278162720637 ], [ -99.011794087266949, 19.2564574892642 ], [ -99.01173975288367, 19.256699704713625 ], [ -99.011982257181486, 19.256866457872171 ], [ -99.012200977494032, 19.257175266476956 ], [ -99.012308703793849, 19.257327363431802 ], [ -99.012532065777378, 19.257560673532339 ], [ -99.012994085532313, 19.258043267786562 ], [ -99.013580701767111, 19.258399143286368 ], [ -99.013816521308598, 19.258542204158061 ], [ -99.013905931932484, 19.258583283292101 ], [ -99.014524724699427, 19.258867581870977 ], [ -99.015415686373643, 19.259192941516577 ], [ -99.015453951899886, 19.259213703522946 ], [ -99.016055364375731, 19.259540014542281 ], [ -99.016239070267829, 19.259667484188807 ], [ -99.01661181599205, 19.259926123411965 ], [ -99.016649362572423, 19.259952175986545 ], [ -99.017540331981238, 19.260255829735591 ], [ -99.018796840920899, 19.260754701431981 ], [ -99.01973351318847, 19.261101730759929 ], [ -99.020281764652083, 19.260928106788562 ], [ -99.020321765662374, 19.260935225092535 ], [ -99.021012810867404, 19.261058197253838 ], [ -99.022314999509462, 19.261361779986586 ], [ -99.025833224695035, 19.262229136743869 ], [ -99.026130173444784, 19.262012139597079 ], [ -99.026278761494211, 19.261968322701112 ], [ -99.026741368575671, 19.261831904304199 ], [ -99.0267926416591, 19.261816784277023 ], [ -99.026938897771018, 19.261852897424028 ], [ -99.029514939508914, 19.262488944595844 ], [ -99.029602676387256, 19.262510606869938 ], [ -99.030242444791909, 19.263117976015668 ], [ -99.030535459429544, 19.264422584455414 ], [ -99.030539674558113, 19.264441351595117 ], [ -99.032550494049218, 19.266697335345608 ], [ -99.032642188971664, 19.266778704827939 ], [ -99.033601575900022, 19.267630050971945 ], [ -99.034424203271954, 19.268519412643364 ], [ -99.03586393697843, 19.270601901665 ], [ -99.037160961380408, 19.271654717827285 ], [ -99.037272074195101, 19.271668868646543 ], [ -99.037302820615395, 19.271679100101078 ], [ -99.037421448612918, 19.271718536796559 ], [ -99.037692128215284, 19.271808604653852 ], [ -99.038394612893214, 19.272002337376357 ], [ -99.040291424934168, 19.273108326392897 ], [ -99.040419485607202, 19.2732424535393 ], [ -99.040896338385224, 19.273481311809658 ], [ -99.041103866646949, 19.273619613030153 ], [ -99.041558644479167, 19.273845897452873 ], [ -99.041788218930918, 19.273870999252939 ], [ -99.044353398441373, 19.274604057157301 ], [ -99.045386544909206, 19.274914037878538 ], [ -99.04610181505339, 19.275173784926903 ], [ -99.047199372132752, 19.275571270416744 ], [ -99.047258614410993, 19.275592725045474 ], [ -99.047938554772728, 19.275793781033869 ], [ -99.048229969857715, 19.275919475026676 ], [ -99.048865819123392, 19.276305002803927 ], [ -99.049148416139204, 19.276464236518802 ], [ -99.050661088930056, 19.277402187064482 ], [ -99.051929767963045, 19.278141175744086 ], [ -99.05249109920598, 19.278449075676821 ], [ -99.053225881995459, 19.278754975346772 ], [ -99.053762970283245, 19.278978569618008 ], [ -99.054434592424812, 19.279237141419998 ], [ -99.054716858484525, 19.279314072188306 ], [ -99.055233218874235, 19.279338357729078 ], [ -99.056744093353672, 19.279409408985646 ], [ -99.057440881499289, 19.279483625455839 ], [ -99.057654286719412, 19.279545586714502 ], [ -99.058021930358862, 19.279645077136632 ], [ -99.058518018325898, 19.279796863207597 ], [ -99.058924950308793, 19.279926970375801 ], [ -99.059409618390788, 19.280100464020141 ], [ -99.059747400832165, 19.280221909288564 ], [ -99.062787105825635, 19.281313282653045 ], [ -99.064555280955943, 19.281948096902457 ], [ -99.065938598673938, 19.282813684844957 ], [ -99.068490345289561, 19.284414671789552 ], [ -99.06890192828844, 19.284688016503988 ], [ -99.069094011018038, 19.284839888513023 ], [ -99.068973355961916, 19.284969875460583 ], [ -99.068741364880211, 19.285219998474968 ], [ -99.068610605191068, 19.285360977598653 ], [ -99.068522998498224, 19.28545543094484 ], [ -99.068487014978672, 19.285494226610876 ], [ -99.06843614525549, 19.285549071808177 ], [ -99.068254420259763, 19.285744998215399 ], [ -99.068071086473935, 19.285942658477936 ], [ -99.068031036047827, 19.285985838525576 ], [ -99.067903813212851, 19.286123002601745 ], [ -99.067705153998602, 19.286337184486584 ], [ -99.067531692452903, 19.286524199193391 ], [ -99.067345367353397, 19.286725081869434 ], [ -99.067159041799641, 19.286925964352495 ], [ -99.067040117804396, 19.287054179084397 ], [ -99.066957657939241, 19.287101910537544 ], [ -99.066928510085134, 19.28713333543687 ], [ -99.066912763544011, 19.287150312098849 ], [ -99.066671677669163, 19.287388739420031 ], [ -99.066312599360927, 19.287743856146264 ], [ -99.065985124760942, 19.288067715878302 ], [ -99.065922739468633, 19.288129412311218 ], [ -99.065693278234846, 19.288356339246999 ], [ -99.065661625969469, 19.288391982976712 ], [ -99.065414459597932, 19.288670317193219 ], [ -99.065340364817445, 19.288743593056537 ], [ -99.064978692312309, 19.289100947487693 ], [ -99.064277377240984, 19.289853048770507 ], [ -99.06371443794599, 19.29038972207157 ], [ -99.063517132066067, 19.29058415274444 ], [ -99.063382808234081, 19.290716518778634 ], [ -99.062782006806444, 19.291338240767427 ], [ -99.062438231522961, 19.291706957586889 ], [ -99.062054829913109, 19.292118172973879 ], [ -99.061614782144716, 19.292590140362634 ], [ -99.061592836473352, 19.293147161393055 ], [ -99.061570890659297, 19.293704182387238 ], [ -99.061554720949701, 19.294114593973344 ], [ -99.061715617702603, 19.294231970412497 ], [ -99.06200515198698, 19.294443188952453 ], [ -99.062129747562409, 19.294889466638345 ], [ -99.062351319066195, 19.295687778653285 ], [ -99.06245834132811, 19.296109123532275 ], [ -99.062521201896246, 19.296359571662485 ], [ -99.062640367934094, 19.296834349014794 ], [ -99.062652053043152, 19.29688090428257 ], [ -99.062659134607912, 19.296981727340633 ], [ -99.062674426604886, 19.297199445157169 ], [ -99.062663127777355, 19.297384607222408 ], [ -99.062837805062983, 19.297623690106622 ], [ -99.063043889342978, 19.297895514955218 ], [ -99.063266905974544, 19.298189672263845 ], [ -99.063460344741657, 19.29846334329207 ], [ -99.063478151858462, 19.298488536179157 ], [ -99.063495958980738, 19.298513729064439 ], [ -99.063615033159266, 19.298694172291849 ], [ -99.063650409589485, 19.298752197800791 ], [ -99.063723853001434, 19.29887606035928 ], [ -99.064098654331573, 19.299812689842433 ], [ -99.06412616483756, 19.299881438211429 ], [ -99.064425147290549, 19.300632093892688 ], [ -99.064600287392309, 19.301109133146777 ], [ -99.06479102764807, 19.301628660064498 ], [ -99.064504147722076, 19.302525687819113 ], [ -99.064486826541199, 19.302579848059445 ], [ -99.064434945248877, 19.302742071374425 ], [ -99.064361922885794, 19.302951054559738 ], [ -99.064160431245156, 19.303527701907246 ], [ -99.063823724484351, 19.304491310796784 ], [ -99.063708461784998, 19.304817269925195 ], [ -99.06343925281989, 19.305578578703201 ], [ -99.063414186923239, 19.305649463358925 ], [ -99.063391564859657, 19.305713436964925 ], [ -99.062599606628567, 19.305446514518678 ], [ -99.060846194575603, 19.304856293374684 ], [ -99.060479817338134, 19.304732963395082 ], [ -99.059820065356604, 19.304509660827836 ], [ -99.058390189799638, 19.306240620220631 ], [ -99.057438527814213, 19.307411884333209 ], [ -99.05726710709483, 19.307623191961945 ], [ -99.05692911246777, 19.308039274551845 ], [ -99.056532925406103, 19.308525509600422 ], [ -99.056372538473653, 19.308722124456544 ], [ -99.056298403822197, 19.308810209103683 ], [ -99.055758354409889, 19.309451876411661 ], [ -99.05567032925039, 19.309559627958819 ], [ -99.055182842158587, 19.310156949510645 ], [ -99.054885087329751, 19.310521787924479 ], [ -99.054574510823912, 19.310913309343935 ], [ -99.054371271668501, 19.311169516999495 ], [ -99.054249179559577, 19.311323428445924 ], [ -99.054104862928241, 19.311505356034679 ], [ -99.054020581626673, 19.311609319192002 ], [ -99.053911194565146, 19.311744250695991 ], [ -99.053842599006984, 19.311828864777461 ], [ -99.053568266069334, 19.312167259163481 ], [ -99.05336749298317, 19.312085225627417 ], [ -99.053042050188665, 19.311893175907219 ], [ -99.052861476429342, 19.31176835253904 ], [ -99.052778883981489, 19.311572492889844 ], [ -99.052742753773074, 19.311499047001316 ], [ -99.052049926709174, 19.311012590951044 ], [ -99.05166921642649, 19.311509240857948 ], [ -99.051458069520095, 19.311784687611908 ], [ -99.051210072858922, 19.312108204662099 ], [ -99.050379422035263, 19.311491121606515 ], [ -99.049920075058154, 19.311149873217758 ], [ -99.049627293076483, 19.310932364439211 ], [ -99.049325995411948, 19.311293066940397 ], [ -99.048931922195379, 19.311788071000013 ], [ -99.04813149850915, 19.312793488995847 ], [ -99.047859981789173, 19.312597578269926 ], [ -99.047751822568941, 19.312519557880762 ], [ -99.04769014444804, 19.312475066456759 ], [ -99.047560115092082, 19.312381269819422 ], [ -99.04740562723093, 19.312269829785524 ], [ -99.047376251360362, 19.312248639428333 ], [ -99.047220257856196, 19.312136112954608 ], [ -99.047188986052518, 19.31210192236523 ], [ -99.047157714261871, 19.312067731770433 ], [ -99.046900476507375, 19.31190376373694 ], [ -99.046583976132894, 19.311702019678158 ], [ -99.04589254935712, 19.312589348986421 ], [ -99.045266068773472, 19.313393320258164 ], [ -99.045135135805538, 19.313360696723873 ], [ -99.044603652484426, 19.312911468951707 ], [ -99.043629398798686, 19.312214374379291 ], [ -99.043514413513492, 19.312354326065744 ], [ -99.043497041674286, 19.312375469771816 ], [ -99.043271146041008, 19.312650412427104 ], [ -99.043167137355013, 19.312777003332712 ], [ -99.043041548577634, 19.312926830666491 ], [ -99.042837306479612, 19.313170490591602 ], [ -99.042817473844607, 19.313194150787002 ], [ -99.04268088095121, 19.313357105314587 ], [ -99.042608624734228, 19.313443305774712 ], [ -99.042507474026806, 19.3135639772403 ], [ -99.042404970727858, 19.313686262090819 ], [ -99.042219553552158, 19.313907461302591 ], [ -99.042187209860501, 19.313945628826534 ], [ -99.041965073895781, 19.314207519342546 ], [ -99.041793560094519, 19.314409962549263 ], [ -99.041725375646308, 19.314347417382102 ], [ -99.040477899894455, 19.315418248412879 ], [ -99.040132137920097, 19.315091521168092 ], [ -99.040076946413393, 19.315097048971854 ], [ -99.040036923337809, 19.315058669717594 ], [ -99.039870004486033, 19.314898606240067 ], [ -99.039800918076878, 19.314832357079997 ], [ -99.039719887558306, 19.314753307755609 ], [ -99.03927621437829, 19.314920981097291 ], [ -99.031949590522487, 19.317689659587618 ], [ -99.030045915994805, 19.318142884380684 ], [ -99.027320043768128, 19.318791817358765 ], [ -99.026787909, 19.318918495000027 ], [ -99.026162751248123, 19.319067314306782 ], [ -99.026056424398377, 19.319092624879382 ], [ -99.026018908174308, 19.319101555953353 ], [ -99.02286538417215, 19.319852215913645 ], [ -99.021326802477361, 19.320218435222202 ], [ -99.018630995264061, 19.320860066683977 ], [ -99.010501516706611, 19.322794699314201 ], [ -99.008876942971426, 19.323181262302864 ], [ -99.00883028329666, 19.323192364607262 ], [ -99.00388335407591, 19.324369371396688 ], [ -99.001373344145691, 19.324966512090516 ], [ -98.999763830179631, 19.325349400966786 ], [ -98.997350839165222, 19.325402560515752 ], [ -98.989424690815014, 19.325576953112879 ], [ -98.984494896670114, 19.325685245426573 ], [ -98.9796345201473, 19.325791882255047 ], [ -98.97959961893379, 19.325792647519972 ] ] ] ] } },
{ "type": "Feature", "properties": { "ID": 12.0, "ENTIDAD": 9, "MUNICIPIO": 12, "NOMBRE": "TLALPAN", "CONTROL": 15.0, "GEOMETRY1_": null, "ClaveEnt": "09" }, "geometry": { "type": "MultiPolygon", "coordinates": [ [ [ [ -99.220688147894222, 19.311193833885916 ], [ -99.220665775041496, 19.311091624014583 ], [ -99.220495903039094, 19.31106639450444 ], [ -99.22010143265733, 19.311012395169907 ], [ -99.219671039655864, 19.310891711760437 ], [ -99.2192116927814, 19.310768291257379 ], [ -99.218856434351466, 19.310666285714952 ], [ -99.218047976780014, 19.309629921715814 ], [ -99.217517770726374, 19.309023805026452 ], [ -99.217177717203029, 19.308708712847171 ], [ -99.216897764666811, 19.308496975480175 ], [ -99.216452274988896, 19.308164167351322 ], [ -99.216051088427164, 19.307938165068684 ], [ -99.215584330343091, 19.307693975643311 ], [ -99.215063438742192, 19.307468798369221 ], [ -99.214617615613747, 19.307315114784405 ], [ -99.213597240295243, 19.307072401733926 ], [ -99.211644078460935, 19.306720231214651 ], [ -99.209060574899127, 19.30626187581376 ], [ -99.20581667834054, 19.305694314792042 ], [ -99.204856175983195, 19.305513271257293 ], [ -99.203877978730858, 19.305343526864203 ], [ -99.202741047859419, 19.305091639485457 ], [ -99.201971325903159, 19.304871629964801 ], [ -99.201307038129826, 19.3046448163105 ], [ -99.200951551391739, 19.3045063993962 ], [ -99.200664449698081, 19.304380377282286 ], [ -99.199540659433154, 19.303837027520242 ], [ -99.199426263939884, 19.303769197932048 ], [ -99.198509130672818, 19.303205746872088 ], [ -99.197767318915297, 19.302837197693087 ], [ -99.197160637005354, 19.302535780644074 ], [ -99.196590364463361, 19.302356257854196 ], [ -99.195949917175071, 19.302182555065176 ], [ -99.195272824909779, 19.302083628351962 ], [ -99.194368978779238, 19.302005687915944 ], [ -99.193732590799058, 19.302026546510515 ], [ -99.192921989965924, 19.302100822411862 ], [ -99.190651914710514, 19.302356274906842 ], [ -99.185976604648374, 19.302870010620914 ], [ -99.184390475072462, 19.303037723012306 ], [ -99.18333264542656, 19.303157843115926 ], [ -99.18219110542698, 19.303289810126785 ], [ -99.181390328621674, 19.303341697827314 ], [ -99.180276929317756, 19.303412666950205 ], [ -99.180104806850153, 19.303415509951776 ], [ -99.179337307979551, 19.303427368006236 ], [ -99.179257667630324, 19.303428613814738 ], [ -99.177161519990605, 19.303306435911288 ], [ -99.176737806083153, 19.303252267120754 ], [ -99.175338774895323, 19.303073403748559 ], [ -99.174086402030966, 19.302890005085317 ], [ -99.173532602677568, 19.302822926746284 ], [ -99.172853394708156, 19.302730926910826 ], [ -99.172133229018485, 19.302627325073832 ], [ -99.171678121290654, 19.302561852499178 ], [ -99.17159050427577, 19.30254752931004 ], [ -99.170356295912626, 19.302376829859732 ], [ -99.16853181266174, 19.302139062850166 ], [ -99.167516783954909, 19.301996013028226 ], [ -99.16646887789534, 19.301851060384148 ], [ -99.164335786987451, 19.301545189745141 ], [ -99.16371219855499, 19.301476542900275 ], [ -99.162771667940291, 19.301338707423078 ], [ -99.162392844601754, 19.301284555899517 ], [ -99.161720928052048, 19.301158539892086 ], [ -99.161658988376288, 19.301146923150416 ], [ -99.161609864723602, 19.301137710028492 ], [ -99.161570152769386, 19.301130262056578 ], [ -99.161526655039765, 19.301122104052173 ], [ -99.160508121477278, 19.300763009821278 ], [ -99.160253503037239, 19.300636212349946 ], [ -99.160110935789248, 19.300553104275735 ], [ -99.159751635203975, 19.300319483127975 ], [ -99.159352724105517, 19.300052715812193 ], [ -99.158902074863718, 19.299695424442998 ], [ -99.158635037226574, 19.299441553523984 ], [ -99.15842072170436, 19.299183349318948 ], [ -99.157941943857679, 19.298516960874448 ], [ -99.156686037821373, 19.296872173476661 ], [ -99.156619837783779, 19.296781995592642 ], [ -99.156355717854694, 19.296847274773281 ], [ -99.155023992494989, 19.297148281421467 ], [ -99.152846309427758, 19.297621774046494 ], [ -99.152117364497016, 19.297783986856107 ], [ -99.152002572670526, 19.297809531296487 ], [ -99.151827087119472, 19.297865776667781 ], [ -99.151640840250309, 19.297981379668752 ], [ -99.151529416263841, 19.298060609810236 ], [ -99.150949499253258, 19.298468501394115 ], [ -99.150686820899097, 19.298659748571261 ], [ -99.150032298443008, 19.299125783384341 ], [ -99.147789682541855, 19.300870772377802 ], [ -99.147440351299565, 19.30128471755862 ], [ -99.147225413559823, 19.301165732382039 ], [ -99.147114212915028, 19.301104173790826 ], [ -99.146903877810274, 19.30102085973698 ], [ -99.146292072206521, 19.300865273286554 ], [ -99.146065499850394, 19.300821728595132 ], [ -99.145596182970337, 19.300731530131483 ], [ -99.145146174753918, 19.300609690790235 ], [ -99.144625772811523, 19.300413134382811 ], [ -99.144548399194846, 19.300383910111979 ], [ -99.143721186379821, 19.300062353644201 ], [ -99.142551965130153, 19.299643029137322 ], [ -99.142345402206431, 19.299885497149472 ], [ -99.142062927472395, 19.300186013637731 ], [ -99.141780457586648, 19.30049335460097 ], [ -99.141256710863033, 19.301056685211911 ], [ -99.140904367190217, 19.301379920566571 ], [ -99.140658466254948, 19.301663411726899 ], [ -99.140522705624505, 19.301804257806388 ], [ -99.1401337846915, 19.302231042751707 ], [ -99.139647146182568, 19.30277954322958 ], [ -99.139399042902824, 19.30306955937661 ], [ -99.139027574558838, 19.303484055893854 ], [ -99.138710598292775, 19.303851440564994 ], [ -99.13844440501326, 19.304122662978905 ], [ -99.13826822294611, 19.304290911851453 ], [ -99.138140979979113, 19.304454364451178 ], [ -99.137931027114817, 19.304687579723137 ], [ -99.137051404798555, 19.305664652814187 ], [ -99.136461582282962, 19.306256012252764 ], [ -99.135956232557049, 19.30680261644169 ], [ -99.135483110894498, 19.307386375937085 ], [ -99.135198655497206, 19.307759398596474 ], [ -99.134810939650862, 19.308251445601346 ], [ -99.132817214807545, 19.307354240475949 ], [ -99.132513318752402, 19.307215317392362 ], [ -99.132256311347888, 19.307106210555173 ], [ -99.131963093034884, 19.306981730552017 ], [ -99.131164570501255, 19.306624113394246 ], [ -99.131046592052158, 19.306573664196328 ], [ -99.130548115738705, 19.306360507719933 ], [ -99.130062523492356, 19.306146884386592 ], [ -99.129553910790762, 19.30592281729707 ], [ -99.129295203424206, 19.305804841095359 ], [ -99.129072311559881, 19.305709882787603 ], [ -99.128411354725642, 19.305364449184538 ], [ -99.127890104263471, 19.305188139422196 ], [ -99.12741871825672, 19.304992959924054 ], [ -99.127114160407245, 19.304866855477641 ], [ -99.126055202920867, 19.304428380756399 ], [ -99.125509479553841, 19.304214034796903 ], [ -99.124695109685703, 19.303894167381507 ], [ -99.124606384276973, 19.303859317604719 ], [ -99.124517658905575, 19.303824467784466 ], [ -99.122864785808659, 19.3031717276805 ], [ -99.121887795471423, 19.302785651917382 ], [ -99.121814428724747, 19.302759609306356 ], [ -99.121730506798002, 19.302738057019226 ], [ -99.120988747933936, 19.30251360166822 ], [ -99.119907685578909, 19.302186466969953 ], [ -99.119375594211533, 19.302025450710836 ], [ -99.117845826186311, 19.301562998320616 ], [ -99.11762656431597, 19.301496713686031 ], [ -99.117535503375279, 19.30146918513476 ], [ -99.116821596778564, 19.301321917036006 ], [ -99.116296252737627, 19.301199461192397 ], [ -99.115870348308988, 19.301100183125843 ], [ -99.115828826501641, 19.301090504357756 ], [ -99.115689997178805, 19.301058143049403 ], [ -99.114234813469608, 19.300718930567164 ], [ -99.113717955714733, 19.300615345675315 ], [ -99.113669579571962, 19.300606322506443 ], [ -99.113622143451821, 19.300597474658129 ], [ -99.113547086907644, 19.300581230902182 ], [ -99.112435852023182, 19.300294311249527 ], [ -99.111473150355749, 19.300055372077935 ], [ -99.110324805374148, 19.299812839904668 ], [ -99.109465075525918, 19.299612277609373 ], [ -99.10937240601919, 19.299547128072504 ], [ -99.108871231926898, 19.29950024911934 ], [ -99.108484985119645, 19.29951049912777 ], [ -99.108190135614493, 19.29951832313342 ], [ -99.107380542267364, 19.299557047693693 ], [ -99.107040642579648, 19.29957468871353 ], [ -99.10643123220639, 19.299610304200005 ], [ -99.106153102265196, 19.299626558137682 ], [ -99.104982760184356, 19.299694907031725 ], [ -99.103881544626461, 19.299848072188428 ], [ -99.100897024595483, 19.300015492948297 ], [ -99.101009795047531, 19.298622085590861 ], [ -99.101086778698132, 19.297903802544347 ], [ -99.101170191459772, 19.296747826908643 ], [ -99.101256758477987, 19.296674274607675 ], [ -99.101277082401865, 19.296404053232322 ], [ -99.101354013089406, 19.295630128767886 ], [ -99.101337919401843, 19.295375059331654 ], [ -99.101328290072871, 19.295200572853027 ], [ -99.101315230552203, 19.294957911312281 ], [ -99.101433264515777, 19.294920589549484 ], [ -99.102439979020303, 19.294513715373025 ], [ -99.102933877228935, 19.294311394647533 ], [ -99.103819215612859, 19.293926797277685 ], [ -99.104574073238197, 19.293620270663236 ], [ -99.105632922051811, 19.293190294526131 ], [ -99.105756119627429, 19.293148128999277 ], [ -99.106104794659146, 19.293028791128553 ], [ -99.107950954489482, 19.29239690860966 ], [ -99.110318398780635, 19.29138530259279 ], [ -99.110388632608036, 19.291357907823851 ], [ -99.110512440502248, 19.291309614764373 ], [ -99.112930600966536, 19.29026906663341 ], [ -99.113911078954871, 19.289849170438409 ], [ -99.11467907610681, 19.289506096679002 ], [ -99.115936140281732, 19.28894779117649 ], [ -99.117949060665268, 19.288053944245142 ], [ -99.122334033002161, 19.286199948782667 ], [ -99.124449966175916, 19.28536551937562 ], [ -99.124935386346806, 19.285261031260788 ], [ -99.125023777379852, 19.285242004678835 ], [ -99.125149969888085, 19.285206698867007 ], [ -99.127543949707203, 19.28453649562919 ], [ -99.127938598029985, 19.284426008881212 ], [ -99.128249386100123, 19.284339194818244 ], [ -99.128603023432817, 19.284240410691819 ], [ -99.129240182673698, 19.284062426272094 ], [ -99.129575855842887, 19.283968658092686 ], [ -99.13037968967727, 19.283744070629137 ], [ -99.131986612251296, 19.283295207271951 ], [ -99.134401638866066, 19.282619839877817 ], [ -99.135636823441061, 19.282368783165222 ], [ -99.137680531420543, 19.282207680081662 ], [ -99.138943072024688, 19.282234820722451 ], [ -99.139837213470855, 19.282344306070467 ], [ -99.140536625335628, 19.282430510867314 ], [ -99.141025851651264, 19.282502578281136 ], [ -99.141041484460587, 19.282400348285083 ], [ -99.141055767437237, 19.282293403437475 ], [ -99.141117684763643, 19.281860468223684 ], [ -99.141157986386077, 19.281220309461382 ], [ -99.141187795991286, 19.281011788920917 ], [ -99.141367028249434, 19.279758034083049 ], [ -99.141414913446354, 19.279415946397556 ], [ -99.141444150018174, 19.279207082176292 ], [ -99.141470685835628, 19.278944996117239 ], [ -99.141465713864889, 19.278825868563825 ], [ -99.141512493715538, 19.278448772812169 ], [ -99.141563459841521, 19.278037929253877 ], [ -99.141626237121841, 19.277531871899608 ], [ -99.141651450018315, 19.2773286259829 ], [ -99.141844159779083, 19.275775139888296 ], [ -99.141850266753906, 19.275725909421151 ], [ -99.141872031849601, 19.275550453111212 ], [ -99.141916912479189, 19.275198066332674 ], [ -99.141931884044453, 19.275080514583532 ], [ -99.141954759465662, 19.274852922634089 ], [ -99.141973377940914, 19.27466768340178 ], [ -99.142074951717817, 19.27395642269488 ], [ -99.142299846888207, 19.273008710131428 ], [ -99.142475481434374, 19.271514784018265 ], [ -99.142443546415109, 19.27132343615494 ], [ -99.142475119760718, 19.27109627886755 ], [ -99.142513565456227, 19.270916016222241 ], [ -99.142512064872733, 19.270782585544026 ], [ -99.142511142380158, 19.270691819258989 ], [ -99.142880330551733, 19.270407388176213 ], [ -99.142913268113929, 19.270382012234585 ], [ -99.143105931535629, 19.270129214077688 ], [ -99.143168826469733, 19.269794406956233 ], [ -99.143357743841719, 19.269514826504039 ], [ -99.14290666568931, 19.269386796832595 ], [ -99.14296448518985, 19.268928635438396 ], [ -99.142978248893627, 19.268819571557412 ], [ -99.142992489470217, 19.268706728775907 ], [ -99.143011358809972, 19.268557207293316 ], [ -99.14308270421904, 19.267991860695982 ], [ -99.143142664231476, 19.267430331680636 ], [ -99.143150478402603, 19.267357151235842 ], [ -99.14322711635603, 19.26733767896906 ], [ -99.143345358235422, 19.266562914217953 ], [ -99.143359250294367, 19.266468311779715 ], [ -99.143448334559267, 19.266095121433064 ], [ -99.143343227881232, 19.265697252658207 ], [ -99.143192321127799, 19.265520234478391 ], [ -99.142788530429272, 19.265428341610107 ], [ -99.142609572664057, 19.265314434263516 ], [ -99.142451102273313, 19.265253894483411 ], [ -99.142498634956993, 19.264079415911649 ], [ -99.142432105708679, 19.263967847256112 ], [ -99.142459721457911, 19.263400017171584 ], [ -99.142354796938378, 19.263208402811131 ], [ -99.142276593247843, 19.262440970677186 ], [ -99.142234349967893, 19.262251618284619 ], [ -99.142140796804341, 19.261779902678033 ], [ -99.142353222881582, 19.261223701172934 ], [ -99.142428386763072, 19.260945624500017 ], [ -99.142387892621969, 19.260280097381155 ], [ -99.142307933707869, 19.260141150519658 ], [ -99.142245709634395, 19.259993765035134 ], [ -99.142241205132834, 19.259913732998402 ], [ -99.142032628297983, 19.259787523177405 ], [ -99.141948227191705, 19.25964015480357 ], [ -99.141814865779622, 19.259294841688277 ], [ -99.141584098242106, 19.259151798955511 ], [ -99.141384328824827, 19.258949758405628 ], [ -99.141251210796909, 19.258886675290277 ], [ -99.14106042107278, 19.258810999368979 ], [ -99.140940573670107, 19.258705781814761 ], [ -99.14078742276358, 19.258556359640622 ], [ -99.140541064891679, 19.258333292010118 ], [ -99.140381254358473, 19.258175449806661 ], [ -99.140261336227738, 19.25798598388938 ], [ -99.140176948367724, 19.25785125183932 ], [ -99.140154667420362, 19.257729109366561 ], [ -99.140176747948601, 19.257615357696334 ], [ -99.140214363175971, 19.257514231310068 ], [ -99.140280810399133, 19.257415189006085 ], [ -99.140418208139337, 19.257297136435422 ], [ -99.140475841701445, 19.25726549919824 ], [ -99.140615499965151, 19.257197993523139 ], [ -99.140757377618598, 19.257132592232999 ], [ -99.140810559465635, 19.25708200252323 ], [ -99.140806059344314, 19.257006182816347 ], [ -99.140717166085182, 19.256789312698086 ], [ -99.140617184560085, 19.256572451053817 ], [ -99.140552803075181, 19.256492464957184 ], [ -99.140370860358374, 19.256385188491553 ], [ -99.140160118239521, 19.256313739299941 ], [ -99.140040308983259, 19.256250645073266 ], [ -99.139960355802316, 19.256113803297517 ], [ -99.139782663710122, 19.255787478234989 ], [ -99.139551655249136, 19.255351671280952 ], [ -99.139453706921387, 19.254913656428627 ], [ -99.139395848021394, 19.254677806145029 ], [ -99.139484346722725, 19.254431313309158 ], [ -99.13948407078108, 19.254104852531437 ], [ -99.13955030513786, 19.253755172822373 ], [ -99.139665381165401, 19.253468641802556 ], [ -99.1397340964824, 19.253430677732169 ], [ -99.139802811767666, 19.253392713636018 ], [ -99.139909159339041, 19.253274685135995 ], [ -99.139948930687581, 19.253101946307002 ], [ -99.140055313716559, 19.253026041696248 ], [ -99.140103969759465, 19.252870145630258 ], [ -99.140148240494995, 19.252773226514687 ], [ -99.140179173089578, 19.252638406002895 ], [ -99.140181324544045, 19.252560474945014 ], [ -99.140145763506155, 19.252467829375 ], [ -99.140141188715489, 19.252303549254858 ], [ -99.140183141455068, 19.252088684680999 ], [ -99.140198591579676, 19.252002318627294 ], [ -99.140375846837003, 19.251818943285649 ], [ -99.140422347313773, 19.25173676578753 ], [ -99.140468838781572, 19.251644057281712 ], [ -99.140482049570863, 19.251532418514344 ], [ -99.140672611585842, 19.251351138863846 ], [ -99.14090302215331, 19.251089792711223 ], [ -99.141155548780972, 19.250758924585387 ], [ -99.141312844869674, 19.250577669921146 ], [ -99.141534247430172, 19.250158364866774 ], [ -99.141702457009572, 19.249774906145028 ], [ -99.141733373320051, 19.249623235742508 ], [ -99.141764284147982, 19.249465246734225 ], [ -99.141739655384498, 19.249191459695819 ], [ -99.141770475283039, 19.248950822984536 ], [ -99.140788231628179, 19.248213099991702 ], [ -99.140368599115121, 19.247897927717602 ], [ -99.140131194773275, 19.247431561816175 ], [ -99.139329090938972, 19.246220310133644 ], [ -99.139188880371975, 19.24600857687016 ], [ -99.138888888888232, 19.245555554763577 ], [ -99.140035265066672, 19.244260347363674 ], [ -99.14008182541555, 19.244207741616215 ], [ -99.140382526274323, 19.243621052006276 ], [ -99.140508583098082, 19.243622490633843 ], [ -99.141192984471715, 19.243614632572541 ], [ -99.141602198425375, 19.243746281283997 ], [ -99.141679362149176, 19.243716896048564 ], [ -99.14169734352528, 19.243682669021005 ], [ -99.141712720471006, 19.243611787106929 ], [ -99.141728243545145, 19.243559986297978 ], [ -99.141975658624517, 19.243614434043604 ], [ -99.142154097312996, 19.243734502433426 ], [ -99.142252068279902, 19.243936592445973 ], [ -99.142280968622302, 19.244095024513168 ], [ -99.14344051149719, 19.244509379556558 ], [ -99.143731064893572, 19.244552863200862 ], [ -99.144078192555398, 19.24466565894663 ], [ -99.144179910602119, 19.244700036776791 ], [ -99.144191120321224, 19.244361263126873 ], [ -99.144239782618143, 19.244090759314304 ], [ -99.144180664920285, 19.243562948142021 ], [ -99.144103557859665, 19.242905189616881 ], [ -99.144086119751151, 19.242487624155657 ], [ -99.144080055901981, 19.242342421284089 ], [ -99.144140298291603, 19.242124065036627 ], [ -99.144203326285776, 19.24186969252386 ], [ -99.144136674009246, 19.24139405833013 ], [ -99.144066735795846, 19.240894972440344 ], [ -99.14390407827976, 19.239734220412782 ], [ -99.144665504720578, 19.239560110883204 ], [ -99.145092223147941, 19.239470226148462 ], [ -99.145725342172966, 19.239336885005773 ], [ -99.145985176357499, 19.239304908660085 ], [ -99.146108696851243, 19.239329248058894 ], [ -99.146184560716918, 19.239403521593971 ], [ -99.146253003960425, 19.239583287417954 ], [ -99.146305758903409, 19.239827622526057 ], [ -99.146392284856006, 19.23997173934411 ], [ -99.146503045446778, 19.240113390785769 ], [ -99.146624091350603, 19.240247702537417 ], [ -99.146760522789023, 19.240323350818848 ], [ -99.146917518066516, 19.240376988349631 ], [ -99.147133688212207, 19.240428134397984 ], [ -99.147326671765896, 19.240445085739545 ], [ -99.147507243471679, 19.240253558427714 ], [ -99.147319325292159, 19.239893112311286 ], [ -99.14701698990099, 19.239313198619584 ], [ -99.146237912792813, 19.237803262899305 ], [ -99.144604548667573, 19.234637524552351 ], [ -99.144574350435605, 19.234580815813718 ], [ -99.144717629244141, 19.234516414772067 ], [ -99.144748502993352, 19.234447626282563 ], [ -99.144779342538214, 19.234408501170677 ], [ -99.144830764600272, 19.234369359774437 ], [ -99.144923362410765, 19.234342404756728 ], [ -99.145021122984218, 19.234334995968378 ], [ -99.145100899595562, 19.234356926927415 ], [ -99.145219298551623, 19.234413040362579 ], [ -99.145319670664193, 19.234449617663721 ], [ -99.145389134590275, 19.234447118725111 ], [ -99.145481728046875, 19.234415275837929 ], [ -99.145574282705041, 19.234339444614722 ], [ -99.145725277161034, 19.234330340580165 ], [ -99.145757859419177, 19.234331812086076 ], [ -99.145867581559955, 19.234336767401818 ], [ -99.146037307473435, 19.234246211678478 ], [ -99.146243067725209, 19.234172733590551 ], [ -99.146379413834651, 19.234157961869588 ], [ -99.146559545432254, 19.234196918507937 ], [ -99.146763168233278, 19.234287553830018 ], [ -99.14682311793068, 19.234314121337427 ], [ -99.146815353906263, 19.234271697264802 ], [ -99.146801061682893, 19.234193601840122 ], [ -99.146891719008636, 19.234092121122618 ], [ -99.146938495065243, 19.234035832073236 ], [ -99.146952152653753, 19.234019396888698 ], [ -99.147001860456939, 19.233890906837754 ], [ -99.147012881389287, 19.23376784573351 ], [ -99.146967836117653, 19.233647554910519 ], [ -99.147001488996153, 19.233473444131711 ], [ -99.147048702896925, 19.233367857084186 ], [ -99.146684969460196, 19.233418017378153 ], [ -99.14669119264002, 19.233373626904072 ], [ -99.146807879133362, 19.232541287784588 ], [ -99.14704528218266, 19.232025963532791 ], [ -99.146982294078668, 19.231898254833968 ], [ -99.146893262570686, 19.231825650511912 ], [ -99.146793327971267, 19.231812569309543 ], [ -99.146225933357883, 19.231738297624251 ], [ -99.146182034490351, 19.231711013210212 ], [ -99.146112008614409, 19.231707402141563 ], [ -99.145570847942636, 19.231679489479465 ], [ -99.145620867504149, 19.231541719191267 ], [ -99.145597249302355, 19.231408255043668 ], [ -99.14548036642033, 19.231247933445772 ], [ -99.14543007933753, 19.230865599458415 ], [ -99.145661055531065, 19.230828452773874 ], [ -99.145629751245963, 19.230718220944848 ], [ -99.145715167451513, 19.230692396306967 ], [ -99.145833928599771, 19.230609428479813 ], [ -99.146009000304986, 19.230617964921905 ], [ -99.146055401175786, 19.230692577147 ], [ -99.146147696970544, 19.230699914212714 ], [ -99.146158129718117, 19.230877672259052 ], [ -99.146585655043978, 19.230927940193681 ], [ -99.146734578817814, 19.230740474878882 ], [ -99.146795386803348, 19.230699846529447 ], [ -99.146890046324899, 19.230636600478054 ], [ -99.147229190459086, 19.230695432972311 ], [ -99.147567522203275, 19.230803158019533 ], [ -99.147730617408797, 19.230824354874194 ], [ -99.14807302180229, 19.230910747349075 ], [ -99.148301329122191, 19.230974818773241 ], [ -99.148569520844504, 19.230954176789282 ], [ -99.148699777933913, 19.231065773769291 ], [ -99.14885296811498, 19.231180966989076 ], [ -99.148975916658799, 19.231206081455607 ], [ -99.149094444015248, 19.231181764669596 ], [ -99.149223973868686, 19.23133032497131 ], [ -99.149798127852776, 19.231496235387002 ], [ -99.149837709819394, 19.231741782459782 ], [ -99.15274489754249, 19.224939915312202 ], [ -99.152777254116486, 19.224864378508641 ], [ -99.152818993114863, 19.224766533844708 ], [ -99.153550094001986, 19.223055793681414 ], [ -99.153584677041565, 19.222974939593122 ], [ -99.153637612215761, 19.222850853123955 ], [ -99.155125953162269, 19.219368238017843 ], [ -99.149807214277843, 19.217739785807744 ], [ -99.149774576342566, 19.217729792387932 ], [ -99.149742669882855, 19.217720022931999 ], [ -99.146823341752793, 19.216826123797908 ], [ -99.145543187438875, 19.216434122388364 ], [ -99.143426540940837, 19.215785951426813 ], [ -99.141555446697069, 19.215212950130304 ], [ -99.139190747794288, 19.214488754904519 ], [ -99.137858888678394, 19.214080853284376 ], [ -99.137832786188255, 19.211852436620514 ], [ -99.136839297736046, 19.210414659265833 ], [ -99.136657177244018, 19.209650313612165 ], [ -99.13662248748814, 19.209444005923988 ], [ -99.134190629212682, 19.209437425438129 ], [ -99.133389057254178, 19.209873664537376 ], [ -99.133325399561201, 19.209988975479419 ], [ -99.133251410630692, 19.210043731137535 ], [ -99.13315272195652, 19.21007115378027 ], [ -99.133031394761062, 19.210077102785213 ], [ -99.132932658934251, 19.210045916209918 ], [ -99.132875036899577, 19.209995163404866 ], [ -99.132854451782663, 19.209969781033681 ], [ -99.132899653356205, 19.209918953683939 ], [ -99.132924265081172, 19.209836883049004 ], [ -99.13291183051615, 19.209717720155648 ], [ -99.132858291729121, 19.209629845262128 ], [ -99.132829441576888, 19.209555627929191 ], [ -99.132796439314646, 19.209432572650364 ], [ -99.132794287192112, 19.209313402293898 ], [ -99.132806520898598, 19.209182499686133 ], [ -99.132806386027084, 19.209014486914356 ], [ -99.132804205676749, 19.208860151087805 ], [ -99.132799857536284, 19.208567108522843 ], [ -99.132799702290498, 19.208373698458281 ], [ -99.132768800639553, 19.208305343504971 ], [ -99.132742035426389, 19.208266290123795 ], [ -99.132653559491388, 19.208205791383211 ], [ -99.132534225929177, 19.208131639443089 ], [ -99.132474520081473, 19.208045722515212 ], [ -99.132404486722479, 19.20790315751572 ], [ -99.132357083749923, 19.207772297979126 ], [ -99.132344652883603, 19.20765704229153 ], [ -99.132412362283546, 19.207465536838487 ], [ -99.132484176583134, 19.207264260198784 ], [ -99.132514948051906, 19.20717046331389 ], [ -99.132528655053832, 19.207068569695622 ], [ -99.132551744806264, 19.20689692732622 ], [ -99.132524900071999, 19.206758238398677 ], [ -99.132481571093564, 19.206578534967466 ], [ -99.132438290684874, 19.206459394283893 ], [ -99.132308599801078, 19.206289521364013 ], [ -99.13221597476921, 19.206182138059038 ], [ -99.132043077630144, 19.205984945155183 ], [ -99.131752915192408, 19.205725319947714 ], [ -99.131623256669229, 19.20559451927631 ], [ -99.131518281552829, 19.205471515361115 ], [ -99.131437986669837, 19.205352400969822 ], [ -99.131357642276356, 19.205170770130582 ], [ -99.131318441763995, 19.205008646177493 ], [ -99.131273106200254, 19.204889506663836 ], [ -99.131233964713431, 19.204801620928269 ], [ -99.131230716940436, 19.204697121602507 ], [ -99.131197869001141, 19.204564092344636 ], [ -99.131126639228981, 19.204430513465415 ], [ -99.131019671401958, 19.204262569794405 ], [ -99.130875515477939, 19.204123971539907 ], [ -99.130764507865337, 19.204047851639412 ], [ -99.130587623689991, 19.204004997641114 ], [ -99.130564382017241, 19.203999412798396 ], [ -99.13044981885426, 19.203971883868562 ], [ -99.130222143906579, 19.203920895315129 ], [ -99.13005000847987, 19.203904973286708 ], [ -99.130299734800786, 19.20316442770751 ], [ -99.129710431092207, 19.203002300373598 ], [ -99.129302369579833, 19.202937805578141 ], [ -99.129392360061445, 19.202469953874665 ], [ -99.129413522948681, 19.202317682153478 ], [ -99.129444327623787, 19.202064706333662 ], [ -99.129474638954875, 19.201812949581633 ], [ -99.129507379225544, 19.201542559571852 ], [ -99.129523934896937, 19.200751174518704 ], [ -99.12951363185114, 19.200658844133539 ], [ -99.129505221616753, 19.200554417988393 ], [ -99.129489342593658, 19.200441176375946 ], [ -99.129317307256258, 19.200074165762533 ], [ -99.129153930096308, 19.199796892257094 ], [ -99.129060393932846, 19.199371059498304 ], [ -99.129390222927725, 19.198555685013535 ], [ -99.129465364671603, 19.198443111804892 ], [ -99.129418946460902, 19.198271067765003 ], [ -99.129272692680715, 19.198393748853121 ], [ -99.129152698895084, 19.198344689043822 ], [ -99.129199740755169, 19.197977516642428 ], [ -99.129272508046938, 19.197679444677952 ], [ -99.129947004396641, 19.196703428600856 ], [ -99.128817542069683, 19.196303442532425 ], [ -99.12788860221481, 19.195938812916925 ], [ -99.127184191327075, 19.195727189052874 ], [ -99.126631036815382, 19.196314309272847 ], [ -99.125191936778393, 19.195561303355863 ], [ -99.125230397020175, 19.195320601516777 ], [ -99.12468038249834, 19.194741723068685 ], [ -99.124327991552903, 19.194317720494684 ], [ -99.124192146119455, 19.193997923359024 ], [ -99.123260192157929, 19.192695466757574 ], [ -99.122944085765852, 19.19245851599953 ], [ -99.122823528710896, 19.192001720876497 ], [ -99.122848956806422, 19.191552986447292 ], [ -99.122702609635127, 19.191055415968691 ], [ -99.122745362933586, 19.190810632398708 ], [ -99.122950963422028, 19.190288357943622 ], [ -99.122967907036966, 19.189978323600517 ], [ -99.12275613846441, 19.189357967883637 ], [ -99.122851182701936, 19.189283670134994 ], [ -99.12453891687727, 19.184686127046874 ], [ -99.124402441174141, 19.184638176573184 ], [ -99.123517976360162, 19.183232850745512 ], [ -99.12176899939692, 19.181987740434213 ], [ -99.120457054634628, 19.180673099156063 ], [ -99.121475120303501, 19.178526098052522 ], [ -99.123221638848179, 19.17651705887868 ], [ -99.123002033510346, 19.174994015212537 ], [ -99.124093249594324, 19.173331634223274 ], [ -99.125038359803568, 19.171046115474088 ], [ -99.125256043009173, 19.170007460176354 ], [ -99.12481900639888, 19.167937567837242 ], [ -99.124015319138664, 19.166546460913302 ], [ -99.124887905987379, 19.16474567548174 ], [ -99.124011798856984, 19.161838338833668 ], [ -99.125319061866406, 19.156990869224675 ], [ -99.129394003027684, 19.154634826247651 ], [ -99.130496153964515, 19.143204639492918 ], [ -99.138324397958698, 19.148674832411661 ], [ -99.141216487361021, 19.150826266760085 ], [ -99.142294617300749, 19.1457897395908 ], [ -99.150390193256499, 19.111656981913377 ], [ -99.125673210450771, 19.087848536511533 ], [ -99.157104221992171, 19.089497940639607 ], [ -99.202235633894702, 19.090281714785682 ], [ -99.204984722651929, 19.090326796479424 ], [ -99.214684620427647, 19.090485463092332 ], [ -99.215702997148014, 19.090502097032218 ], [ -99.216192978246411, 19.090719152208308 ], [ -99.225316745619381, 19.094760501309455 ], [ -99.24705673103125, 19.109716868469928 ], [ -99.273831479748395, 19.128129678971419 ], [ -99.274806229583248, 19.128799855578045 ], [ -99.281949153142733, 19.133710582141216 ], [ -99.282086867086264, 19.134129271053794 ], [ -99.286341303991392, 19.147062724722002 ], [ -99.296871264463618, 19.17529490574578 ], [ -99.299717051340707, 19.183050584347981 ], [ -99.30033328146483, 19.183517213597614 ], [ -99.30053922347274, 19.183673367769046 ], [ -99.300808326438599, 19.183971440437677 ], [ -99.30098602893537, 19.184168431308212 ], [ -99.300826726309069, 19.184649757214299 ], [ -99.300095256971957, 19.185794285545377 ], [ -99.300889185574448, 19.187564329740468 ], [ -99.301986843087832, 19.189174810849728 ], [ -99.302602412804106, 19.189957390192973 ], [ -99.30321798836269, 19.190739967324447 ], [ -99.30245447297564, 19.204972386962261 ], [ -99.303163178566948, 19.206748432928112 ], [ -99.302713486816401, 19.209414435344105 ], [ -99.301561126521747, 19.211065036183165 ], [ -99.299748189265571, 19.212481105063326 ], [ -99.297850665769701, 19.212798249782331 ], [ -99.296047375904564, 19.211967001066586 ], [ -99.294562021713347, 19.212047929622674 ], [ -99.292566616977936, 19.211472109905735 ], [ -99.291094718042203, 19.211346830710422 ], [ -99.289445643583235, 19.212134616188106 ], [ -99.288289846863947, 19.211900831340291 ], [ -99.285456656175285, 19.210604460622395 ], [ -99.279951124906589, 19.209794021055643 ], [ -99.276981449692755, 19.210505171574891 ], [ -99.274261495166428, 19.212550462822147 ], [ -99.272682332086291, 19.214093539419725 ], [ -99.272066621463097, 19.216116134432042 ], [ -99.272330742683636, 19.217793893979159 ], [ -99.268195795425044, 19.221067861137016 ], [ -99.26564075113653, 19.223191319115642 ], [ -99.263759559193176, 19.225264685399292 ], [ -99.260130121184659, 19.226525991520422 ], [ -99.258908870704815, 19.227190289425906 ], [ -99.256457018911604, 19.228523930988793 ], [ -99.253693806977509, 19.230419487549476 ], [ -99.251224937909996, 19.233181935846819 ], [ -99.249674372144909, 19.236529541230443 ], [ -99.249068434994399, 19.238396148416005 ], [ -99.249077582863052, 19.241382482266168 ], [ -99.248404453414139, 19.243570820640006 ], [ -99.246919560912204, 19.245695996953774 ], [ -99.243171152132746, 19.249785308115371 ], [ -99.242536804243414, 19.251308507153677 ], [ -99.24288615877272, 19.252174734322132 ], [ -99.242847744834989, 19.253035239980512 ], [ -99.243440882742973, 19.253891381686554 ], [ -99.243044044194207, 19.254773601773902 ], [ -99.24364298511999, 19.255881427489857 ], [ -99.24250444344996, 19.257053819013112 ], [ -99.242478896624405, 19.257293003156889 ], [ -99.242432992131199, 19.257722785882073 ], [ -99.242826375182901, 19.258235861512915 ], [ -99.243534073768387, 19.257652638763226 ], [ -99.244464529685345, 19.257900921190064 ], [ -99.245023312697015, 19.258620781918715 ], [ -99.245218805233776, 19.258879874341794 ], [ -99.245526592043376, 19.261235152789624 ], [ -99.245492428124109, 19.261501418398769 ], [ -99.245458264099739, 19.261767683994929 ], [ -99.245274506837418, 19.262147202476623 ], [ -99.24512175090203, 19.262716315180828 ], [ -99.24524495776987, 19.262934960722738 ], [ -99.245260491509001, 19.263051638939988 ], [ -99.245199159049477, 19.263124658088042 ], [ -99.245137739814311, 19.263139327807956 ], [ -99.244968777280093, 19.263139554213829 ], [ -99.244800031248985, 19.263285653985331 ], [ -99.244738741788623, 19.263387847684271 ], [ -99.244754296863604, 19.263519113293935 ], [ -99.244846696666272, 19.263679450791457 ], [ -99.244954456945678, 19.263839767663356 ], [ -99.245154184153634, 19.263868674783804 ], [ -99.245323125734785, 19.26385386084787 ], [ -99.245415244102603, 19.263824562489109 ], [ -99.245477010946857, 19.264043290279179 ], [ -99.245600023792946, 19.264130649386299 ], [ -99.245753713956788, 19.264188792427326 ], [ -99.245815080200174, 19.264174059483427 ], [ -99.245891891656811, 19.264144844546298 ], [ -99.246060833445924, 19.264130029926879 ], [ -99.246153213088689, 19.264275779386661 ], [ -99.246399261759265, 19.264465083938354 ], [ -99.245925418342111, 19.266026571121465 ], [ -99.245894903978964, 19.26616519222652 ], [ -99.246094884501602, 19.266361852756866 ], [ -99.246095287229821, 19.266631718648778 ], [ -99.246141760979441, 19.266894337943743 ], [ -99.246141913233018, 19.266996340246276 ], [ -99.246202863414126, 19.26722608780625 ], [ -99.246188713680112, 19.26747766056657 ], [ -99.246012838994815, 19.26799574902493 ], [ -99.245882458094073, 19.268119917073459 ], [ -99.24556024197436, 19.268361041753142 ], [ -99.245330178491159, 19.268594748553429 ], [ -99.244954154626825, 19.268806769617886 ], [ -99.244470517825349, 19.268960584349049 ], [ -99.244248207983816, 19.269245335229897 ], [ -99.243941099888744, 19.269318682108487 ], [ -99.243718853337811, 19.269647194379054 ], [ -99.243688508964311, 19.269902513831219 ], [ -99.243793150816273, 19.270268731214248 ], [ -99.243819755813604, 19.270361841029342 ], [ -99.243764019704358, 19.270576310662037 ], [ -99.24377585150107, 19.270709200926561 ], [ -99.243731906258532, 19.271056386761707 ], [ -99.243806433468293, 19.271740365214875 ], [ -99.243914284438432, 19.271959031868615 ], [ -99.244045177307669, 19.272177667691384 ], [ -99.244137527372587, 19.272301537003795 ], [ -99.244391336686022, 19.272538242575013 ], [ -99.244498240695322, 19.272661696030049 ], [ -99.244555729737343, 19.272767875492896 ], [ -99.244633826147563, 19.272935197935695 ], [ -99.244459875325802, 19.273307858713082 ], [ -99.244365941398826, 19.273541157927305 ], [ -99.244301447279653, 19.273673807346146 ], [ -99.244135791553475, 19.274006191715305 ], [ -99.24396757570284, 19.274234589869522 ], [ -99.243810570445859, 19.274537487162011 ], [ -99.243665147605753, 19.274882307545649 ], [ -99.243600241941735, 19.275139496337392 ], [ -99.243443186687273, 19.27540957179945 ], [ -99.243524096578128, 19.275624607717614 ], [ -99.243866261198491, 19.275839335006058 ], [ -99.244008273301489, 19.275784442867934 ], [ -99.244085280173579, 19.275919273142389 ], [ -99.244166078908762, 19.276021276752974 ], [ -99.244277600626148, 19.276123239267296 ], [ -99.244415512522437, 19.276155473999598 ], [ -99.244735069187826, 19.276436255538783 ], [ -99.244934681576439, 19.276377638705647 ], [ -99.24501149431677, 19.276381182592424 ], [ -99.245207548306382, 19.276512205909413 ], [ -99.24535765929771, 19.276738108527088 ], [ -99.245377132645544, 19.276920424371212 ], [ -99.245251659196271, 19.277766659561351 ], [ -99.245170268659251, 19.278059506306882 ], [ -99.244878030537464, 19.279056760711793 ], [ -99.244854273430491, 19.279123816574003 ], [ -99.244888615726865, 19.279587144338766 ], [ -99.244955371442686, 19.279962454004142 ], [ -99.244917839679857, 19.280035752635715 ], [ -99.244632786454162, 19.280232236622261 ], [ -99.244318289376992, 19.280255053948714 ], [ -99.24412647186135, 19.280393890167385 ], [ -99.243927016283877, 19.280561911090015 ], [ -99.2439347404014, 19.280591075487809 ], [ -99.24369696600229, 19.280817496723497 ], [ -99.243397840313776, 19.281109642471108 ], [ -99.243351948490684, 19.281240989775746 ], [ -99.243336780458165, 19.281372296156828 ], [ -99.243359898762961, 19.281423321106754 ], [ -99.243429156782724, 19.281510752976345 ], [ -99.243498414876271, 19.28159818481814 ], [ -99.243621601669361, 19.281794949885345 ], [ -99.24368327608083, 19.281948034848178 ], [ -99.24366808668124, 19.282064753921148 ], [ -99.243583800581121, 19.282203446142013 ], [ -99.243422747335842, 19.282371415310624 ], [ -99.243246310185938, 19.282524817465664 ], [ -99.24292377183437, 19.282569009411855 ], [ -99.242785653221105, 19.282664009966609 ], [ -99.242616735086699, 19.282707996387856 ], [ -99.242440049968792, 19.282693643551028 ], [ -99.242378633936326, 19.28271560605711 ], [ -99.242194621620044, 19.282941954011871 ], [ -99.241984604530614, 19.283177267829139 ], [ -99.242049228363001, 19.283314124141302 ], [ -99.24231811898963, 19.283350236117009 ], [ -99.242771817322676, 19.283699730274389 ], [ -99.242879535160824, 19.283823579593637 ], [ -99.242933496315132, 19.283954794003517 ], [ -99.242946586628761, 19.284181663711713 ], [ -99.242793645594332, 19.284320456968846 ], [ -99.242569957183818, 19.28435489839039 ], [ -99.242538089458776, 19.284419435503242 ], [ -99.242558161098728, 19.284483903664452 ], [ -99.24230316257254, 19.284962262339551 ], [ -99.241709202620314, 19.285881151575033 ], [ -99.241693688713369, 19.28619985228082 ], [ -99.241546404857985, 19.286571840603287 ], [ -99.241027362153787, 19.286870507266475 ], [ -99.24078815820279, 19.287116039993315 ], [ -99.240800799316816, 19.287349604361307 ], [ -99.241113849250226, 19.287733578817893 ], [ -99.241249103313791, 19.287949196656932 ], [ -99.241313248633219, 19.288104215597134 ], [ -99.241452009791956, 19.28828948227147 ], [ -99.241711743313402, 19.288636436093405 ], [ -99.241797225176867, 19.288811657522022 ], [ -99.241903944049781, 19.288939645327574 ], [ -99.242081653917609, 19.289047308092577 ], [ -99.242230945857656, 19.289148264730791 ], [ -99.242380237980029, 19.289249221243875 ], [ -99.24256495123835, 19.289289437875684 ], [ -99.242721206622932, 19.289295973955252 ], [ -99.242861289347857, 19.289292497608809 ], [ -99.242908774687919, 19.291271609742523 ], [ -99.242937422054098, 19.291433418868152 ], [ -99.242881024827028, 19.291703133155842 ], [ -99.242696246837369, 19.291636048515262 ], [ -99.242533053874411, 19.291676284393617 ], [ -99.242451818741699, 19.291755086187656 ], [ -99.242395906781965, 19.291883003710907 ], [ -99.242362911953904, 19.292026866146212 ], [ -99.242370222086606, 19.292095048555929 ], [ -99.242320606014246, 19.292162550729703 ], [ -99.242328144859627, 19.292459260620603 ], [ -99.24229862429614, 19.292495159573544 ], [ -99.242164972712317, 19.292580862449665 ], [ -99.242079855270759, 19.292655155258007 ], [ -99.241909471550457, 19.292702586446527 ], [ -99.241710748161196, 19.292797260420809 ], [ -99.241680209240954, 19.292850055537517 ], [ -99.241646996442299, 19.292911986554245 ], [ -99.241974075248592, 19.293167811586802 ], [ -99.241605382492295, 19.293593148593338 ], [ -99.241520373085905, 19.2937416209625 ], [ -99.241364429848019, 19.293950879747921 ], [ -99.24126512656143, 19.294038678189018 ], [ -99.2409385503626, 19.294126776550495 ], [ -99.240832114870713, 19.294194353267407 ], [ -99.24070431329605, 19.294221496285349 ], [ -99.240421516083458, 19.294053878631011 ], [ -99.240172701561264, 19.294082274815793 ], [ -99.240008329208408, 19.29424938679011 ], [ -99.239705504360074, 19.294397139535388 ], [ -99.239546183837476, 19.294421976432222 ], [ -99.239382304156976, 19.294510756370698 ], [ -99.239220348306375, 19.29450667871382 ], [ -99.239120999458294, 19.294564129706629 ], [ -99.238748168975462, 19.294621957796544 ], [ -99.238620458680103, 19.294682797985903 ], [ -99.238453525318448, 19.294662785124018 ], [ -99.23813637255931, 19.294532821201663 ], [ -99.238032406952087, 19.294450910017918 ], [ -99.23770652289916, 19.294260216568638 ], [ -99.237536817854661, 19.294309938961351 ], [ -99.237359090602737, 19.29419215643285 ], [ -99.237252660437889, 19.294283310727977 ], [ -99.237128349055169, 19.294249777067886 ], [ -99.236993376566303, 19.294229721363479 ], [ -99.236879793418325, 19.29426695871167 ], [ -99.236705971675505, 19.294395313141642 ], [ -99.236532009187684, 19.294425884887911 ], [ -99.236045455799371, 19.294413004067444 ], [ -99.235931901293753, 19.294470471695895 ], [ -99.235878733703615, 19.294521140697963 ], [ -99.235882373638816, 19.294602036550721 ], [ -99.235939393118301, 19.294723371382307 ], [ -99.236151897100427, 19.294940293113577 ], [ -99.236028751958401, 19.295127873982043 ], [ -99.235851227743311, 19.295151706054568 ], [ -99.235719810646302, 19.295135016641858 ], [ -99.235540283965875, 19.295036975300455 ], [ -99.235467562497419, 19.295054418441211 ], [ -99.235332734120803, 19.295135515848525 ], [ -99.235135383634628, 19.295297428960083 ], [ -99.234936253786671, 19.295372426709587 ], [ -99.234850316854647, 19.295465935249766 ], [ -99.234580093266857, 19.295664753319258 ], [ -99.234481752134599, 19.295682391741103 ], [ -99.234383419290936, 19.295705867474833 ], [ -99.234254479899946, 19.295822780423993 ], [ -99.234156528847421, 19.296114774806071 ], [ -99.233963017942031, 19.296275637112917 ], [ -99.233800174667039, 19.296272840519659 ], [ -99.233695759756159, 19.296343022673685 ], [ -99.233511579266988, 19.296524216910768 ], [ -99.233075498979588, 19.296822480150123 ], [ -99.233002004801094, 19.297021044689725 ], [ -99.232860825326625, 19.297178833898283 ], [ -99.232701218256324, 19.297348321230992 ], [ -99.232596958900217, 19.297529412681261 ], [ -99.232511118452578, 19.297692968494459 ], [ -99.232505168367581, 19.297833073061238 ], [ -99.232554632439005, 19.298031480804827 ], [ -99.232616310096873, 19.298171499227969 ], [ -99.232677954856783, 19.298288168172245 ], [ -99.232756277983285, 19.298468696531852 ], [ -99.232795203972586, 19.298597399554609 ], [ -99.232789245850569, 19.298731666751234 ], [ -99.232753075977513, 19.299239564376567 ], [ -99.232851642382457, 19.299379535668788 ], [ -99.232830606723653, 19.299592864393745 ], [ -99.232708738263582, 19.299783278559939 ], [ -99.232559206732162, 19.299877746927276 ], [ -99.232515034878887, 19.299866585666134 ], [ -99.232608244760598, 19.300046849602484 ], [ -99.232660290199092, 19.300121536480304 ], [ -99.233237129029177, 19.30078546700862 ], [ -99.23241847949518, 19.301338662521893 ], [ -99.232270646202579, 19.301438558835031 ], [ -99.232076952028294, 19.30160934958586 ], [ -99.231987753043029, 19.301692033359693 ], [ -99.231784705158816, 19.301934147891249 ], [ -99.231708991243181, 19.30212408845858 ], [ -99.231583397898618, 19.302856149318291 ], [ -99.231495575871861, 19.303368044185369 ], [ -99.231478306480142, 19.303573719001239 ], [ -99.231440887456372, 19.304007037822281 ], [ -99.231399308665345, 19.304488524943643 ], [ -99.231345429189417, 19.304623933864629 ], [ -99.231301282106529, 19.304689326663418 ], [ -99.231242362436703, 19.30473607049235 ], [ -99.231052854764812, 19.304840207313074 ], [ -99.231280534876561, 19.305223560874634 ], [ -99.229991325732655, 19.305816523950838 ], [ -99.229880195005563, 19.305906645635929 ], [ -99.229769064156514, 19.305996767253731 ], [ -99.229678905576918, 19.306250125835824 ], [ -99.229222019035873, 19.306432709953423 ], [ -99.228910293490983, 19.30637213611779 ], [ -99.227535073891957, 19.306947094060533 ], [ -99.227389144642217, 19.307116602548856 ], [ -99.227466230434288, 19.307243282078879 ], [ -99.227629428085109, 19.307466801757087 ], [ -99.227722534283515, 19.307650343904005 ], [ -99.227792519182145, 19.307900031835452 ], [ -99.226780137836883, 19.308812237570926 ], [ -99.226347840792315, 19.309069922783817 ], [ -99.225993458613402, 19.309301882918703 ], [ -99.225728663264348, 19.309437979163715 ], [ -99.225442708420829, 19.309688107853912 ], [ -99.225342243168939, 19.309780061058657 ], [ -99.225241777804698, 19.309872014208295 ], [ -99.225110088586874, 19.310409715951948 ], [ -99.225079009755362, 19.310639679731096 ], [ -99.224715864778958, 19.310735342127678 ], [ -99.224041317056773, 19.310913034381418 ], [ -99.222992457457138, 19.310995750551562 ], [ -99.221791372075828, 19.311112163263715 ], [ -99.220688147894222, 19.311193833885916 ] ] ] ] } },
{ "type": "Feature", "properties": { "ID": 6.0, "ENTIDAD": 9, "MUNICIPIO": 17, "NOMBRE": "VENUSTIANO CARRANZA", "CONTROL": 6.0, "GEOMETRY1_": null, "ClaveEnt": "09" }, "geometry": { "type": "MultiPolygon", "coordinates": [ [ [ [ -99.122141290799675, 19.45995063255145 ], [ -99.121970907409207, 19.459890395015265 ], [ -99.121888102186574, 19.459861119889215 ], [ -99.121541897524253, 19.459746697511996 ], [ -99.121110552764847, 19.45960413475208 ], [ -99.120799271063575, 19.459501252961161 ], [ -99.120330712344725, 19.459346388248203 ], [ -99.119828515488436, 19.459180310504301 ], [ -99.1193510171273, 19.459022581435942 ], [ -99.118841814595442, 19.458858868825967 ], [ -99.11836487781315, 19.458705528307448 ], [ -99.11789850892032, 19.458555583986914 ], [ -99.117629179335125, 19.458468989969465 ], [ -99.117294264320748, 19.458384210012852 ], [ -99.1171008418886, 19.458306048400637 ], [ -99.11703659249433, 19.458265807163198 ], [ -99.116808303222285, 19.458122822700894 ], [ -99.116681029562571, 19.458021300756148 ], [ -99.11622577036097, 19.457658153926083 ], [ -99.11607386590201, 19.457537813665592 ], [ -99.115751223727003, 19.45728234844222 ], [ -99.115347179511147, 19.456964095396707 ], [ -99.114912884657201, 19.456622012457395 ], [ -99.114541028282417, 19.456329108726912 ], [ -99.114458165247655, 19.45626852107933 ], [ -99.114412470766169, 19.45623511023333 ], [ -99.114390710941336, 19.456219199897028 ], [ -99.114356477455772, 19.456194169064993 ], [ -99.114330729457265, 19.45617534264008 ], [ -99.11427074800541, 19.456131485362832 ], [ -99.11422723873855, 19.456094987807372 ], [ -99.113817691948952, 19.455751439976517 ], [ -99.113528694461053, 19.455509013342358 ], [ -99.11339709554818, 19.455400517890411 ], [ -99.112966794297677, 19.455045758494698 ], [ -99.112931838314381, 19.455016939121403 ], [ -99.112637416506658, 19.454774203118774 ], [ -99.112511087751102, 19.454670051029467 ], [ -99.112194905160109, 19.454437096585622 ], [ -99.11211554965513, 19.454384597809401 ], [ -99.111918260409425, 19.454254077971033 ], [ -99.111483597175294, 19.454058665931623 ], [ -99.111070913450234, 19.453911118470579 ], [ -99.110838243170463, 19.453846728125303 ], [ -99.110588384580453, 19.453796301579764 ], [ -99.110383900027514, 19.453753328734766 ], [ -99.110149046893724, 19.453705592427006 ], [ -99.109731215992923, 19.453574649994348 ], [ -99.10936311429893, 19.453302218300134 ], [ -99.108972230050739, 19.452929829313454 ], [ -99.108896539192642, 19.452915849609731 ], [ -99.108721061442296, 19.452840666217028 ], [ -99.108545737114511, 19.452765419656995 ], [ -99.107897966028574, 19.45254076378616 ], [ -99.107261791916386, 19.452303653505489 ], [ -99.106822446343799, 19.452141783601878 ], [ -99.106613834959376, 19.452057444573107 ], [ -99.105990493412961, 19.451810657388545 ], [ -99.105364366100574, 19.45157748654357 ], [ -99.104729419100224, 19.451338720765524 ], [ -99.104283131696945, 19.451171647714787 ], [ -99.104083006739614, 19.451090601706873 ], [ -99.103460023977107, 19.450832007752744 ], [ -99.103036241514843, 19.450673751722693 ], [ -99.102556567411625, 19.450486305482201 ], [ -99.101959482514161, 19.450239031525712 ], [ -99.101792564950642, 19.450187404614734 ], [ -99.101376314862478, 19.450058647711202 ], [ -99.100927873107935, 19.449953386321734 ], [ -99.100449306893196, 19.449918579297279 ], [ -99.099864700892923, 19.449994547823117 ], [ -99.099083940940687, 19.450256798449537 ], [ -99.098487538205973, 19.450508189711812 ], [ -99.097981575753479, 19.450718508020326 ], [ -99.097442913990022, 19.450944836278012 ], [ -99.096743600211568, 19.451192820861802 ], [ -99.096033780843456, 19.451455951149534 ], [ -99.095392738714395, 19.451694924382746 ], [ -99.094808725935152, 19.451881019148274 ], [ -99.094248011405739, 19.451945047879843 ], [ -99.093799965459766, 19.451913693305141 ], [ -99.093469948124422, 19.451824846243554 ], [ -99.093176246202489, 19.45171587921898 ], [ -99.09297184875588, 19.451612684759084 ], [ -99.092706562481069, 19.451427244529111 ], [ -99.09245901131915, 19.45123712124445 ], [ -99.09211202126653, 19.45092019124197 ], [ -99.091847134730116, 19.450664507635263 ], [ -99.091736897961567, 19.450557537630605 ], [ -99.091322454846988, 19.450155374281209 ], [ -99.090998807205679, 19.449841314120686 ], [ -99.09080427877457, 19.449652550511878 ], [ -99.090638723363668, 19.449491900799181 ], [ -99.090424012626102, 19.449293960746861 ], [ -99.09007419538618, 19.448971465541707 ], [ -99.089711741416494, 19.448637318509171 ], [ -99.089389229896, 19.448339992725394 ], [ -99.088972759330034, 19.447968905226233 ], [ -99.088623269254271, 19.44767394511442 ], [ -99.088414174237684, 19.447476599024725 ], [ -99.087916765176772, 19.447007136177039 ], [ -99.087448813342831, 19.446537800391315 ], [ -99.087317888201227, 19.44634376212953 ], [ -99.087276835826131, 19.446279747373008 ], [ -99.087253353802581, 19.446243130803797 ], [ -99.08713142113271, 19.445974439440864 ], [ -99.087122106682187, 19.445953914036824 ], [ -99.087086804437874, 19.445876407719606 ], [ -99.087045379754699, 19.445785804958408 ], [ -99.087019088819687, 19.445728445001578 ], [ -99.086719729631255, 19.445946302685563 ], [ -99.086688999629004, 19.445962959281452 ], [ -99.085799011549128, 19.446616345543053 ], [ -99.085275203939958, 19.446997536445295 ], [ -99.08445439336289, 19.447514849900504 ], [ -99.083631809671942, 19.448032980173817 ], [ -99.083524436657129, 19.448109688591757 ], [ -99.082068978968294, 19.449147123766284 ], [ -99.081102205848993, 19.449810211012821 ], [ -99.080690075943522, 19.45009287813825 ], [ -99.080463795139678, 19.45009411545924 ], [ -99.080260191532204, 19.450077474992604 ], [ -99.080050939009979, 19.450019681437002 ], [ -99.07987365275963, 19.44996463004393 ], [ -99.07972252231086, 19.449915079937913 ], [ -99.079507458411271, 19.449857288307079 ], [ -99.079376674735769, 19.449818754901361 ], [ -99.079190687320903, 19.449796784371877 ], [ -99.078926241048762, 19.449774847805241 ], [ -99.078757694373138, 19.449763895151172 ], [ -99.078507772331278, 19.449730925758502 ], [ -99.078395877898288, 19.449693761706946 ], [ -99.078249262449702, 19.449647675325583 ], [ -99.078023885324711, 19.44959234379008 ], [ -99.077981340447096, 19.449597876647147 ], [ -99.077822337836437, 19.449612070257245 ], [ -99.076882429870693, 19.449285659510668 ], [ -99.07572168049056, 19.448904266446814 ], [ -99.074472529644211, 19.448468923030557 ], [ -99.074015646605702, 19.448311867530997 ], [ -99.070506321905327, 19.447105473566406 ], [ -99.069858680768959, 19.446876137273151 ], [ -99.069725289802363, 19.446829000622099 ], [ -99.06927617313174, 19.446669862879446 ], [ -99.068787008751045, 19.446508956123633 ], [ -99.06837365630966, 19.446402092296026 ], [ -99.068245955737595, 19.446397294961791 ], [ -99.068115647511959, 19.44640443652327 ], [ -99.067959007025621, 19.446426717917543 ], [ -99.067824477602727, 19.446469795143269 ], [ -99.0676906472345, 19.446514281371446 ], [ -99.067581635816182, 19.446550191256538 ], [ -99.067250126504376, 19.446679299038291 ], [ -99.067215412665846, 19.446655303911733 ], [ -99.067169181078668, 19.446623414578884 ], [ -99.067092090929137, 19.446583430559254 ], [ -99.067048282365818, 19.446560708534786 ], [ -99.067015000817307, 19.446543446506489 ], [ -99.066823102673283, 19.446474470993444 ], [ -99.065306780061348, 19.445943351057501 ], [ -99.065205560980431, 19.445906475180287 ], [ -99.064741711732495, 19.445747600971774 ], [ -99.064704286380191, 19.445686439456903 ], [ -99.064104081132314, 19.445483136670472 ], [ -99.063983607907318, 19.445444289389336 ], [ -99.063491129177351, 19.445275226600693 ], [ -99.063372757297174, 19.445235474394202 ], [ -99.062899407652907, 19.445075008631918 ], [ -99.062753658937709, 19.445027793740081 ], [ -99.062649872291999, 19.444991963096918 ], [ -99.062564493191132, 19.444960641560364 ], [ -99.062498605380199, 19.44494476711747 ], [ -99.062243535426518, 19.44485177757219 ], [ -99.062098341200013, 19.444905422118953 ], [ -99.061526176815477, 19.445120066222991 ], [ -99.061447534350251, 19.445145872230949 ], [ -99.060534851195911, 19.445486797990355 ], [ -99.060454185249753, 19.445512873716041 ], [ -99.0603842041306, 19.445538728583088 ], [ -99.059607119435796, 19.445825823959929 ], [ -99.059548413576337, 19.445847512771806 ], [ -99.059479956586088, 19.445872804096279 ], [ -99.058607165482854, 19.446195252406337 ], [ -99.057897525271997, 19.446461446425612 ], [ -99.057028489899523, 19.446782148838398 ], [ -99.056978788255776, 19.446800474629811 ], [ -99.056557442027383, 19.446953990808325 ], [ -99.05632700478192, 19.447037949360283 ], [ -99.056262295817888, 19.447061525649701 ], [ -99.055440574661205, 19.447365087557667 ], [ -99.054663241026475, 19.447652247266397 ], [ -99.054642977562068, 19.447663441423103 ], [ -99.054029731710358, 19.447890016054007 ], [ -99.053953472504304, 19.44791818706004 ], [ -99.053656429246814, 19.448027886020189 ], [ -99.052864402692137, 19.448317728205748 ], [ -99.052581363941698, 19.448421305171127 ], [ -99.052489222812227, 19.44851490144729 ], [ -99.052397081577084, 19.448608497675934 ], [ -99.051057835735762, 19.44996887394117 ], [ -99.051030352942419, 19.450000292237668 ], [ -99.050955644101037, 19.450085725771171 ], [ -99.050926765663377, 19.450121460606294 ], [ -99.050822213649809, 19.450233585255251 ], [ -99.050866264491859, 19.450331430257343 ], [ -99.050759616340031, 19.45047771787161 ], [ -99.050471423439262, 19.44979255183187 ], [ -99.049067805182318, 19.446455413656683 ], [ -99.04844129249814, 19.445076486503766 ], [ -99.04820291328565, 19.444551817176979 ], [ -99.047546188230513, 19.442975714567876 ], [ -99.047526987942348, 19.442929634062899 ], [ -99.047507787667485, 19.44288355438399 ], [ -99.047469387147899, 19.442791394190944 ], [ -99.046924545340914, 19.441437223407998 ], [ -99.046906234367071, 19.441390152293774 ], [ -99.04688960939626, 19.441347415278685 ], [ -99.046762991836871, 19.441021924798669 ], [ -99.047688774148398, 19.440307961045232 ], [ -99.04798455642036, 19.439925844801405 ], [ -99.048311738735293, 19.439481930858165 ], [ -99.049744326285392, 19.436338180184205 ], [ -99.051049736319442, 19.433473386667529 ], [ -99.051684183623294, 19.43208101355459 ], [ -99.052085453505484, 19.431256592317297 ], [ -99.052190050718963, 19.430895409764108 ], [ -99.052294647471939, 19.430534227137276 ], [ -99.052309147384634, 19.430484157415897 ], [ -99.052323647288461, 19.430434087693012 ], [ -99.052419854451983, 19.430101873230733 ], [ -99.052437225829195, 19.430041887706054 ], [ -99.052441310759548, 19.430012924372207 ], [ -99.052594221856609, 19.429673488557444 ], [ -99.054128977139783, 19.426266510018031 ], [ -99.05427301626311, 19.425946750997436 ], [ -99.055269987451325, 19.423781603908612 ], [ -99.056044446880605, 19.42214615691206 ], [ -99.056066444533215, 19.422099157727853 ], [ -99.05608844217322, 19.422052158540854 ], [ -99.056263337270281, 19.421797894905353 ], [ -99.056476525275173, 19.421590310742005 ], [ -99.056755318331739, 19.421346390185512 ], [ -99.056951783135702, 19.421208564292865 ], [ -99.057225142980585, 19.421068403716152 ], [ -99.057575069498014, 19.420964534123701 ], [ -99.057883581967332, 19.420928549270776 ], [ -99.057980377358533, 19.42092945951693 ], [ -99.058669034966826, 19.420935934037725 ], [ -99.059843910939961, 19.420928205897827 ], [ -99.059881010030722, 19.420929902651547 ], [ -99.059916523360599, 19.420927567198227 ], [ -99.059936294398014, 19.420927737185337 ], [ -99.060025914852048, 19.420928507695912 ], [ -99.060221089131389, 19.420925396440186 ], [ -99.060703454069454, 19.420917705910171 ], [ -99.061619377278532, 19.420900945349967 ], [ -99.063691883357649, 19.420889294365931 ], [ -99.064152348699594, 19.420885271038401 ], [ -99.064840640136865, 19.420873815172527 ], [ -99.064871097627318, 19.42087330818023 ], [ -99.065757416879222, 19.420858552362805 ], [ -99.067875478583161, 19.420809390034588 ], [ -99.067928258470502, 19.42080876946719 ], [ -99.067961760586002, 19.420805331039887 ], [ -99.068238263435916, 19.420776952443077 ], [ -99.068555386368587, 19.420704201729791 ], [ -99.068943564429574, 19.420558792211747 ], [ -99.069233310710899, 19.420403043510579 ], [ -99.069594115811682, 19.420185011736649 ], [ -99.069725304756204, 19.420076014478489 ], [ -99.06990021420475, 19.419909932856356 ], [ -99.069976712552332, 19.419780204653442 ], [ -99.070266313775463, 19.419292425547333 ], [ -99.070391013459783, 19.419111656155462 ], [ -99.07063997648207, 19.418750748457757 ], [ -99.070668266247722, 19.418686536520497 ], [ -99.071191353240408, 19.417884420866791 ], [ -99.071202706381541, 19.417866593991381 ], [ -99.071949003343633, 19.416694736988617 ], [ -99.072214757322982, 19.416278756083582 ], [ -99.072621431808798, 19.41560286603459 ], [ -99.072965681291507, 19.415078744923679 ], [ -99.073107062252788, 19.414896925120768 ], [ -99.073119147016243, 19.414881383758765 ], [ -99.073167594016454, 19.414819079450677 ], [ -99.07327433019708, 19.414644115189173 ], [ -99.073288923612253, 19.41462114875727 ], [ -99.073343980563962, 19.41453450264164 ], [ -99.073413630837649, 19.414424890066474 ], [ -99.073446523084669, 19.414373125616248 ], [ -99.073495576267703, 19.414295743226354 ], [ -99.073968844442874, 19.413551112777057 ], [ -99.074577599507151, 19.412593060929421 ], [ -99.074973059463787, 19.411967422858872 ], [ -99.07505430980909, 19.411838879915106 ], [ -99.075403101537376, 19.411288919929753 ], [ -99.07559860319526, 19.410989346754789 ], [ -99.076670473014488, 19.409330852060339 ], [ -99.076713867548833, 19.409256475231533 ], [ -99.076769297615542, 19.409145976288723 ], [ -99.076788278508559, 19.409110537271594 ], [ -99.076807330277134, 19.409074826695814 ], [ -99.076840473593677, 19.409012823786906 ], [ -99.076866610241552, 19.408968852503996 ], [ -99.076895515254336, 19.408916059274038 ], [ -99.076984947720987, 19.408742686668063 ], [ -99.077077043223412, 19.408570259252041 ], [ -99.0770950765679, 19.408536523116684 ], [ -99.077112321567483, 19.408507348224433 ], [ -99.077162796183842, 19.408428561318026 ], [ -99.077190656635523, 19.408382391581455 ], [ -99.077211895675632, 19.408341791372568 ], [ -99.077307620015674, 19.408190260737047 ], [ -99.077840627392916, 19.407352351806768 ], [ -99.077910978072325, 19.4072368721007 ], [ -99.077941766181283, 19.407204242624747 ], [ -99.078096435844557, 19.407129754251176 ], [ -99.078205773444807, 19.407077657701173 ], [ -99.078440103940636, 19.407030351196074 ], [ -99.078660056608356, 19.407032740629457 ], [ -99.078770515651755, 19.407036036253327 ], [ -99.078921546530822, 19.407033683783578 ], [ -99.079043565511057, 19.40704418260081 ], [ -99.079455889163114, 19.406959791481075 ], [ -99.079835884991653, 19.406908113797051 ], [ -99.080189547239144, 19.406933706612786 ], [ -99.080668411037308, 19.406990399050603 ], [ -99.081013033635344, 19.407032159232664 ], [ -99.081222558519542, 19.407057548407916 ], [ -99.081556691943035, 19.407109739505298 ], [ -99.083630958529625, 19.407390222529262 ], [ -99.085560204289095, 19.407657125169262 ], [ -99.087489456258055, 19.407924007295989 ], [ -99.09028458196633, 19.408351708097381 ], [ -99.090391755686682, 19.408366342018315 ], [ -99.091212761199657, 19.40847844315153 ], [ -99.091895321781564, 19.408568162391813 ], [ -99.092016432351443, 19.408577417981952 ], [ -99.092726099774737, 19.408675194994178 ], [ -99.093072844349152, 19.408721305774765 ], [ -99.093768340619661, 19.408813792172225 ], [ -99.093965479591049, 19.408841026339807 ], [ -99.094378810159185, 19.408898126014471 ], [ -99.096250877784428, 19.409155355153757 ], [ -99.096468583223725, 19.409164739633461 ], [ -99.097034464494598, 19.409189131465617 ], [ -99.09715063454631, 19.409188639281791 ], [ -99.097511944431872, 19.409185965029728 ], [ -99.097945049884103, 19.409149220061806 ], [ -99.098021881154722, 19.409141291476757 ], [ -99.09813614895225, 19.409129499576583 ], [ -99.099148868244995, 19.40896170641771 ], [ -99.099205387677486, 19.408952341776626 ], [ -99.100080796452858, 19.408803672221847 ], [ -99.100863819548437, 19.408663398461609 ], [ -99.101422520710997, 19.408608820909262 ], [ -99.101915185031629, 19.408483314680183 ], [ -99.103028096155896, 19.408232225932537 ], [ -99.103112420157188, 19.408210359267898 ], [ -99.103685843841106, 19.408061659446233 ], [ -99.103614635253194, 19.407994942590797 ], [ -99.103496530422802, 19.407884287455381 ], [ -99.103407330286018, 19.407800713641603 ], [ -99.103902141731794, 19.407691329792222 ], [ -99.105976894428721, 19.407232665218825 ], [ -99.10669815429074, 19.407073210501256 ], [ -99.107082577679691, 19.406992807509322 ], [ -99.108235842903028, 19.406747584818358 ], [ -99.111095765506036, 19.406152550116634 ], [ -99.112248761131681, 19.405916416981363 ], [ -99.113157267064423, 19.4057303496262 ], [ -99.113510518478833, 19.405528097936457 ], [ -99.113687028522151, 19.40555924618663 ], [ -99.113845854128016, 19.405609654271743 ], [ -99.113887997950513, 19.40573872489923 ], [ -99.11390591720847, 19.405793604759726 ], [ -99.114340944001981, 19.405720078241202 ], [ -99.114761570365673, 19.405647146139717 ], [ -99.115280015999133, 19.405596582853505 ], [ -99.117206054103633, 19.405583225225641 ], [ -99.118513211103306, 19.405584109786645 ], [ -99.11895071966552, 19.405555282700806 ], [ -99.119508207311355, 19.405471533775515 ], [ -99.120427772355114, 19.405303271098628 ], [ -99.121026984724054, 19.405200597837549 ], [ -99.121023353332561, 19.405095234745424 ], [ -99.121017990144736, 19.404939624136443 ], [ -99.121112732428841, 19.404717220896082 ], [ -99.121486113878703, 19.404640358247928 ], [ -99.121625670179171, 19.404663802971918 ], [ -99.121940352500062, 19.404716667527104 ], [ -99.122154709029971, 19.404715575155517 ], [ -99.122263588409197, 19.4048805838333 ], [ -99.12229594916073, 19.404966847808957 ], [ -99.123261797089867, 19.404792809554543 ], [ -99.125681041270667, 19.404353271177396 ], [ -99.12568620668182, 19.404419001671162 ], [ -99.125697829602473, 19.404566904566824 ], [ -99.125825246021208, 19.40523183057828 ], [ -99.126166279861977, 19.406824601927038 ], [ -99.126711732598125, 19.408942687277577 ], [ -99.127459827906691, 19.411042841952113 ], [ -99.12771986923147, 19.412282331111157 ], [ -99.127856515184831, 19.413388289313136 ], [ -99.127866404910961, 19.413468332233073 ], [ -99.128001494543938, 19.413640087418955 ], [ -99.128168473651797, 19.413717470819659 ], [ -99.128039146188627, 19.414611259328371 ], [ -99.127899745364218, 19.415576587432831 ], [ -99.127840906994749, 19.415984030193929 ], [ -99.12762283453101, 19.41743540985955 ], [ -99.127406887482664, 19.418685341478287 ], [ -99.127354498332224, 19.419031536385983 ], [ -99.127162494172978, 19.420300314488866 ], [ -99.12713303937069, 19.42049495232618 ], [ -99.1265875056352, 19.421710953869916 ], [ -99.126091099088583, 19.422817433138086 ], [ -99.126056546954828, 19.422882086446712 ], [ -99.126021485889254, 19.422947217590139 ], [ -99.125961174282111, 19.42305966028545 ], [ -99.125900374863377, 19.423490543316234 ], [ -99.125856654407244, 19.423800387029555 ], [ -99.125787655729752, 19.424366379664114 ], [ -99.125665821977236, 19.425365766252707 ], [ -99.125658789735951, 19.425423450453582 ], [ -99.125645790194596, 19.425530083229045 ], [ -99.125640198713, 19.425574722468472 ], [ -99.125632790636715, 19.425636716002511 ], [ -99.125628597233856, 19.42566650668179 ], [ -99.125598426164402, 19.425880847002482 ], [ -99.125512378007144, 19.426492144420866 ], [ -99.125504331367353, 19.426556146049887 ], [ -99.125467516456339, 19.426810844968781 ], [ -99.125345113779289, 19.427683244998292 ], [ -99.125236584448317, 19.428348952060972 ], [ -99.125176676960791, 19.428755581635155 ], [ -99.125111351729302, 19.42919898252444 ], [ -99.124994837882028, 19.429830784990234 ], [ -99.124845813463622, 19.430840541332959 ], [ -99.1247861914119, 19.431231033296619 ], [ -99.124773844417803, 19.431311899149772 ], [ -99.124672995684321, 19.431972398526764 ], [ -99.124537863527024, 19.432817391434821 ], [ -99.12436668299506, 19.4339535071461 ], [ -99.12421949962625, 19.434731159462565 ], [ -99.124082747705216, 19.435591142718 ], [ -99.12395113633228, 19.436429526816372 ], [ -99.12378589709067, 19.437490342874764 ], [ -99.123613074307286, 19.438639563879249 ], [ -99.123409973493111, 19.439598729550852 ], [ -99.123335453311057, 19.44020000767668 ], [ -99.123254847313333, 19.440860170373384 ], [ -99.123167123419591, 19.4415749477091 ], [ -99.123022078755938, 19.442634809464025 ], [ -99.123661458803966, 19.443552580033302 ], [ -99.123699070486595, 19.443609335973935 ], [ -99.123723991237512, 19.443648319099452 ], [ -99.124199993107155, 19.444392916800215 ], [ -99.124363584219978, 19.444753687596783 ], [ -99.124439316500414, 19.444920700930638 ], [ -99.124451719014445, 19.44495955522989 ], [ -99.124566107620268, 19.445317908188546 ], [ -99.125371028745207, 19.446642556628067 ], [ -99.12556302052846, 19.446938927501254 ], [ -99.125673087045215, 19.447108832675831 ], [ -99.125937578241988, 19.447676145610838 ], [ -99.125868666529769, 19.448225855007657 ], [ -99.125861663020657, 19.448281721862539 ], [ -99.125670292778565, 19.449247394438039 ], [ -99.125551879835172, 19.449844911712852 ], [ -99.125455356539447, 19.450198815428354 ], [ -99.125217278788142, 19.451069128353257 ], [ -99.125054442436451, 19.451454484976139 ], [ -99.125025519638768, 19.451522931352176 ], [ -99.124874152159322, 19.451853440006264 ], [ -99.124779992624198, 19.452002210641773 ], [ -99.124440849592318, 19.453353515735081 ], [ -99.124254477381598, 19.454116406518761 ], [ -99.124148671035385, 19.454549508004991 ], [ -99.124089269312108, 19.454792658501333 ], [ -99.123784489036922, 19.456040211245295 ], [ -99.123711850466847, 19.456337538787214 ], [ -99.123675887940919, 19.45648474184523 ], [ -99.123547178225124, 19.457027169727684 ], [ -99.123537010400312, 19.457070020350542 ], [ -99.123311752348059, 19.457872837377632 ], [ -99.123132384986334, 19.45851209469231 ], [ -99.122394709738884, 19.459638023420894 ], [ -99.122272449701185, 19.45978871292305 ], [ -99.122141290799675, 19.45995063255145 ] ] ] ] } },
{ "type": "Feature", "properties": { "ID": 13.0, "ENTIDAD": 9, "MUNICIPIO": 13, "NOMBRE": "XOCHIMILCO", "CONTROL": 16.0, "GEOMETRY1_": null, "ClaveEnt": "09" }, "geometry": { "type": "MultiPolygon", "coordinates": [ [ [ [ -99.098781452643365, 19.320493983537855 ], [ -99.098889886134728, 19.320327740642963 ], [ -99.098814416608064, 19.319787646093921 ], [ -99.098728328940553, 19.319441190703259 ], [ -99.098749523362386, 19.318982573622414 ], [ -99.098727888346502, 19.31870742195499 ], [ -99.097975815218902, 19.317647938740354 ], [ -99.097535331324579, 19.317046891705395 ], [ -99.097223751800854, 19.316588452259762 ], [ -99.09681551361048, 19.316048533649376 ], [ -99.096546966445842, 19.31574293874818 ], [ -99.095698327204062, 19.31471407048916 ], [ -99.095547947790465, 19.314551089429866 ], [ -99.094409271868287, 19.31314529062718 ], [ -99.092395558314323, 19.310616879726584 ], [ -99.090885059329167, 19.308720236783685 ], [ -99.090447826248337, 19.308171218834037 ], [ -99.089949948441031, 19.307546045671891 ], [ -99.089717344821011, 19.30725396879707 ], [ -99.089394474598336, 19.306848543270913 ], [ -99.089128744928743, 19.306514866727536 ], [ -99.088800805763213, 19.306103071343433 ], [ -99.088057149060759, 19.305169246770799 ], [ -99.087717061109259, 19.304742186949628 ], [ -99.087656314330133, 19.304678609829377 ], [ -99.087202473187446, 19.304203620902626 ], [ -99.087056424309523, 19.304050765706553 ], [ -99.086874775265471, 19.303841593342334 ], [ -99.086628360884603, 19.303557841298421 ], [ -99.086599295865241, 19.303524372147262 ], [ -99.086342378386021, 19.303228523961916 ], [ -99.086105089020819, 19.302955276860406 ], [ -99.085858641175648, 19.302671482145197 ], [ -99.085612194181138, 19.302387687085197 ], [ -99.08550272595582, 19.302261628959442 ], [ -99.085312453678469, 19.302035161548311 ], [ -99.085077401024989, 19.301755394129685 ], [ -99.084812849072563, 19.301440514158095 ], [ -99.084548279959932, 19.301125656462165 ], [ -99.084029389620511, 19.300508000990632 ], [ -99.083783884554748, 19.300215785517619 ], [ -99.083545018668673, 19.29993147108544 ], [ -99.083393171735239, 19.299750731852477 ], [ -99.083241850662745, 19.299592842268847 ], [ -99.083119820378499, 19.299465514606684 ], [ -99.082557521760648, 19.298819096523832 ], [ -99.082281504276139, 19.298501784508542 ], [ -99.080416289218803, 19.296296406663838 ], [ -99.080009491086955, 19.29579544989469 ], [ -99.079730669769987, 19.295452089506131 ], [ -99.079233612403016, 19.294839973079068 ], [ -99.079007130518761, 19.294561063090139 ], [ -99.078701948486128, 19.294185232762235 ], [ -99.078084638767052, 19.293425011692811 ], [ -99.077894046593912, 19.293190294292113 ], [ -99.077811122505665, 19.293088031199741 ], [ -99.076982866349212, 19.292066605528046 ], [ -99.076908531566744, 19.291977448808179 ], [ -99.076066867308782, 19.290968615352188 ], [ -99.075330259746806, 19.290078915236538 ], [ -99.075041558809744, 19.289693189415601 ], [ -99.074501200414602, 19.289327670554083 ], [ -99.072433441332691, 19.287928930147849 ], [ -99.072183944256906, 19.287696524358033 ], [ -99.072035634785237, 19.287572490790144 ], [ -99.071411406980289, 19.287050435764279 ], [ -99.069094011017881, 19.284839888107964 ], [ -99.06890192828844, 19.284688016503988 ], [ -99.068490345289561, 19.284414671789552 ], [ -99.065938598673938, 19.282813684844957 ], [ -99.064555280955943, 19.281948096902457 ], [ -99.062787105825635, 19.281313282653045 ], [ -99.059747400832165, 19.280221909288564 ], [ -99.059409618390788, 19.280100464020141 ], [ -99.058924950308793, 19.279926970375801 ], [ -99.058518018325898, 19.279796863207597 ], [ -99.058021930358862, 19.279645077136632 ], [ -99.057654286719412, 19.279545586714502 ], [ -99.057440881499289, 19.279483625455839 ], [ -99.056744093353672, 19.279409408985646 ], [ -99.055233218874235, 19.279338357729078 ], [ -99.054716858484525, 19.279314072188306 ], [ -99.054434592424812, 19.279237141419998 ], [ -99.053762970283245, 19.278978569618008 ], [ -99.053225881995459, 19.278754975346772 ], [ -99.05249109920598, 19.278449075676821 ], [ -99.051929767963045, 19.278141175744086 ], [ -99.050661088930056, 19.277402187064482 ], [ -99.049148416139204, 19.276464236518802 ], [ -99.048865819123392, 19.276305002803927 ], [ -99.048229969857715, 19.275919475026676 ], [ -99.047938554772728, 19.275793781033869 ], [ -99.047258614410993, 19.275592725045474 ], [ -99.047199372132752, 19.275571270416744 ], [ -99.04610181505339, 19.275173784926903 ], [ -99.045386544909206, 19.274914037878538 ], [ -99.044353398441373, 19.274604057157301 ], [ -99.041788218930918, 19.273870999252939 ], [ -99.041558644479167, 19.273845897452873 ], [ -99.041103866646949, 19.273619613030153 ], [ -99.040896338385224, 19.273481311809658 ], [ -99.040419485607202, 19.2732424535393 ], [ -99.040291424934168, 19.273108326392897 ], [ -99.038394612893214, 19.272002337376357 ], [ -99.037692128215284, 19.271808604653852 ], [ -99.037421448612918, 19.271718536796559 ], [ -99.037302820615395, 19.271679100101078 ], [ -99.037272074195101, 19.271668868646543 ], [ -99.037160961380408, 19.271654717827285 ], [ -99.03586393697843, 19.270601901665 ], [ -99.034424203271954, 19.268519412643364 ], [ -99.033601575900022, 19.267630050971945 ], [ -99.032642188971664, 19.266778704827939 ], [ -99.032550494049218, 19.266697335345608 ], [ -99.030539674558113, 19.264441351595117 ], [ -99.030535459429544, 19.264422584455414 ], [ -99.030242444791909, 19.263117976015668 ], [ -99.029602676387256, 19.262510606869938 ], [ -99.029514939508914, 19.262488944595844 ], [ -99.026938897771018, 19.261852897424028 ], [ -99.0267926416591, 19.261816784277023 ], [ -99.026741368575671, 19.261831904304199 ], [ -99.026278761494211, 19.261968322701112 ], [ -99.026130173444784, 19.262012139597079 ], [ -99.025833224695035, 19.262229136743869 ], [ -99.022314999509462, 19.261361779986586 ], [ -99.021012810867404, 19.261058197253838 ], [ -99.020321765662374, 19.260935225092535 ], [ -99.020281764652083, 19.260928106788562 ], [ -99.01973351318847, 19.261101730759929 ], [ -99.018796840920899, 19.260754701431981 ], [ -99.017540331981238, 19.260255829735591 ], [ -99.016649362572423, 19.259952175986545 ], [ -99.01661181599205, 19.259926123411965 ], [ -99.016239070267829, 19.259667484188807 ], [ -99.016055364375731, 19.259540014542281 ], [ -99.015453951899886, 19.259213703522946 ], [ -99.015415686373643, 19.259192941516577 ], [ -99.014524724699427, 19.258867581870977 ], [ -99.013905931932484, 19.258583283292101 ], [ -99.013816521308598, 19.258542204158061 ], [ -99.013580701767111, 19.258399143286368 ], [ -99.012994085532313, 19.258043267786562 ], [ -99.012532065777378, 19.257560673532339 ], [ -99.012308703793849, 19.257327363431802 ], [ -99.012200977494032, 19.257175266476956 ], [ -99.011982257181486, 19.256866457872171 ], [ -99.01173975288367, 19.256699704713625 ], [ -99.011794087266949, 19.2564574892642 ], [ -99.011834314145659, 19.256278162720637 ], [ -99.011848421490896, 19.2562152737924 ], [ -99.011739770259439, 19.256071373348377 ], [ -99.011705243731555, 19.256025645473439 ], [ -99.011628040089747, 19.255923394748972 ], [ -99.011530644627982, 19.255794401168238 ], [ -99.01148132293298, 19.255757601670847 ], [ -99.01129650356404, 19.255619705497811 ], [ -99.011271644230831, 19.255606509790614 ], [ -99.011250168934041, 19.255595110376344 ], [ -99.011216106257336, 19.255577029380788 ], [ -99.010761150985459, 19.255335531095433 ], [ -99.010701300110753, 19.2553037610578 ], [ -99.009721751595691, 19.25441318235557 ], [ -99.007043445900223, 19.251574185755839 ], [ -99.007381533742176, 19.250912455470168 ], [ -99.007436234144777, 19.25080539127422 ], [ -99.007477194350727, 19.250725220436205 ], [ -99.007516021335576, 19.250683590138458 ], [ -99.008358572597089, 19.249780199329866 ], [ -99.008373864813038, 19.24976380275492 ], [ -99.008415002595044, 19.249719694100293 ], [ -99.008939436021961, 19.249157384446114 ], [ -99.008963761355375, 19.249131302130557 ], [ -99.00898530158878, 19.249108206069028 ], [ -99.009125620275881, 19.248957752090341 ], [ -99.009159611960342, 19.248921305111139 ], [ -99.009599644633781, 19.248449485866082 ], [ -99.009653617477738, 19.2483916139341 ], [ -99.009735458924226, 19.248303860016815 ], [ -99.009929820785771, 19.248095456349652 ], [ -99.01026851327633, 19.247732293026957 ], [ -99.010307178294241, 19.247690834284928 ], [ -99.010843626477794, 19.247115622260434 ], [ -99.010886181527255, 19.247069991935152 ], [ -99.01110610195596, 19.246834178211753 ], [ -99.011138027157287, 19.24679994574916 ], [ -99.011631774218671, 19.246270512638741 ], [ -99.011692052162132, 19.246205877722566 ], [ -99.012066685569195, 19.245804163707316 ], [ -99.012107234250891, 19.245760683774826 ], [ -99.012640263869443, 19.245189118638361 ], [ -99.012717173887964, 19.245106647931955 ], [ -99.012957739588686, 19.244848688293597 ], [ -99.013003577161939, 19.24479953633811 ], [ -99.013506696812854, 19.244260034866894 ], [ -99.01355201296704, 19.244211441547563 ], [ -99.013781422139829, 19.243965441390856 ], [ -99.013822675522334, 19.243921204434592 ], [ -99.014098343925227, 19.243625597977513 ], [ -99.014153272921305, 19.243566695997458 ], [ -99.014396961433206, 19.243305380920528 ], [ -99.014677075634211, 19.24300500396734 ], [ -99.016212957336137, 19.241357993267069 ], [ -99.016238062749778, 19.241331070964488 ], [ -99.016252143784726, 19.241315970873941 ], [ -99.016847486037449, 19.24067753969528 ], [ -99.016918693789364, 19.240601177696185 ], [ -99.017023000625613, 19.240593048273986 ], [ -99.017099450348113, 19.240407336949488 ], [ -99.017139416938704, 19.240310250105804 ], [ -99.017342195617076, 19.240049115003814 ], [ -99.017253339066684, 19.23960465900463 ], [ -99.017436442918466, 19.239421394629737 ], [ -99.017797332178944, 19.238535169040023 ], [ -99.017950124335442, 19.238263488182184 ], [ -99.018287020037931, 19.237852512344499 ], [ -99.018436015724788, 19.237849356818703 ], [ -99.018738708016386, 19.238055049303153 ], [ -99.019149681354122, 19.238136767991605 ], [ -99.019202082454782, 19.238152455866974 ], [ -99.019457915274756, 19.238229047414315 ], [ -99.019591225079708, 19.238432118520862 ], [ -99.019611602495431, 19.238683824841857 ], [ -99.019509891592847, 19.238972449852415 ], [ -99.019316298827988, 19.239253351713788 ], [ -99.01925564765682, 19.239320554678518 ], [ -99.019353119501702, 19.239309743146862 ], [ -99.019502583909755, 19.239357561408042 ], [ -99.019653660287247, 19.239298909875242 ], [ -99.019821497153046, 19.239341909082913 ], [ -99.020127780392841, 19.239358594791092 ], [ -99.020422415041736, 19.239335096650425 ], [ -99.031743663068795, 19.224700975768659 ], [ -99.034441861902565, 19.223250930006863 ], [ -99.036339466828011, 19.222232388767985 ], [ -99.036908711536412, 19.221926746494351 ], [ -99.042296542361385, 19.219011412761411 ], [ -99.045550998935113, 19.217286363245091 ], [ -99.045708300557735, 19.217439356462354 ], [ -99.045740917744396, 19.217492180932538 ], [ -99.045773535960492, 19.217548649024355 ], [ -99.045777385176891, 19.217597837042987 ], [ -99.045767815336575, 19.217667068367955 ], [ -99.045748652950948, 19.217723549388694 ], [ -99.045720857419454, 19.217769101677138 ], [ -99.045689222995236, 19.217802813127118 ], [ -99.045644166451495, 19.217845636985537 ], [ -99.045590479265925, 19.217886641166235 ], [ -99.045544460761064, 19.217918534355032 ], [ -99.045496521175963, 19.217938586218168 ], [ -99.04545337984608, 19.217972300483684 ], [ -99.045415040016024, 19.218031518944898 ], [ -99.045380530770714, 19.218072518309292 ], [ -99.045355611288926, 19.218116248014567 ], [ -99.045326855431369, 19.218157245944404 ], [ -99.04529427292772, 19.218231037466722 ], [ -99.045285656264909, 19.218280228573143 ], [ -99.045281842350619, 19.218359478422126 ], [ -99.045282814975195, 19.218409578064698 ], [ -99.045304890251586, 19.2184842669785 ], [ -99.045326956309069, 19.218525252334238 ], [ -99.045371076959469, 19.218565321320597 ], [ -99.045419985905752, 19.218582616435775 ], [ -99.045466973794234, 19.21858807022425 ], [ -99.045506288683825, 19.21858714955787 ], [ -99.045547726712272, 19.218585876405331 ], [ -99.04567326817849, 19.218598332088579 ], [ -99.045719137733244, 19.218602883046128 ], [ -99.045846985873638, 19.218615567464607 ], [ -99.046007476938186, 19.218631490412815 ], [ -99.046152156595255, 19.218636462125485 ], [ -99.046291937863245, 19.218619828269532 ], [ -99.046474986422325, 19.218562742006362 ], [ -99.047274165429258, 19.218374374954195 ], [ -99.047371424844414, 19.218349972469131 ], [ -99.047317512103888, 19.218540282719029 ], [ -99.047248417713305, 19.218784183041571 ], [ -99.04713449698113, 19.219053681088262 ], [ -99.046960400788294, 19.219354088400152 ], [ -99.04682185069862, 19.219706026590206 ], [ -99.046778129931184, 19.219854563963729 ], [ -99.046738463428852, 19.21996427626139 ], [ -99.046666347043256, 19.220180270796462 ], [ -99.046540366429184, 19.22053549473236 ], [ -99.046435055162149, 19.220660598169367 ], [ -99.046297246167683, 19.220839439347756 ], [ -99.046215098177399, 19.220972935213513 ], [ -99.04615151016479, 19.221113981562119 ], [ -99.046066724810004, 19.221297845992382 ], [ -99.046273530416926, 19.221355717042943 ], [ -99.046302669053134, 19.221270084132343 ], [ -99.047053022823519, 19.221549435192621 ], [ -99.047116550821116, 19.221544389243011 ], [ -99.047159062361573, 19.221526742343173 ], [ -99.047233199262678, 19.221536804012448 ], [ -99.047302133482788, 19.221551896618443 ], [ -99.047418906816318, 19.221637484804265 ], [ -99.047450727139534, 19.221660142151133 ], [ -99.047466640558227, 19.221682803614293 ], [ -99.047503760307322, 19.221695385985395 ], [ -99.047559435232415, 19.221697889939747 ], [ -99.047623061440262, 19.221692836615428 ], [ -99.047681386792277, 19.221692821445487 ], [ -99.047752974452905, 19.221715468385721 ], [ -99.047798057155291, 19.221760787799784 ], [ -99.047888206585341, 19.221796021835107 ], [ -99.047914723234726, 19.221813643690368 ], [ -99.047920032113126, 19.221836307886679 ], [ -99.047920045982764, 19.221884157450685 ], [ -99.047933309061705, 19.221909337964092 ], [ -99.048005083398877, 19.221936148387066 ], [ -99.048124202544102, 19.221944545497141 ], [ -99.048198429048966, 19.221924378798679 ], [ -99.048264695451394, 19.221881548582861 ], [ -99.048368075037686, 19.221828634955546 ], [ -99.048490011894671, 19.221773197960808 ], [ -99.04863581497132, 19.221737901737292 ], [ -99.048778966832941, 19.221702606103626 ], [ -99.048847723263478, 19.22166733792108 ], [ -99.048972537517898, 19.221825955981064 ], [ -99.049033543947886, 19.221926675594247 ], [ -99.049070687043198, 19.222017327986197 ], [ -99.049097202357899, 19.222029912873495 ], [ -99.049174079189726, 19.222007226671657 ], [ -99.049216487960678, 19.221974476107217 ], [ -99.049258896714846, 19.221941725532783 ], [ -99.049301315966531, 19.221944232521139 ], [ -99.049370244526941, 19.221939177163208 ], [ -99.049423254099992, 19.22189383170263 ], [ -99.049468319975929, 19.221881227548799 ], [ -99.049611198664309, 19.221948375490264 ], [ -99.049725513097769, 19.221984412251409 ], [ -99.049879280201139, 19.221984370452592 ], [ -99.050088707102503, 19.221936463750044 ], [ -99.050335233188505, 19.221833141858227 ], [ -99.050515487070314, 19.221752503503176 ], [ -99.050555252058032, 19.221744937339974 ], [ -99.050727607145333, 19.221843107230622 ], [ -99.05084692149758, 19.22188336852733 ], [ -99.050963583199135, 19.221918593687587 ], [ -99.051228723756125, 19.221999108483196 ], [ -99.051340080958511, 19.222026779691603 ], [ -99.051424928184673, 19.222059495071477 ], [ -99.051451442900714, 19.222069561219733 ], [ -99.051491225962351, 19.222119918005482 ], [ -99.051515100519481, 19.222165242460001 ], [ -99.051573458246338, 19.222268480363276 ], [ -99.051607939854776, 19.22232135701282 ], [ -99.051642415191637, 19.222354086472834 ], [ -99.051774982796573, 19.222384269833277 ], [ -99.051793546462648, 19.222401893372425 ], [ -99.051817419564742, 19.222442180990267 ], [ -99.051865153952335, 19.222484980249256 ], [ -99.05192348669901, 19.222507629308154 ], [ -99.052010986245051, 19.222542862060376 ], [ -99.052064010354556, 19.222545365397419 ], [ -99.052135595009574, 19.222555418632165 ], [ -99.05221513635351, 19.222575543163249 ], [ -99.0523476986574, 19.222588097323658 ], [ -99.052416627390144, 19.22258304081959 ], [ -99.052464343590742, 19.222567916773595 ], [ -99.052496154386276, 19.222557834069324 ], [ -99.052559783972541, 19.222562852621589 ], [ -99.052615462468651, 19.222575428629359 ], [ -99.052655240391303, 19.222608156374438 ], [ -99.052684408844655, 19.222625776774379 ], [ -99.052740091388571, 19.222650944732635 ], [ -99.052774554154439, 19.222643379614571 ], [ -99.052801056176008, 19.222613151203181 ], [ -99.052832865349842, 19.222598031645099 ], [ -99.052928316219237, 19.222625706471369 ], [ -99.052989301135071, 19.222650872821802 ], [ -99.053080200642668, 19.222709452592969 ], [ -99.053238236840613, 19.222746934299298 ], [ -99.053379055284751, 19.222751495592547 ], [ -99.053429427497733, 19.222751480908951 ], [ -99.05360959236944, 19.2227430732488 ], [ -99.05365435044817, 19.222695525231352 ], [ -99.053734381905244, 19.222637796672618 ], [ -99.053839985169049, 19.222561622456958 ], [ -99.053892655747248, 19.222549097782004 ], [ -99.053930835075761, 19.222519064494897 ], [ -99.053946613383701, 19.222445255638572 ], [ -99.05394789963222, 19.222351436346923 ], [ -99.053970273264099, 19.222311400354055 ], [ -99.053990008254416, 19.222256354109632 ], [ -99.05406451571173, 19.222210309450137 ], [ -99.054155140947017, 19.222143309929038 ], [ -99.054829050987308, 19.22216679906003 ], [ -99.054998683314537, 19.222040828314782 ], [ -99.055088721148408, 19.222030734845141 ], [ -99.055534208695079, 19.22201548278974 ], [ -99.05519401858416, 19.221172888163377 ], [ -99.054967533965439, 19.220826713525074 ], [ -99.054883094928087, 19.220735622328817 ], [ -99.054794839759452, 19.220706491460909 ], [ -99.054741120286522, 19.220691928876992 ], [ -99.054698907484877, 19.220666428861186 ], [ -99.054668196537136, 19.220615412780923 ], [ -99.054637407617761, 19.220476928453479 ], [ -99.05443006937017, 19.220159908281335 ], [ -99.054215227201013, 19.219908483215978 ], [ -99.054146124071295, 19.219780940522639 ], [ -99.05412691054805, 19.219689829678799 ], [ -99.05410002715422, 19.219609655079388 ], [ -99.053802742649225, 19.219396643830546 ], [ -99.052987111193801, 19.218789931551989 ], [ -99.052883475564968, 19.21865146436248 ], [ -99.052472712502677, 19.217911716170338 ], [ -99.052238539352317, 19.217485357655793 ], [ -99.052119511341516, 19.217197463260952 ], [ -99.051988947374937, 19.216825744824352 ], [ -99.051949917596133, 19.216662889101755 ], [ -99.051953875172032, 19.216624214182083 ], [ -99.052013252329075, 19.216043956107978 ], [ -99.051980137757809, 19.215886912549845 ], [ -99.051913770755078, 19.21567405284479 ], [ -99.051803268744166, 19.21551593386533 ], [ -99.051587525286124, 19.215255008768505 ], [ -99.05144164022974, 19.214956187426932 ], [ -99.051276552260589, 19.21459176739836 ], [ -99.051230459774516, 19.21442048112576 ], [ -99.058358199764072, 19.210563809654289 ], [ -99.058598490825233, 19.21066967461763 ], [ -99.058639076341322, 19.21068755532216 ], [ -99.059414850203822, 19.210987584290365 ], [ -99.059571786394713, 19.211048278510596 ], [ -99.059726004178231, 19.211128333262593 ], [ -99.059865774345624, 19.211228991015147 ], [ -99.060128480694303, 19.211512705365077 ], [ -99.060381522691998, 19.211718606292926 ], [ -99.060521286220165, 19.211798665128544 ], [ -99.060655368288153, 19.211865947204696 ], [ -99.060899602416754, 19.211988502939256 ], [ -99.061461055714943, 19.212274404555171 ], [ -99.062439926267658, 19.212785119811503 ], [ -99.06255569296745, 19.212821603478435 ], [ -99.062697463393476, 19.212866573647009 ], [ -99.062756117616132, 19.212866553573221 ], [ -99.062886293111177, 19.212844764487819 ], [ -99.062930158006964, 19.212827535062225 ], [ -99.062958761966939, 19.212816299879236 ], [ -99.063061749185081, 19.212766786528917 ], [ -99.0634126163757, 19.212494859627469 ], [ -99.063532750931088, 19.212404216074724 ], [ -99.063780652229184, 19.212230174231763 ], [ -99.063940831548436, 19.212110523846068 ], [ -99.064411838669031, 19.211771507622949 ], [ -99.064631147736748, 19.211651835841764 ], [ -99.065075504339546, 19.211455978392323 ], [ -99.065184211170717, 19.211412450826032 ], [ -99.065605682998296, 19.211231096539798 ], [ -99.065775418092144, 19.21116399025982 ], [ -99.06598520626784, 19.211089621251439 ], [ -99.066122527013746, 19.211053330982164 ], [ -99.066238877908489, 19.21103319085967 ], [ -99.066584093792102, 19.210973434171869 ], [ -99.066698520010547, 19.210924467511816 ], [ -99.066799585361522, 19.210853761179294 ], [ -99.066859550038345, 19.210801197352701 ], [ -99.066897677115691, 19.210773595141507 ], [ -99.066920321323451, 19.210800673993685 ], [ -99.066936910130437, 19.210828342533716 ], [ -99.06696934305505, 19.210844639040065 ], [ -99.067022760664813, 19.210868176025635 ], [ -99.06710860609472, 19.210895325204579 ], [ -99.067175372083781, 19.21090979706192 ], [ -99.067240226233324, 19.210913397361089 ], [ -99.067270186407868, 19.210906371625402 ], [ -99.067293070519113, 19.210889401181714 ], [ -99.06730124340578, 19.210862637870303 ], [ -99.06730693620824, 19.210790154211686 ], [ -99.067318322535897, 19.210646998931178 ], [ -99.06732019825597, 19.210569080554507 ], [ -99.067347123871173, 19.21056017399194 ], [ -99.069736375788551, 19.209770014982627 ], [ -99.070760772285084, 19.209431219988922 ], [ -99.071455002806402, 19.209413246352799 ], [ -99.071630484130949, 19.209411365826586 ], [ -99.071763996050763, 19.209395005252727 ], [ -99.072120701427664, 19.209438354204352 ], [ -99.076041228405941, 19.207410521002664 ], [ -99.076116230732197, 19.207370752552816 ], [ -99.076168533216759, 19.207109269167972 ], [ -99.076725334610487, 19.206698168643751 ], [ -99.076679378251114, 19.206511429530863 ], [ -99.076377899565699, 19.206405725651351 ], [ -99.076561228690764, 19.206081934711573 ], [ -99.076784044297412, 19.206125418474787 ], [ -99.077085499526419, 19.206181319474279 ], [ -99.077093818458252, 19.20672998455208 ], [ -99.07830457540453, 19.206716176737846 ], [ -99.077419547160659, 19.205869914796438 ], [ -99.0763488149003, 19.204705151601175 ], [ -99.076252564066735, 19.204600446969057 ], [ -99.075865478238157, 19.203567211098587 ], [ -99.074710744596587, 19.202604153468197 ], [ -99.074248089521404, 19.20231981185902 ], [ -99.075966671485574, 19.201321440797077 ], [ -99.080230417289869, 19.196330147725593 ], [ -99.08027181429658, 19.196352470098482 ], [ -99.080368642969461, 19.196418116358068 ], [ -99.080404608836147, 19.196444376059812 ], [ -99.080523648753569, 19.196636416532257 ], [ -99.080532005707013, 19.1967599075432 ], [ -99.080554159642531, 19.196869972955508 ], [ -99.0807284482119, 19.196980253270585 ], [ -99.080773947889767, 19.19703553870313 ], [ -99.080718043915596, 19.197201322884862 ], [ -99.080822519433283, 19.197445835874621 ], [ -99.080947847155144, 19.19765068138075 ], [ -99.081142775368676, 19.197914983335853 ], [ -99.081370317362442, 19.198103836051224 ], [ -99.08171870681042, 19.198392986969157 ], [ -99.081790112675733, 19.198575665982254 ], [ -99.081894541600633, 19.198721032815207 ], [ -99.082049082611732, 19.198744725806463 ], [ -99.082142797505881, 19.198805553659824 ], [ -99.082131215486442, 19.198985315033717 ], [ -99.082110439118154, 19.199177005672837 ], [ -99.082166191525332, 19.1993686620342 ], [ -99.082305433433703, 19.199566890623966 ], [ -99.082770050802651, 19.200041856562141 ], [ -99.083370277202306, 19.200352963984127 ], [ -99.083530386356003, 19.200537962727186 ], [ -99.083690545998621, 19.200822106799588 ], [ -99.083815849711215, 19.200967462964574 ], [ -99.084372480447939, 19.20130448076991 ], [ -99.084484047678458, 19.20156202928003 ], [ -99.084734610463798, 19.201760204640724 ], [ -99.085082272681177, 19.201925777929837 ], [ -99.085625304606481, 19.202077056436043 ], [ -99.085903654083566, 19.202189291123663 ], [ -99.086564925801966, 19.202631822751783 ], [ -99.086640161024846, 19.202543032206169 ], [ -99.086785673139232, 19.202473893243969 ], [ -99.086873163036657, 19.202305256581141 ], [ -99.086950283952561, 19.202141003888169 ], [ -99.087081426974351, 19.20190119242886 ], [ -99.087137933465826, 19.201793871362231 ], [ -99.08720816233091, 19.201672318027097 ], [ -99.087244940374887, 19.201584891858772 ], [ -99.087293247385219, 19.201501499088476 ], [ -99.087337070934183, 19.20138104670162 ], [ -99.087378498521943, 19.201273739078644 ], [ -99.087386545765213, 19.201246450294729 ], [ -99.087415307452417, 19.201148917256784 ], [ -99.087424467174628, 19.201037245902523 ], [ -99.087440532806752, 19.200910244411965 ], [ -99.087447413277772, 19.200846744215031 ], [ -99.087443934291656, 19.200805144446033 ], [ -99.08744045530733, 19.200763544676775 ], [ -99.087440400942498, 19.200660635905891 ], [ -99.087440339637908, 19.200544589843773 ], [ -99.08744719117513, 19.200426350934848 ], [ -99.087449403297668, 19.200251185963506 ], [ -99.087447011877757, 19.200086970929046 ], [ -99.087442313490953, 19.1999183778935 ], [ -99.087460684818652, 19.199793564835701 ], [ -99.087467560609412, 19.199721306436302 ], [ -99.087487122413165, 19.199668747926655 ], [ -99.087526195876052, 19.199654503554118 ], [ -99.087565463324907, 19.199635867300234 ], [ -99.087590796571476, 19.199601917190876 ], [ -99.087611509490088, 19.199547168568497 ], [ -99.087629910787328, 19.199479283753146 ], [ -99.087667894652824, 19.199398252280389 ], [ -99.087727777303286, 19.199325968521737 ], [ -99.087793425009508, 19.199260250630978 ], [ -99.087846402904788, 19.199205486531753 ], [ -99.087883238927759, 19.199133213759293 ], [ -99.087880773899997, 19.198966205163604 ], [ -99.087941914975218, 19.198959116467311 ], [ -99.08796962355801, 19.198986052396851 ], [ -99.087994949757274, 19.19901164021044 ], [ -99.088043359557318, 19.199034607243615 ], [ -99.088128646052951, 19.19906193564524 ], [ -99.088190879103863, 19.199076137799054 ], [ -99.088281922009116, 19.199093610389458 ], [ -99.088359135878676, 19.199108900048603 ], [ -99.088476688706436, 19.199138402288263 ], [ -99.08856197181197, 19.19915916184172 ], [ -99.088620746204924, 19.199170081195721 ], [ -99.088684135181495, 19.199190851270689 ], [ -99.088747532978076, 19.199228042938113 ], [ -99.088814386015585, 19.199261948586322 ], [ -99.088876622138542, 19.199281624378116 ], [ -99.088913502418961, 19.199292554247016 ], [ -99.088948088642823, 19.199323191163273 ], [ -99.088948102761449, 19.199349465746014 ], [ -99.088948119233208, 19.199380119425633 ], [ -99.088941223514297, 19.199414060781304 ], [ -99.088934338968215, 19.199468802847594 ], [ -99.088922852168295, 19.199536684439419 ], [ -99.088907914845549, 19.199616610222698 ], [ -99.088892993970418, 19.199727189682815 ], [ -99.088895328023654, 19.199781927277105 ], [ -99.08890571544427, 19.19981257592795 ], [ -99.088925314442321, 19.199830082817464 ], [ -99.088954135017659, 19.199853059104626 ], [ -99.088999084088456, 19.199868364139142 ], [ -99.089063622763646, 19.199883659649871 ], [ -99.089160429029505, 19.199903318550501 ], [ -99.08923533515663, 19.199912040312874 ], [ -99.089320615210212, 19.199926230864545 ], [ -99.089419720275984, 19.19993494076359 ], [ -99.089498078091964, 19.199933807765113 ], [ -99.089598328389599, 19.199929379714977 ], [ -99.089632893531544, 19.199920604628293 ], [ -99.089659387027268, 19.19990198051125 ], [ -99.089692782034405, 19.199860362750904 ], [ -99.089715803692883, 19.199814370961484 ], [ -99.089746886888562, 19.199759617028036 ], [ -99.089805622369965, 19.199698280902812 ], [ -99.08996662150463, 19.199653018218584 ], [ -99.09036657491751, 19.199652821574936 ], [ -99.090772560915099, 19.199658349380574 ], [ -99.090969520801153, 19.19965443291386 ], [ -99.091049914496097, 19.19965630245315 ], [ -99.091125206640783, 19.199651699052428 ], [ -99.091214707318628, 19.199634262051006 ], [ -99.09123780862393, 19.199613246766059 ], [ -99.091255884332327, 19.199590324543301 ], [ -99.091271852593081, 19.199568365258941 ], [ -99.091289027856774, 19.199556892921994 ], [ -99.09131917086691, 19.199549240171731 ], [ -99.091378464620448, 19.199556848379952 ], [ -99.091434746820994, 19.19957018637777 ], [ -99.091482985548495, 19.199575890627838 ], [ -99.091560363959246, 19.19957680672977 ], [ -99.091847931435495, 19.199617306890467 ], [ -99.092785436172107, 19.199736583600085 ], [ -99.092885943094842, 19.1997651742562 ], [ -99.092942230846319, 19.19978805896584 ], [ -99.093311963891139, 19.199831795403689 ], [ -99.093709179547645, 19.199897052306547 ], [ -99.094452869192693, 19.199995961430094 ], [ -99.094742295302993, 19.200016815924542 ], [ -99.094774441495005, 19.199997704958932 ], [ -99.094851508619726, 19.199873013169956 ], [ -99.095042442477819, 19.199874823751692 ], [ -99.095962270593787, 19.200041004257532 ], [ -99.096233616345629, 19.20007523190554 ], [ -99.096407323064952, 19.200072685425766 ], [ -99.096439509123954, 19.200122313823908 ], [ -99.096466825679215, 19.200195403810458 ], [ -99.096505898915566, 19.20023493558811 ], [ -99.096553140088474, 19.200278253393268 ], [ -99.096614498449782, 19.200353263399702 ], [ -99.096666810752907, 19.200450617035383 ], [ -99.096682077427758, 19.200538988820803 ], [ -99.096695077704041, 19.200672096630729 ], [ -99.096691129435754, 19.200794302571229 ], [ -99.096687989134082, 19.200857678290479 ], [ -99.096676276577554, 19.200930426113789 ], [ -99.09668125985678, 19.2011017268497 ], [ -99.096726596006533, 19.201056422304447 ], [ -99.096778830446638, 19.201020115475607 ], [ -99.096859215919423, 19.201006706987716 ], [ -99.096972618570646, 19.200987006894188 ], [ -99.097074260124714, 19.200993227230441 ], [ -99.097229026163248, 19.201008420719223 ], [ -99.097394512598527, 19.201031702842247 ], [ -99.097947432249654, 19.201062866219207 ], [ -99.098053964700441, 19.201081903637867 ], [ -99.098148442704982, 19.201108585187484 ], [ -99.098240923372828, 19.201156271544729 ], [ -99.098387704811671, 19.201263121217174 ], [ -99.098492279873099, 19.201369993444384 ], [ -99.098633032150019, 19.201476846154911 ], [ -99.09870542502739, 19.201541727993561 ], [ -99.098781858153259, 19.201640977456783 ], [ -99.098882432278387, 19.201778402570081 ], [ -99.098950862780072, 19.201938758192885 ], [ -99.098962090574787, 19.201992762119676 ], [ -99.09901839134011, 19.2020347392947 ], [ -99.09921125428562, 19.202061374311235 ], [ -99.099488697257016, 19.202038303600553 ], [ -99.099641424751624, 19.202003850845784 ], [ -99.099749926413963, 19.201954146548033 ], [ -99.09986243847996, 19.201889164522775 ], [ -99.099903461682587, 19.201827494452381 ], [ -99.099947613634029, 19.201720542036558 ], [ -99.09996353321165, 19.201457031333707 ], [ -99.09998357622014, 19.201365367526488 ], [ -99.100159509263776, 19.201251251223496 ], [ -99.100212516171027, 19.201227770409169 ], [ -99.100292174569532, 19.201277910804652 ], [ -99.100420836465389, 19.201331304572001 ], [ -99.100473104949529, 19.201352279726123 ], [ -99.100555515192909, 19.201363691164314 ], [ -99.100643937540639, 19.201346457741131 ], [ -99.100712249892311, 19.201310140971202 ], [ -99.100766492205011, 19.201271922472966 ], [ -99.100801500532199, 19.201235078159559 ], [ -99.100827600467156, 19.201189237370638 ], [ -99.100840782816164, 19.201151587229521 ], [ -99.100881797325073, 19.201076550897092 ], [ -99.100938031887679, 19.201009689726025 ], [ -99.10098538599334, 19.200979658501641 ], [ -99.101094053803024, 19.200953872268681 ], [ -99.101208464458892, 19.200958531733086 ], [ -99.101294901229494, 19.20098139722791 ], [ -99.101447678860751, 19.201030958083457 ], [ -99.101544070224023, 19.201059553431612 ], [ -99.101587211302572, 19.200878075186129 ], [ -99.102105734824747, 19.200993767784258 ], [ -99.102141819885887, 19.200844811758181 ], [ -99.102229207027989, 19.200688324614152 ], [ -99.102277482336589, 19.200614240313033 ], [ -99.102340640144959, 19.200543964575992 ], [ -99.102383929944565, 19.200495795938956 ], [ -99.102577638204991, 19.200336658767867 ], [ -99.102841964419497, 19.200212321751078 ], [ -99.103091144645902, 19.200051899412735 ], [ -99.10333099253539, 19.19992591546081 ], [ -99.104001634096875, 19.199516042861408 ], [ -99.104106003508548, 19.199452255533988 ], [ -99.104219059410454, 19.19937528740904 ], [ -99.104316551283119, 19.199304968362888 ], [ -99.104425130949309, 19.199255421574108 ], [ -99.10461799913972, 19.199138836102396 ], [ -99.104710412912254, 19.199079590868127 ], [ -99.104737884206372, 19.199059870128021 ], [ -99.104769834762777, 19.199028803150018 ], [ -99.104795218346922, 19.198994595327878 ], [ -99.104814255709769, 19.198968436616102 ], [ -99.10483328797136, 19.198934232418374 ], [ -99.104857405142639, 19.198879773531761 ], [ -99.104870058051233, 19.198801322798563 ], [ -99.104863659608384, 19.19872690570174 ], [ -99.10484666549111, 19.19863640368737 ], [ -99.104819116477131, 19.198594180626834 ], [ -99.104766148316884, 19.198529846994262 ], [ -99.104670831931188, 19.198455480660719 ], [ -99.104569188488654, 19.198419333949637 ], [ -99.1044913719237, 19.198398258897246 ], [ -99.104429420896921, 19.198357061059699 ], [ -99.104404000546239, 19.198332939069864 ], [ -99.104395518218567, 19.19831081880756 ], [ -99.104398869924438, 19.198280784383307 ], [ -99.104444099693396, 19.198133790419288 ], [ -99.104482170519461, 19.198075438948646 ], [ -99.10459595164815, 19.197986050830117 ], [ -99.104644933464357, 19.197675083128917 ], [ -99.10467024310833, 19.197524215783648 ], [ -99.104626427892967, 19.197429185828568 ], [ -99.10457208854875, 19.197357793910417 ], [ -99.10451353019107, 19.197218949409219 ], [ -99.104480013225043, 19.197052315047067 ], [ -99.104492327252615, 19.196711065227056 ], [ -99.104513146935219, 19.196611854872579 ], [ -99.104609881020039, 19.196290355724333 ], [ -99.104593498889116, 19.196254942160735 ], [ -99.104543361450453, 19.196223227225804 ], [ -99.104518286475908, 19.196197449907018 ], [ -99.104503645113923, 19.196159762820603 ], [ -99.104522281308888, 19.19590977198439 ], [ -99.104553553246944, 19.195828411390835 ], [ -99.104559774051893, 19.195758968893813 ], [ -99.104556789183931, 19.195705696627645 ], [ -99.104556408364175, 19.195675396398723 ], [ -99.104562650463009, 19.195639681379376 ], [ -99.104568015405491, 19.195582390860768 ], [ -99.104573987605775, 19.195278966714529 ], [ -99.104575239805214, 19.19521534723356 ], [ -99.104499376609937, 19.194645748382626 ], [ -99.10449482082393, 19.194044607963537 ], [ -99.104653344473718, 19.193760809819182 ], [ -99.104646914386919, 19.193498929382599 ], [ -99.104685702805966, 19.193461459482712 ], [ -99.10476532334026, 19.193398530464826 ], [ -99.106205445324449, 19.193218581657565 ], [ -99.106697839371904, 19.193362710730046 ], [ -99.1067917909307, 19.193475177836515 ], [ -99.107040152277705, 19.193456002695328 ], [ -99.107530411815375, 19.193291867131137 ], [ -99.107512822475755, 19.192765942738202 ], [ -99.107582165636217, 19.192501719366245 ], [ -99.10744941921881, 19.191471484488428 ], [ -99.10735044679123, 19.188922178503034 ], [ -99.107513558727277, 19.188064382052154 ], [ -99.107577755634225, 19.185712223474365 ], [ -99.107798998765674, 19.18387602218468 ], [ -99.107811637468799, 19.181934269730842 ], [ -99.106991207459615, 19.180859047270577 ], [ -99.106923074518548, 19.180983904883139 ], [ -99.106863228079717, 19.180919895414579 ], [ -99.100596832676345, 19.172054390417628 ], [ -99.113907804962466, 19.159212524014681 ], [ -99.130496153964515, 19.143204639492918 ], [ -99.129394003027684, 19.154634826247651 ], [ -99.125319061866406, 19.156990869224675 ], [ -99.124011798856984, 19.161838338833668 ], [ -99.124887905987379, 19.16474567548174 ], [ -99.124015319138664, 19.166546460913302 ], [ -99.12481900639888, 19.167937567837242 ], [ -99.125256043009173, 19.170007460176354 ], [ -99.125038359803568, 19.171046115474088 ], [ -99.124093249594324, 19.173331634223274 ], [ -99.123002033510346, 19.174994015212537 ], [ -99.123221638848179, 19.17651705887868 ], [ -99.121475120303501, 19.178526098052522 ], [ -99.120457054634628, 19.180673099156063 ], [ -99.12176899939692, 19.181987740434213 ], [ -99.123517976360162, 19.183232850745512 ], [ -99.124402441174141, 19.184638176573184 ], [ -99.12453891687727, 19.184686127046874 ], [ -99.122851182701936, 19.189283670134994 ], [ -99.12275613846441, 19.189357967883637 ], [ -99.122967907036966, 19.189978323600517 ], [ -99.122950963422028, 19.190288357943622 ], [ -99.122745362933586, 19.190810632398708 ], [ -99.122702609635127, 19.191055415968691 ], [ -99.122848956806422, 19.191552986447292 ], [ -99.122823528710896, 19.192001720876497 ], [ -99.122944085765852, 19.19245851599953 ], [ -99.123260192157929, 19.192695466757574 ], [ -99.124192146119455, 19.193997923359024 ], [ -99.124327991552903, 19.194317720494684 ], [ -99.12468038249834, 19.194741723068685 ], [ -99.125230397020175, 19.195320601516777 ], [ -99.125191936778393, 19.195561303355863 ], [ -99.126631036815382, 19.196314309272847 ], [ -99.127184191327075, 19.195727189052874 ], [ -99.12788860221481, 19.195938812916925 ], [ -99.128817542069683, 19.196303442532425 ], [ -99.129947004396641, 19.196703428600856 ], [ -99.129272508046938, 19.197679444677952 ], [ -99.12919974075551, 19.197977517058877 ], [ -99.129152698895084, 19.198344689043822 ], [ -99.129272692680715, 19.198393748853121 ], [ -99.129418946460902, 19.198271067765003 ], [ -99.129465364671603, 19.198443111804892 ], [ -99.129390222927725, 19.198555685013535 ], [ -99.129060393932846, 19.199371059498304 ], [ -99.129153930096308, 19.199796892257094 ], [ -99.129317307256258, 19.200074165762533 ], [ -99.129489342593658, 19.200441176375946 ], [ -99.129505221616753, 19.200554417988393 ], [ -99.12951363185114, 19.200658844133539 ], [ -99.129523934896937, 19.200751174518704 ], [ -99.129507379225544, 19.201542559571852 ], [ -99.129474638954875, 19.201812949581633 ], [ -99.129444327623787, 19.202064706333662 ], [ -99.129413522948681, 19.202317682153478 ], [ -99.129392360061445, 19.202469953874665 ], [ -99.129302369579833, 19.202937805578141 ], [ -99.129710431092207, 19.203002300373598 ], [ -99.130299734800786, 19.20316442770751 ], [ -99.13005000847987, 19.203904973286708 ], [ -99.130222143906579, 19.203920895315129 ], [ -99.13044981885426, 19.203971883868562 ], [ -99.130564382017241, 19.203999412798396 ], [ -99.130587623689991, 19.204004997641114 ], [ -99.130764507865337, 19.204047851639412 ], [ -99.130875515477939, 19.204123971539907 ], [ -99.131019671401958, 19.204262569794405 ], [ -99.131126639228981, 19.204430513465415 ], [ -99.131197869001141, 19.204564092344636 ], [ -99.131230716940436, 19.204697121602507 ], [ -99.131233964713431, 19.204801620928269 ], [ -99.131273106200254, 19.204889506663836 ], [ -99.131318441763995, 19.205008646177493 ], [ -99.131357642276356, 19.205170770130582 ], [ -99.131437986669837, 19.205352400969822 ], [ -99.131518281552829, 19.205471515361115 ], [ -99.131623256669229, 19.20559451927631 ], [ -99.131752915192408, 19.205725319947714 ], [ -99.132043077630144, 19.205984945155183 ], [ -99.13221597476921, 19.206182138059038 ], [ -99.132308599801078, 19.206289521364013 ], [ -99.132438290684874, 19.206459394283893 ], [ -99.132481571093564, 19.206578534967466 ], [ -99.132524900071999, 19.206758238398677 ], [ -99.132551744806264, 19.20689692732622 ], [ -99.132528655053832, 19.207068569695622 ], [ -99.132514948051906, 19.20717046331389 ], [ -99.132484176583134, 19.207264260198784 ], [ -99.132412362283546, 19.207465536838487 ], [ -99.132344652883603, 19.20765704229153 ], [ -99.132357083749923, 19.207772297979126 ], [ -99.132404486722479, 19.20790315751572 ], [ -99.132474520081473, 19.208045722515212 ], [ -99.132534225929177, 19.208131639443089 ], [ -99.132653559491388, 19.208205791383211 ], [ -99.132742035426389, 19.208266290123795 ], [ -99.132768800639553, 19.208305343504971 ], [ -99.132799702290498, 19.208373698458281 ], [ -99.132799857536284, 19.208567108522843 ], [ -99.132804205676749, 19.208860151087805 ], [ -99.132806386027084, 19.209014486914356 ], [ -99.132806520898598, 19.209182499686133 ], [ -99.132794287192112, 19.209313402293898 ], [ -99.132796439314646, 19.209432572650364 ], [ -99.132829441576888, 19.209555627929191 ], [ -99.132858291729121, 19.209629845262128 ], [ -99.13291183051615, 19.209717720155648 ], [ -99.132924265081172, 19.209836883049004 ], [ -99.132899653356205, 19.209918953683939 ], [ -99.132854451782663, 19.209969781033681 ], [ -99.132875036899577, 19.209995163404866 ], [ -99.132932658934251, 19.210045916209918 ], [ -99.133031394761062, 19.210077102785213 ], [ -99.13315272195652, 19.21007115378027 ], [ -99.133251410630692, 19.210043731137535 ], [ -99.133325399561201, 19.209988975479419 ], [ -99.133389057254178, 19.209873664537376 ], [ -99.134190629212682, 19.209437425438129 ], [ -99.13662248748814, 19.209444005923988 ], [ -99.136657177244018, 19.209650313612165 ], [ -99.136839297736046, 19.210414659265833 ], [ -99.137832786188255, 19.211852436620514 ], [ -99.137858888678394, 19.214080853284376 ], [ -99.139190747794288, 19.214488754904519 ], [ -99.141555446697069, 19.215212950130304 ], [ -99.143426540940837, 19.215785951426813 ], [ -99.145543187438875, 19.216434122388364 ], [ -99.146823341752793, 19.216826123797908 ], [ -99.149742669882855, 19.217720022931999 ], [ -99.149774576342566, 19.217729792387932 ], [ -99.149807214277843, 19.217739785807744 ], [ -99.155125953162269, 19.219368238017843 ], [ -99.153637612215761, 19.222850853123955 ], [ -99.153584677041565, 19.222974939593122 ], [ -99.153550094001986, 19.223055793681414 ], [ -99.152818993114863, 19.224766533844708 ], [ -99.152777254116486, 19.224864378508641 ], [ -99.15274489754249, 19.224939915312202 ], [ -99.149837709819394, 19.231741782459782 ], [ -99.149798127852776, 19.231496235387002 ], [ -99.149223973868686, 19.23133032497131 ], [ -99.149094444015248, 19.231181764669596 ], [ -99.148975916658799, 19.231206081455607 ], [ -99.14885296811498, 19.231180966989076 ], [ -99.148699777933913, 19.231065773769291 ], [ -99.148569520844504, 19.230954176789282 ], [ -99.148301329122191, 19.230974818773241 ], [ -99.14807302180229, 19.230910747349075 ], [ -99.147730617408797, 19.230824354874194 ], [ -99.147567522203275, 19.230803158019533 ], [ -99.147229190459086, 19.230695432972311 ], [ -99.146890046324899, 19.230636600478054 ], [ -99.146795386803348, 19.230699846529447 ], [ -99.146734578817814, 19.230740474878882 ], [ -99.146585655043978, 19.230927940193681 ], [ -99.146158129718117, 19.230877672259052 ], [ -99.146147696970544, 19.230699914212714 ], [ -99.146055401175786, 19.230692577147 ], [ -99.146009000304986, 19.230617964921905 ], [ -99.145833928599771, 19.230609428479813 ], [ -99.145715167451513, 19.230692396306967 ], [ -99.145629751245963, 19.230718220944848 ], [ -99.145661055531065, 19.230828452773874 ], [ -99.14543007933753, 19.230865599458415 ], [ -99.14548036642033, 19.231247933445772 ], [ -99.145597249302355, 19.231408255043668 ], [ -99.145620867504149, 19.231541719191267 ], [ -99.145570847942636, 19.231679489479465 ], [ -99.146112008614409, 19.231707402141563 ], [ -99.146182034490351, 19.231711013210212 ], [ -99.146225933357883, 19.231738297624251 ], [ -99.146793327971267, 19.231812569309543 ], [ -99.146893262570686, 19.231825650511912 ], [ -99.146982294078668, 19.231898254833968 ], [ -99.14704528218266, 19.232025963532791 ], [ -99.146807879133362, 19.232541287784588 ], [ -99.14669119264002, 19.233373626904072 ], [ -99.146684969460196, 19.233418017378153 ], [ -99.147048702896925, 19.233367857084186 ], [ -99.147001488996153, 19.233473444131711 ], [ -99.146967836117653, 19.233647554910519 ], [ -99.147012881389287, 19.23376784573351 ], [ -99.147001860456939, 19.233890906837754 ], [ -99.146952152653753, 19.234019396888698 ], [ -99.146938495065243, 19.234035832073236 ], [ -99.146891719008636, 19.234092121122618 ], [ -99.146801061682893, 19.234193601840122 ], [ -99.146815353906263, 19.234271697264802 ], [ -99.14682311793068, 19.234314121337427 ], [ -99.146763168233278, 19.234287553830018 ], [ -99.146559545432254, 19.234196918507937 ], [ -99.146379413834651, 19.234157961869588 ], [ -99.146243067725209, 19.234172733590551 ], [ -99.146037307473435, 19.234246211678478 ], [ -99.145867581559955, 19.234336767401818 ], [ -99.145757859419177, 19.234331812086076 ], [ -99.145725277161034, 19.234330340580165 ], [ -99.145574282705041, 19.234339444614722 ], [ -99.145481728046875, 19.234415275837929 ], [ -99.145389134590275, 19.234447118725111 ], [ -99.145319670664193, 19.234449617663721 ], [ -99.145219298551623, 19.234413040362579 ], [ -99.145100899595562, 19.234356926927415 ], [ -99.145021122984218, 19.234334995968378 ], [ -99.144923362410765, 19.234342404756728 ], [ -99.144830764600272, 19.234369359774437 ], [ -99.144779342538214, 19.234408501170677 ], [ -99.144748502993352, 19.234447626282563 ], [ -99.144717629244141, 19.234516414772067 ], [ -99.144574350435605, 19.234580815813718 ], [ -99.144604548667573, 19.234637524552351 ], [ -99.146237912792813, 19.237803262899305 ], [ -99.14701698990099, 19.239313198619584 ], [ -99.147319325292159, 19.239893112311286 ], [ -99.147507243471679, 19.240253558427714 ], [ -99.147326671765896, 19.240445085739545 ], [ -99.147133688212207, 19.240428134397984 ], [ -99.146917518066516, 19.240376988349631 ], [ -99.146760522789023, 19.240323350818848 ], [ -99.146624091350603, 19.240247702537417 ], [ -99.146503045446778, 19.240113390785769 ], [ -99.146392284856006, 19.23997173934411 ], [ -99.146305758903409, 19.239827622526057 ], [ -99.146253003960425, 19.239583287417954 ], [ -99.146184560716918, 19.239403521593971 ], [ -99.146108696851243, 19.239329248058894 ], [ -99.145985176357499, 19.239304908660085 ], [ -99.145725342172966, 19.239336885005773 ], [ -99.145092223147941, 19.239470226148462 ], [ -99.144665504720578, 19.239560110883204 ], [ -99.14390407827976, 19.239734220412782 ], [ -99.144066735795846, 19.240894972440344 ], [ -99.144136674009246, 19.24139405833013 ], [ -99.144203326285776, 19.24186969252386 ], [ -99.144140298291603, 19.242124065036627 ], [ -99.144080055901981, 19.242342421284089 ], [ -99.144086119751151, 19.242487624155657 ], [ -99.144103557859665, 19.242905189616881 ], [ -99.144180664920285, 19.243562948142021 ], [ -99.144239782618143, 19.244090759314304 ], [ -99.144191120321224, 19.244361263126873 ], [ -99.144179910602119, 19.244700036776791 ], [ -99.144078192555398, 19.24466565894663 ], [ -99.143731064893572, 19.244552863200862 ], [ -99.14344051149719, 19.244509379556558 ], [ -99.142280968622302, 19.244095024513168 ], [ -99.142252068279902, 19.243936592445973 ], [ -99.142154097312996, 19.243734502433426 ], [ -99.141975658624517, 19.243614434043604 ], [ -99.141728243545145, 19.243559986297978 ], [ -99.141712720471006, 19.243611787106929 ], [ -99.14169734352528, 19.243682669021005 ], [ -99.141679362149176, 19.243716896048564 ], [ -99.141602198425375, 19.243746281283997 ], [ -99.141192984471715, 19.243614632572541 ], [ -99.140508583098082, 19.243622490633843 ], [ -99.140382526274323, 19.243621052006276 ], [ -99.14008182541555, 19.244207741616215 ], [ -99.140035265066672, 19.244260347363674 ], [ -99.138888888888232, 19.245555554763577 ], [ -99.139188880371975, 19.24600857687016 ], [ -99.139329090938972, 19.246220310133644 ], [ -99.140131194773275, 19.247431561816175 ], [ -99.140368599115121, 19.247897927717602 ], [ -99.140788231628179, 19.248213099991702 ], [ -99.141770475283039, 19.248950822984536 ], [ -99.141739655384498, 19.249191459695819 ], [ -99.141764284147982, 19.249465246734225 ], [ -99.141733373320051, 19.249623235742508 ], [ -99.141702457009572, 19.249774906145028 ], [ -99.141534247430172, 19.250158364866774 ], [ -99.141312844869674, 19.250577669921146 ], [ -99.141155548780972, 19.250758924585387 ], [ -99.14090302215331, 19.251089792711223 ], [ -99.140672611585842, 19.251351138863846 ], [ -99.140482049570863, 19.251532418514344 ], [ -99.140468838781572, 19.251644057281712 ], [ -99.140422347313773, 19.25173676578753 ], [ -99.140375846837003, 19.251818943285649 ], [ -99.140198591579676, 19.252002318627294 ], [ -99.140183141455068, 19.252088684680999 ], [ -99.140141188715489, 19.252303549254858 ], [ -99.140145763506155, 19.252467829375 ], [ -99.140181324544045, 19.252560474945014 ], [ -99.140179173089578, 19.252638406002895 ], [ -99.140148240494995, 19.252773226514687 ], [ -99.140103969759465, 19.252870145630258 ], [ -99.140055313716559, 19.253026041696248 ], [ -99.139948930687581, 19.253101946307002 ], [ -99.139909159339041, 19.253274685135995 ], [ -99.139802811767666, 19.253392713636018 ], [ -99.1397340964824, 19.253430677732169 ], [ -99.139665381165401, 19.253468641802556 ], [ -99.13955030513786, 19.253755172822373 ], [ -99.13948407078108, 19.254104852531437 ], [ -99.139484346722725, 19.254431313309158 ], [ -99.139395848021394, 19.254677806145029 ], [ -99.139453706921387, 19.254913656428627 ], [ -99.139551655249136, 19.255351671280952 ], [ -99.139782663710122, 19.255787478234989 ], [ -99.139960355802316, 19.256113803297517 ], [ -99.140040308983259, 19.256250645073266 ], [ -99.140160118239521, 19.256313739299941 ], [ -99.140370860358374, 19.256385188491553 ], [ -99.140552803075181, 19.256492464957184 ], [ -99.140617184560085, 19.256572451053817 ], [ -99.140717166085182, 19.256789312698086 ], [ -99.140806059344314, 19.257006182816347 ], [ -99.140810559465635, 19.25708200252323 ], [ -99.140757377618598, 19.257132592232999 ], [ -99.140615499965151, 19.257197993523139 ], [ -99.140475841701445, 19.25726549919824 ], [ -99.140418208139337, 19.257297136435422 ], [ -99.140280810399133, 19.257415189006085 ], [ -99.140214363175971, 19.257514231310068 ], [ -99.140176747948601, 19.257615357696334 ], [ -99.140154667420362, 19.257729109366561 ], [ -99.140176948367724, 19.25785125183932 ], [ -99.140261336227738, 19.25798598388938 ], [ -99.140381254358473, 19.258175449806661 ], [ -99.140541064891679, 19.258333292010118 ], [ -99.14078742276358, 19.258556359640622 ], [ -99.140940573670107, 19.258705781814761 ], [ -99.14106042107278, 19.258810999368979 ], [ -99.141251210796909, 19.258886675290277 ], [ -99.141384328824827, 19.258949758405628 ], [ -99.141584098242106, 19.259151798955511 ], [ -99.141814865779622, 19.259294841688277 ], [ -99.141948227191705, 19.25964015480357 ], [ -99.142032628297983, 19.259787523177405 ], [ -99.142241205132834, 19.259913732998402 ], [ -99.142245709634395, 19.259993765035134 ], [ -99.142307933707869, 19.260141150519658 ], [ -99.142387892621969, 19.260280097381155 ], [ -99.142428386763072, 19.260945624500017 ], [ -99.142353222881582, 19.261223701172934 ], [ -99.142140796804341, 19.261779902678033 ], [ -99.142234349967893, 19.262251618284619 ], [ -99.142276593247843, 19.262440970677186 ], [ -99.142354796938378, 19.263208402811131 ], [ -99.142459721457911, 19.263400017171584 ], [ -99.142432105708679, 19.263967847256112 ], [ -99.142498634956993, 19.264079415911649 ], [ -99.142451102273313, 19.265253894483411 ], [ -99.142609572664057, 19.265314434263516 ], [ -99.142788530429272, 19.265428341610107 ], [ -99.143192321127799, 19.265520234478391 ], [ -99.143343227881232, 19.265697252658207 ], [ -99.143448334559267, 19.266095121433064 ], [ -99.143359250294367, 19.266468311779715 ], [ -99.143345358235422, 19.266562914217953 ], [ -99.14322711635603, 19.26733767896906 ], [ -99.143150478402603, 19.267357151235842 ], [ -99.143142664231476, 19.267430331680636 ], [ -99.14308270421904, 19.267991860695982 ], [ -99.143011358809972, 19.268557207293316 ], [ -99.142992489470217, 19.268706728775907 ], [ -99.142978248893627, 19.268819571557412 ], [ -99.14296448518985, 19.268928635438396 ], [ -99.14290666568931, 19.269386796832595 ], [ -99.143357743841719, 19.269514826504039 ], [ -99.143168826469733, 19.269794406956233 ], [ -99.143105931535629, 19.270129214077688 ], [ -99.142913268113929, 19.270382012234585 ], [ -99.142880330551733, 19.270407388176213 ], [ -99.142511142380158, 19.270691819258989 ], [ -99.142512064872378, 19.270782585137162 ], [ -99.142513565456582, 19.270916016629101 ], [ -99.142475119760363, 19.271096278460689 ], [ -99.142443546415109, 19.27132343615494 ], [ -99.142475481434019, 19.271514783611408 ], [ -99.142299846887838, 19.273008709724834 ], [ -99.142074951717817, 19.27395642269488 ], [ -99.141973377940914, 19.27466768340178 ], [ -99.141954759465662, 19.274852922634089 ], [ -99.141931884044453, 19.275080514583532 ], [ -99.141916912479189, 19.275198066332674 ], [ -99.141872031849601, 19.275550453111212 ], [ -99.141850266753906, 19.275725909421151 ], [ -99.141844159779083, 19.275775139888296 ], [ -99.141651450018315, 19.2773286259829 ], [ -99.141626237121841, 19.277531871899608 ], [ -99.141563459841521, 19.278037929253877 ], [ -99.141512493715538, 19.278448772812169 ], [ -99.141465713864889, 19.278825868563825 ], [ -99.141470685835628, 19.278944996117239 ], [ -99.141444150018174, 19.279207082176292 ], [ -99.141414913446354, 19.279415946397556 ], [ -99.141367028249434, 19.279758034083049 ], [ -99.141187795991286, 19.281011788920917 ], [ -99.141157986386077, 19.281220309461382 ], [ -99.141117684763643, 19.281860468223684 ], [ -99.141055767437237, 19.282293403437475 ], [ -99.141041484460587, 19.282400348285083 ], [ -99.141025851651264, 19.282502578281136 ], [ -99.140536625335628, 19.282430510867314 ], [ -99.139837213470855, 19.282344306070467 ], [ -99.138943072024688, 19.282234820722451 ], [ -99.137680531420543, 19.282207680081662 ], [ -99.135636823441061, 19.282368783165222 ], [ -99.134401638866066, 19.282619839877817 ], [ -99.131986612251296, 19.283295207271951 ], [ -99.13037968967727, 19.283744070629137 ], [ -99.129575855842887, 19.283968658092686 ], [ -99.129240182673698, 19.284062426272094 ], [ -99.128603023432817, 19.284240410691819 ], [ -99.128249386100123, 19.284339194818244 ], [ -99.127938598029985, 19.284426008881212 ], [ -99.127543949707203, 19.28453649562919 ], [ -99.125149969888085, 19.285206698867007 ], [ -99.125023777379852, 19.285242004678835 ], [ -99.124935386346806, 19.285261031260788 ], [ -99.124449966175916, 19.28536551937562 ], [ -99.122334033002161, 19.286199948782667 ], [ -99.117949060665268, 19.288053944245142 ], [ -99.115936140281732, 19.28894779117649 ], [ -99.11467907610681, 19.289506096679002 ], [ -99.113911078954871, 19.289849170438409 ], [ -99.112930600966536, 19.29026906663341 ], [ -99.110512440502248, 19.291309614764373 ], [ -99.110388632608036, 19.291357907823851 ], [ -99.110318398780635, 19.29138530259279 ], [ -99.107950954489482, 19.29239690860966 ], [ -99.106104794659146, 19.293028791128553 ], [ -99.105756119627429, 19.293148128999277 ], [ -99.105632922051811, 19.293190294526131 ], [ -99.104574073238197, 19.293620270663236 ], [ -99.103819215612859, 19.293926797277685 ], [ -99.102933877228935, 19.294311394647533 ], [ -99.102439979020303, 19.294513715373025 ], [ -99.101433264515777, 19.294920589549484 ], [ -99.101315230552203, 19.294957911312281 ], [ -99.101328290072871, 19.295200572853027 ], [ -99.101337919401843, 19.295375059331654 ], [ -99.101354013089406, 19.295630128767886 ], [ -99.101277082401865, 19.296404053232322 ], [ -99.101256758477987, 19.296674274607675 ], [ -99.101170191459772, 19.296747826908643 ], [ -99.101086778698132, 19.297903802544347 ], [ -99.101009795047531, 19.298622085590861 ], [ -99.100897024595483, 19.300015492948297 ], [ -99.100454010523066, 19.304623483754096 ], [ -99.100276073746159, 19.306457303372202 ], [ -99.100253129685981, 19.306715356303691 ], [ -99.099971039702027, 19.309887970592044 ], [ -99.099886214708917, 19.310847965346763 ], [ -99.099838786082316, 19.31138253270715 ], [ -99.099803369678909, 19.311781708244215 ], [ -99.09963714195311, 19.313655222572535 ], [ -99.099531169931083, 19.314849586841607 ], [ -99.099401513496687, 19.316310864524866 ], [ -99.099360397343489, 19.316776295776869 ], [ -99.099254996986446, 19.31796213095247 ], [ -99.099032522044126, 19.320469399625601 ], [ -99.098781452643365, 19.320493983537855 ] ] ] ] } }
]
}
