{
"type": "FeatureCollection",
"name": "cdmx",
"crs": { "type": "name", "properties": { "name": "urn:ogc:def:crs:EPSG::32614" } },
"features": [
{ "type": "Feature", "properties": { "ID": 16.0, "ENTIDAD": 9, "MUNICIPIO": 10, "NOMBRE": "ALVARO OBREGON", "CONTROL": 12.0, "GEOMETRY1_": null, "ClaveEnt": "09" }, "geometry": { "type": "MultiPolygon", "coordinates": [ [ [ [ 479819.549194376973901, 2145512.556415569968522 ], [ 479820.211256071983371, 2145484.788647280074656 ], [ 479820.873317766003311, 2145457.02087899018079 ], [ 479814.545766768977046, 2145394.44844936998561 ], [ 479811.897662254981697, 2145366.864681030157954 ], [ 479806.962235965998843, 2145315.455208850093186 ], [ 479804.507338879979216, 2145281.904963300097734 ], [ 479806.179126583971083, 2145261.580994029995054 ], [ 479813.508622389985248, 2145237.716834580060095 ], [ 479823.328205336991232, 2145216.44106870982796 ], [ 479833.966087066975888, 2145199.256796179804951 ], [ 479847.058864832972176, 2145185.345718270167708 ], [ 479868.334628863027319, 2145167.343146699946374 ], [ 479893.166340748022776, 2145148.849995430093259 ], [ 479910.849923620990012, 2145133.626369969919324 ], [ 479923.160636170010548, 2145120.700120369903743 ], [ 479936.253413855971303, 2145104.334146440029144 ], [ 479950.164490125025623, 2145086.331575119867921 ], [ 479958.177771273010876, 2145072.594240940175951 ], [ 479963.823711320001166, 2145062.915764539968222 ], [ 479984.533031116996426, 2145030.687264080159366 ], [ 479994.352613988972735, 2145006.956602179910988 ], [ 480031.039646557008382, 2144916.578185 ], [ 480058.695359452976845, 2144848.44840229023248 ], [ 480064.497286813973915, 2144832.879894929938018 ], [ 480095.958306382002775, 2144748.459480099845678 ], [ 480116.169707187975291, 2144694.225546699948609 ], [ 480128.404686690017115, 2144665.077334620058537 ], [ 480139.427105885988567, 2144635.540456090122461 ], [ 480147.143751832016278, 2144614.862088679801673 ], [ 480181.07568532199366, 2144527.610335350036621 ], [ 480196.171902403992135, 2144489.330636629834771 ], [ 480214.679380509012844, 2144443.342351280152798 ], [ 480219.726874297019094, 2144423.713205189909786 ], [ 480222.531037157983519, 2144402.401560950092971 ], [ 480221.970203734992538, 2144381.650749570224434 ], [ 480221.970203295990359, 2144368.751596540212631 ], [ 480184.779979619022924, 2144248.452974929939955 ], [ 480175.806655220978428, 2144221.533003670163453 ], [ 480151.690844781987835, 2144116.657281970139593 ], [ 480066.942732904979493, 2143788.149785549845546 ], [ 480045.813231611973606, 2143702.427068660035729 ], [ 480045.30210975400405, 2143700.353439290076494 ], [ 480010.921813521999866, 2143560.872040320187807 ], [ 479955.41743360797409, 2143427.457850169856101 ], [ 479952.787767179019284, 2143421.137000939808786 ], [ 479951.239041981985793, 2143417.414377280045301 ], [ 479947.912841260025743, 2143409.485125290229917 ], [ 479880.748666542989668, 2143250.398909320123494 ], [ 479870.51393332099542, 2143215.364633279852569 ], [ 479867.364784164994489, 2143190.958732979837805 ], [ 479865.423333443992306, 2143065.153003939893097 ], [ 479865.228502035024576, 2143042.694173830095679 ], [ 479864.78181128599681, 2142987.611229780130088 ], [ 479864.247300725022797, 2142921.698928109835833 ], [ 479864.885600500972942, 2142907.862657160032541 ], [ 479864.995606742973905, 2142905.478078269865364 ], [ 479865.209128965972923, 2142900.849608319811523 ], [ 479867.744935980008449, 2142845.881528759840876 ], [ 479871.242571238020901, 2142770.064129400067031 ], [ 479877.134109820995945, 2142693.616855590138584 ], [ 479879.275606010982301, 2142665.829284789972007 ], [ 479878.990972490981221, 2142621.169880929868668 ], [ 479860.95403487799922, 2142485.031281069852412 ], [ 479860.621192316000815, 2142482.519063000101596 ], [ 479854.307266496994998, 2142434.863023010082543 ], [ 479846.637484800012317, 2142363.77779723983258 ], [ 479831.946950749028474, 2142249.844258079770952 ], [ 479827.448285138991196, 2142206.910958140157163 ], [ 479824.335075012000743, 2142181.180556850042194 ], [ 479822.82210850098636, 2142154.892778560053557 ], [ 479824.806797092023771, 2142135.185797209851444 ], [ 479826.451194493973162, 2142128.5581059101969 ], [ 479832.189254641009029, 2142110.057896600104868 ], [ 479847.694301225012168, 2142069.785912119783461 ], [ 479864.62073824100662, 2142031.874844879843295 ], [ 479866.635459216020536, 2142022.025095750112087 ], [ 479873.96675611298997, 2141986.183191990014166 ], [ 479873.187919564021286, 2141940.231927790213376 ], [ 479865.659179278998636, 2141871.434837520122528 ], [ 479860.856362088001333, 2141824.315320970024914 ], [ 479856.0535448960145, 2141777.195804410148412 ], [ 479854.495873021020088, 2141720.600462050177157 ], [ 479855.568081810022704, 2141716.162708150222898 ], [ 479863.841891138989013, 2141681.918324030004442 ], [ 479868.514900201989803, 2141662.707060839980841 ], [ 479896.812567805987783, 2141592.482105169910938 ], [ 479914.92840953898849, 2141559.721716680098325 ], [ 479943.477672100998461, 2141506.295233829878271 ], [ 479958.166184641013388, 2141472.566052310168743 ], [ 479964.857499164005276, 2141445.800789180211723 ], [ 479966.326468905026559, 2141439.924909110181034 ], [ 479966.20135389000643, 2141434.438250320032239 ], [ 479968.502543899987359, 2141407.827785159926862 ], [ 479963.062351891014259, 2141357.2340138098225 ], [ 479959.603172121976968, 2141324.473556070122868 ], [ 479953.814025417028461, 2141269.646947280038148 ], [ 479944.267952154972591, 2141205.886333379894495 ], [ 479924.293013360991608, 2141072.46871493011713 ], [ 479936.396235872991383, 2141068.627064699772745 ], [ 479948.744340808014385, 2141063.792610689997673 ], [ 480026.387870859995019, 2141040.06306987022981 ], [ 480124.198053836997133, 2141015.629964400082827 ], [ 480128.765485450974666, 2141014.489014289807528 ], [ 480135.770410845987499, 2141014.158134399913251 ], [ 480142.775336241989862, 2141013.827254499774426 ], [ 480147.337848105991725, 2141013.562288609798998 ], [ 480153.104453333013225, 2141013.22751516988501 ], [ 480152.099702414008789, 2140997.584585490170866 ], [ 480242.681492673000321, 2140995.956490119919181 ], [ 480255.752777774992865, 2140988.860648769885302 ], [ 480300.230924587987829, 2140956.799140229821205 ], [ 480372.380602682009339, 2140905.965571159962565 ], [ 480390.572485799028073, 2140898.641753479838371 ], [ 480395.1578227240243, 2140895.689942489843816 ], [ 480443.017823203001171, 2140874.613976180087775 ], [ 480459.826772535976488, 2140867.211869080085307 ], [ 480487.414902642020024, 2140859.202410620171577 ], [ 480515.003032748994883, 2140851.192952159792185 ], [ 480557.404005685006268, 2140853.762706779874861 ], [ 480573.739052380027715, 2140854.752709100022912 ], [ 480598.993739021010697, 2140859.795449070166796 ], [ 480670.441495270002633, 2140848.166163580026478 ], [ 480719.077733609010465, 2140863.232823229860514 ], [ 480801.311519359005615, 2140905.586628170218319 ], [ 480815.387498222989962, 2140918.237401410005987 ], [ 480829.637693115975708, 2140931.400185070000589 ], [ 480936.200109070981853, 2140967.765112959779799 ], [ 480964.627207146026194, 2140975.684119880199432 ], [ 481032.990643099998124, 2140976.797848789952695 ], [ 481072.333604604995344, 2140974.554809330031276 ], [ 481088.742047659005038, 2140978.968114309944212 ], [ 481104.471520685008727, 2140984.173551079817116 ], [ 481117.032466836972162, 2140990.284281389787793 ], [ 481129.140766354976222, 2140998.545083629898727 ], [ 481146.303533526021056, 2141015.047751669771969 ], [ 481153.813267500023358, 2141023.335315090138465 ], [ 481160.990777085011359, 2141031.129155620001256 ], [ 481174.942523838020861, 2141047.40619311016053 ], [ 481179.196599641989451, 2141054.884074150118977 ], [ 481197.603582652984187, 2141084.321634789928794 ], [ 481216.614744792983402, 2141106.048676719889045 ], [ 481234.946936873020604, 2141127.549395310226828 ], [ 481279.36829915601993, 2141172.232323510106653 ], [ 481325.414343793003354, 2141213.661795639898628 ], [ 481340.289129192999098, 2141227.045236330013722 ], [ 481351.519707149011083, 2141237.149837499950081 ], [ 481400.066863131010905, 2141188.039369919802994 ], [ 481456.397823515988421, 2141131.055017769802362 ], [ 481646.179314532026183, 2140939.071179800201207 ], [ 481671.050565995974466, 2140916.69343619979918 ], [ 481686.60651340597542, 2140897.407556570135057 ], [ 481754.485190602019429, 2140791.366957180202007 ], [ 481763.958067902014591, 2140779.501937889959663 ], [ 481781.443326895998325, 2140757.601207139901817 ], [ 481797.275120674981736, 2140741.845872890204191 ], [ 481835.834416439989582, 2140704.569336960092187 ], [ 481890.238672733015846, 2140668.589774009771645 ], [ 481956.937566170003265, 2140626.262197460047901 ], [ 481951.525494363973849, 2140609.468515140004456 ], [ 481888.736281813005917, 2140441.904709849972278 ], [ 481855.765287789981812, 2140360.014467650093138 ], [ 481828.920942151977215, 2140314.174041729886085 ], [ 481769.417142493010033, 2140244.389482410158962 ], [ 481702.987464556004852, 2140170.127485979814082 ], [ 481622.371103679994121, 2140078.02807775977999 ], [ 481593.709587302990258, 2140035.34734256984666 ], [ 481570.022385541989934, 2140004.965932350140065 ], [ 481559.054931528982706, 2139992.791361710056663 ], [ 481508.659653946000617, 2139944.06664690002799 ], [ 481399.309740384982433, 2139851.539799110032618 ], [ 481392.338847799983341, 2139838.638446129858494 ], [ 481385.367955214984249, 2139825.737093139905483 ], [ 481378.436679283971898, 2139812.909060529898852 ], [ 481366.597861738991924, 2139793.389829149935395 ], [ 481359.747394191974308, 2139782.095131809823215 ], [ 481354.759044191974681, 2139773.870597769971937 ], [ 481347.081849532027263, 2139761.212835430167615 ], [ 481334.305155968002509, 2139749.955497620161623 ], [ 481271.578249720972963, 2139692.553356590215117 ], [ 481136.008386973990127, 2139573.467882509808987 ], [ 481112.354212084028404, 2139550.579657529946417 ], [ 481096.985357058001682, 2139530.218160159885883 ], [ 481093.379210625018459, 2139525.982369219884276 ], [ 481083.125444144010544, 2139510.345375800039619 ], [ 481080.716385681997053, 2139503.707479120232165 ], [ 481079.983066604996566, 2139491.791050009895116 ], [ 481079.671528233971912, 2139486.728553949855268 ], [ 481030.21003993100021, 2139258.354502770118415 ], [ 481017.842320584983099, 2139256.473963790107518 ], [ 481007.390565152978525, 2139248.862166749779135 ], [ 481003.027858566027135, 2139232.945113089866936 ], [ 480925.246632938971743, 2139261.423406220041215 ], [ 480903.024030969012529, 2139268.80359666980803 ], [ 480842.818012639996596, 2139209.881536810193211 ], [ 480783.540150786982849, 2139170.488292530179024 ], [ 480766.436154922004789, 2139142.56861890014261 ], [ 480756.885306514974218, 2139106.036551319994032 ], [ 480739.506682661012746, 2139039.563183300197124 ], [ 480732.959343312017154, 2139014.519560640212148 ], [ 480730.001337222987786, 2139003.205164920073003 ], [ 480709.06395366997458, 2138947.409082680009305 ], [ 480698.550408221024554, 2138932.983539870008826 ], [ 480661.662808132008649, 2138882.370389739982784 ], [ 480627.667134163028095, 2138872.025004290044308 ], [ 480598.853789663000498, 2138854.46687307022512 ], [ 480536.418255858006887, 2138809.234309500083327 ], [ 480451.474406822002493, 2138736.879393179900944 ], [ 480421.63996144302655, 2138708.965099200140685 ], [ 480420.498232127982192, 2138703.827317889779806 ], [ 480416.762017262983136, 2138687.014352980069816 ], [ 480395.649080250004772, 2138674.730462799780071 ], [ 480378.435318065981846, 2138664.715183340013027 ], [ 480371.085234109021258, 2138614.336922289803624 ], [ 480286.661194721003994, 2138578.813158079981804 ], [ 480278.816570331982803, 2138575.512314040213823 ], [ 480276.775186282990035, 2138573.785787910223007 ], [ 480274.733802233007737, 2138572.059261769987643 ], [ 480193.918336422997527, 2138498.670321349985898 ], [ 480176.107516659016255, 2138485.38288437994197 ], [ 480098.951051133975852, 2138438.307378329802305 ], [ 480092.41845076502068, 2138424.620589780155569 ], [ 480046.433155220001936, 2138365.8993013901636 ], [ 480014.963749054004438, 2138343.602634440176189 ], [ 480006.443589651025832, 2138331.271994879934937 ], [ 479998.38260980299674, 2138319.605894249863923 ], [ 480002.343434442998841, 2138212.878377540037036 ], [ 479924.983428710023873, 2138110.652658780105412 ], [ 479915.308970499027055, 2138110.696660839952528 ], [ 479844.451862443005666, 2138106.169148989953101 ], [ 479719.347667780995835, 2138087.041278549935669 ], [ 479711.313521779025905, 2138085.812893650028855 ], [ 479703.124688568990678, 2138084.734299960080534 ], [ 479690.140563917986583, 2138083.024093570187688 ], [ 479568.166757275001146, 2138052.066277880221605 ], [ 479558.917561820009723, 2138049.718766590114683 ], [ 479417.999125137983356, 2138013.952669720165431 ], [ 479403.203716620977502, 2138010.518021719995886 ], [ 479263.279119427024852, 2137978.035529830027372 ], [ 479231.506261123984586, 2137971.128387620206922 ], [ 479199.733402822981589, 2137964.22124542016536 ], [ 479126.517684542981442, 2137911.726958639919758 ], [ 479050.228489715023898, 2137797.66918074991554 ], [ 478989.455451208981685, 2137712.481475159991533 ], [ 479132.448471980984323, 2137728.917485780082643 ], [ 479157.251935994019732, 2137731.768464080058038 ], [ 479181.19112800899893, 2137734.520100580062717 ], [ 479197.272363999974914, 2137738.348994640167803 ], [ 479220.378772386990022, 2137743.499262089841068 ], [ 479243.129637707024813, 2137674.617699109949172 ], [ 479525.80796118802391, 2137396.183439690154046 ], [ 479540.734725921007339, 2137368.61008726991713 ], [ 479543.541796312027145, 2137350.532420089934021 ], [ 479522.941018235986121, 2136588.942440180107951 ], [ 479534.443981778982561, 2136515.874283370096236 ], [ 479497.193890681024641, 2136413.372840519994497 ], [ 479231.55231791298138, 2135969.694193370174617 ], [ 478827.349833202024456, 2135295.014373649843037 ], [ 478806.626093710015994, 2135260.372619010042399 ], [ 478894.958467359014321, 2135223.302126899827272 ], [ 478788.819009737984743, 2135115.284098220057786 ], [ 478699.824794457992539, 2135021.50525071984157 ], [ 478423.27287853002781, 2134744.953343790024519 ], [ 478450.794883340015076, 2134722.832757459953427 ], [ 478450.887298816000111, 2134696.71402736986056 ], [ 478478.741299538000021, 2134674.584106090012938 ], [ 478479.081925623002462, 2134667.028534569777548 ], [ 478478.858501349983271, 2134652.877114470116794 ], [ 478478.528331740992144, 2134645.101118419785053 ], [ 478377.644771778024733, 2134665.253511030226946 ], [ 478036.927321253984701, 2134728.463222180027515 ], [ 477765.575685983989388, 2134779.51064393017441 ], [ 477560.432120262994431, 2134818.730804199818522 ], [ 477453.268934805993922, 2134845.71995763015002 ], [ 477406.453757191018667, 2134862.783436350058764 ], [ 477351.76214796298882, 2134887.767773900181055 ], [ 477302.760326972987968, 2134914.848921199794859 ], [ 477260.644766603014432, 2134939.909150559920818 ], [ 477213.889847605023533, 2134976.793598520103842 ], [ 477184.508797165995929, 2135000.259626930113882 ], [ 477148.828285387018695, 2135035.170059919822961 ], [ 477093.212061005004216, 2135102.30817990982905 ], [ 477008.424975566973444, 2135217.091129459906369 ], [ 476968.19316380500095, 2135274.410669730044901 ], [ 476907.497865009005181, 2135365.453617929946631 ], [ 476847.571598462003749, 2135495.692546059843153 ], [ 476815.214876781974453, 2135590.818943850230426 ], [ 476795.358127853018232, 2135691.6295106401667 ], [ 476779.31613691302482, 2135804.914462919812649 ], [ 476756.857719724997878, 2135926.929159690160304 ], [ 476742.140121800999623, 2136016.959055790212005 ], [ 476727.662312218977604, 2136098.227871540002525 ], [ 476724.767248783027753, 2136161.919326299801469 ], [ 476730.094471284013707, 2136188.555434329900891 ], [ 476737.033774239011109, 2136223.024411070160568 ], [ 476741.172625696985051, 2136234.295978649985045 ], [ 476775.283231339999475, 2136288.578049410134554 ], [ 476804.337078567012213, 2136334.813024180009961 ], [ 476833.812884129001759, 2136369.346399470232427 ], [ 477500.759627251012716, 2136844.219534249976277 ], [ 477499.089295662997756, 2136849.535738859791309 ], [ 477661.981756434019189, 2137008.929816199932247 ], [ 477907.48491188097978, 2137483.103744530119002 ], [ 477975.252116940973792, 2137653.210662370081991 ], [ 478011.583630184002686, 2137724.260713839903474 ], [ 478049.423814710986335, 2137775.016541520133615 ], [ 478125.538221382012125, 2137885.444671520031989 ], [ 478265.820983382000122, 2138015.607733929995447 ], [ 478304.083704794989899, 2138049.659148380160332 ], [ 478294.767060808022507, 2138058.419912039767951 ], [ 478288.538460823998321, 2138064.276880760211498 ], [ 478266.64270857500378, 2138084.866216459777206 ], [ 478247.337705316022038, 2138086.621217560023069 ], [ 478194.415509874001145, 2138067.675103879999369 ], [ 478181.732474190997891, 2138107.175449760165066 ], [ 478161.127371006004978, 2138158.983692440204322 ], [ 478154.329922534001525, 2138161.410243200138211 ], [ 478015.092665460018907, 2138090.131227029953152 ], [ 478009.242663919983897, 2138076.091224249918014 ], [ 477976.482657922024373, 2138066.731223490089178 ], [ 477899.262644288013689, 2138057.956224539782852 ], [ 477851.369422991992906, 2138029.384797669947147 ], [ 477804.953256664972287, 2138044.588555320166051 ], [ 477666.167650707007851, 2138051.576345509849489 ], [ 477611.532747399993241, 2138072.825723140034825 ], [ 477587.064733711013105, 2138077.377099050208926 ], [ 477546.258194327005185, 2138084.968858699779958 ], [ 477506.794321594003122, 2138069.790447240229696 ], [ 477457.506643111992162, 2138059.752974450122565 ], [ 477384.872322059003636, 2138034.629086030181497 ], [ 477346.171389934024774, 2137976.023391750175506 ], [ 477310.849157908989582, 2137946.451291639823467 ], [ 477268.133901945024263, 2137945.629846040159464 ], [ 477209.216207764984574, 2137911.415237079840153 ], [ 477193.382201893022284, 2137890.592882310040295 ], [ 477115.278373704990372, 2137870.93796169012785 ], [ 477088.293522131978534, 2137871.701684989966452 ], [ 477025.668299718992785, 2137852.354057210031897 ], [ 476985.70016901101917, 2137815.949965020176023 ], [ 476936.735853607999161, 2137805.384037480223924 ], [ 476855.767386446008459, 2137787.911987680010498 ], [ 476768.693979670002591, 2137777.233176719862968 ], [ 476711.19267276400933, 2137756.696997419930995 ], [ 476680.799126091995277, 2137777.233180239796638 ], [ 476558.114193724002689, 2137698.404309310019016 ], [ 476555.946208290988579, 2137697.011311490088701 ], [ 476547.780063007026911, 2137691.7643100800924 ], [ 476496.001731803000439, 2137685.494565720204264 ], [ 476450.585463972995058, 2137662.950962950009853 ], [ 476433.529000196023844, 2137639.2755739800632 ], [ 476385.923647508025169, 2137608.47211193991825 ], [ 476367.085166223987471, 2137609.235834950115532 ], [ 476346.973814341006801, 2137604.144354119896889 ], [ 476328.346305440994911, 2137573.29701197007671 ], [ 476265.073995478975121, 2137551.757504180073738 ], [ 476227.379853069025557, 2137531.564214750193059 ], [ 476137.232547799998429, 2137529.875845610164106 ], [ 476103.062746719981078, 2137509.925059219822288 ], [ 476006.710865475004539, 2137471.400855080224574 ], [ 475909.735153016983531, 2137420.431006269995123 ], [ 475792.309585854003672, 2137378.663155820220709 ], [ 475713.057721390970983, 2137335.374139780178666 ], [ 475675.712887830974068, 2137273.693336910102516 ], [ 475636.435964477015659, 2137242.671971119940281 ], [ 475563.853035646025091, 2137156.357832639943808 ], [ 475527.479028330009896, 2137131.717377290129662 ], [ 475501.66521585197188, 2137094.561133869923651 ], [ 475168.331908778985962, 2136864.273734880145639 ], [ 475174.896459434996359, 2136835.537880959920585 ], [ 475088.385316026979126, 2136764.500278660096228 ], [ 475050.404815049027093, 2136756.76351132011041 ], [ 474981.388949549989775, 2136755.955224949866533 ], [ 474974.111944021016825, 2136755.669213959947228 ], [ 474921.924333781993482, 2136751.39141994016245 ], [ 474916.962829136988148, 2136750.281177860219032 ], [ 474872.093699369987007, 2136768.612786899786443 ], [ 474862.583315627009142, 2136772.194413289893419 ], [ 474814.919185302976985, 2136753.235572 ], [ 474780.082547143974807, 2136751.98503716988489 ], [ 474755.622788635024335, 2136751.107002379838377 ], [ 474728.977245473011862, 2136772.940405770204961 ], [ 474720.895202216983307, 2136790.173300980124623 ], [ 474696.218983826984186, 2136830.267371830064803 ], [ 474581.760306486976333, 2137026.923741269856691 ], [ 474564.263711047999095, 2137056.985393359791487 ], [ 474530.634646049002185, 2137114.764934270177037 ], [ 474526.226949594973121, 2137116.696779880207032 ], [ 474498.225386111007538, 2137128.974760659970343 ], [ 474468.514768439985346, 2137161.935873109847307 ], [ 474399.205474162008613, 2137193.350855660159141 ], [ 474391.728369915974326, 2137196.739911950193346 ], [ 474335.824390625988599, 2137204.788347609806806 ], [ 474316.247121130989399, 2137196.739915269892663 ], [ 474265.381923760985956, 2137179.424951979890466 ], [ 474224.620011095015798, 2137154.879577979911119 ], [ 474185.455287536024116, 2137158.978211840149015 ], [ 474157.475044690014329, 2137157.908776780124754 ], [ 474128.650131419999525, 2137150.580410060007125 ], [ 474117.35963698499836, 2137149.184607630129904 ], [ 474096.601632024976425, 2137146.618371579796076 ], [ 474011.75056890497217, 2137136.128545760177076 ], [ 473972.127526006021071, 2137131.230094249825925 ], [ 473946.576132301008329, 2137128.071269140113145 ], [ 473876.546211000997573, 2137099.542713460046798 ], [ 473847.664938797999639, 2137088.691239949781448 ], [ 473824.602615499985404, 2137080.012990139890462 ], [ 473797.842107107979245, 2137066.486817679833621 ], [ 473783.448701262997929, 2137059.211631160229445 ], [ 473766.104256791993976, 2137054.190871560014784 ], [ 473756.610287368006539, 2137051.442617599852383 ], [ 473741.39835893001873, 2137049.073547380045056 ], [ 473737.948404487979133, 2137048.536259530112147 ], [ 473719.286521609988995, 2137045.629901470150799 ], [ 473709.702240160026122, 2137044.1372678601183 ], [ 473705.21568456402747, 2137043.438542160205543 ], [ 473670.44485380401602, 2137038.023414169903845 ], [ 473610.864504105993547, 2137043.472839340101928 ], [ 473581.506544167990796, 2137046.158020060043782 ], [ 473572.23019212501822, 2137046.797830659896135 ], [ 473540.106947508000303, 2137048.946859870105982 ], [ 473503.057906789006665, 2137051.442629099823534 ], [ 473463.506560029985849, 2137040.848519850056618 ], [ 473374.611293655994814, 2137040.352979240007699 ], [ 473341.689261670981068, 2137034.367156549822539 ], [ 473302.712941900012083, 2137027.280554510187358 ], [ 473232.3066633020062, 2137007.553045010194182 ], [ 473211.232561552023981, 2136996.745814130175859 ], [ 473175.089092486014124, 2136978.21070312988013 ], [ 473159.485769117018208, 2136956.257191259879619 ], [ 473140.140873691998422, 2136929.03937481995672 ], [ 473133.031730989983771, 2136919.03697693021968 ], [ 473126.185183633002453, 2136906.444221059791744 ], [ 473119.338636273983866, 2136893.851465180050582 ], [ 473112.492088913975749, 2136881.258709299843758 ], [ 473109.976167925982736, 2136876.641984269954264 ], [ 473105.637086612987332, 2136868.679752780124545 ], [ 473097.331876478972845, 2136844.214000029955059 ], [ 473085.221506219008006, 2136816.613623640034348 ], [ 473081.143664775998332, 2136807.319939279928803 ], [ 473079.625047008972615, 2136803.858903729822487 ], [ 473076.303194869018625, 2136796.288171600084752 ], [ 473074.016617267974652, 2136789.705600429791957 ], [ 473060.164903878991026, 2136749.829460159875453 ], [ 473052.592025997000746, 2136744.925321349874139 ], [ 473043.163569203985389, 2136724.354144569952041 ], [ 473012.306802337989211, 2136674.640467720106244 ], [ 473008.334750172973145, 2136668.059904110152274 ], [ 473006.946971045981627, 2136665.760747789870948 ], [ 472992.216819139022846, 2136641.357064850162715 ], [ 472976.224748642009217, 2136614.86274079978466 ], [ 472968.106506192008965, 2136601.413116110023111 ], [ 472963.557871758006513, 2136593.877319249790162 ], [ 472953.534918016986921, 2136577.431543959770352 ], [ 472936.022017657000106, 2136553.784805099945515 ], [ 472906.450950721977279, 2136534.499327830038965 ], [ 472894.708011117007118, 2136526.840889430139214 ], [ 472882.965071511978749, 2136519.182451019994915 ], [ 472876.879883783985861, 2136515.213850569911301 ], [ 472869.635340394976083, 2136514.090087019838393 ], [ 472862.390797007014044, 2136512.966323470231146 ], [ 472847.901710230973549, 2136510.718796379864216 ], [ 472802.373349544010125, 2136477.798291299957782 ], [ 472800.815513299021404, 2136475.969527109991759 ], [ 472799.257677053974476, 2136474.140762920025736 ], [ 472788.219245504005812, 2136461.182604840025306 ], [ 472770.153278219979256, 2136439.974731340073049 ], [ 472755.581044466001913, 2136428.90111383004114 ], [ 472750.801604112028144, 2136424.566245739813894 ], [ 472743.009142111986876, 2136417.747841849923134 ], [ 472741.225283804989886, 2136416.186965909786522 ], [ 472727.64086328697158, 2136404.300598599947989 ], [ 472682.284412642999087, 2136367.629427750129253 ], [ 472666.843918460013811, 2136347.846295679919422 ], [ 472661.651746543007903, 2136341.193825779948384 ], [ 472656.459574626001995, 2136334.541355890221894 ], [ 472651.403424275980797, 2136328.063163610175252 ], [ 472639.791602796991356, 2136303.180691049899906 ], [ 472631.137774832022842, 2136284.636775500141084 ], [ 472622.090827564010397, 2136267.174064630176872 ], [ 472613.043880296987481, 2136249.71135376021266 ], [ 472589.641445425979327, 2136204.539215399883687 ], [ 472583.807923239015508, 2136196.095960109960288 ], [ 472571.305858430976514, 2136178.000867390073836 ], [ 472552.97027143399464, 2136151.462519379798323 ], [ 472541.174683680990711, 2136122.563332110177726 ], [ 472537.047192667028867, 2136112.450980079825968 ], [ 472514.369033803988714, 2136056.889496100135148 ], [ 472510.962656241026707, 2136040.643698589876294 ], [ 472501.823630188009702, 2135997.057582850102335 ], [ 472454.386284942971542, 2135964.680544429924339 ], [ 472445.187921348027885, 2135963.128557540010661 ], [ 472437.911586011992767, 2135961.900863409973681 ], [ 472420.148741726996377, 2135955.324543879833072 ], [ 472407.996257852006238, 2135941.565602540038526 ], [ 472403.211915381019935, 2135936.094667959958315 ], [ 472401.398117595002986, 2135931.663574459962547 ], [ 472393.758279818983283, 2135912.999511799775064 ], [ 472394.73184520000359, 2135908.307911859825253 ], [ 472395.274032406974584, 2135905.695118189789355 ], [ 472396.969135767023545, 2135897.526435359846801 ], [ 472370.611382754985243, 2135869.671084249857813 ], [ 472364.289855398994405, 2135862.990379570052028 ], [ 472361.12909172300715, 2135859.650027229916304 ], [ 472357.968328045972157, 2135856.309674880001694 ], [ 472356.037285219004843, 2135854.26891383016482 ], [ 472343.087909421010409, 2135843.337802030146122 ], [ 472291.426088144013193, 2135799.72788965003565 ], [ 472283.841732862987556, 2135793.60640277992934 ], [ 472215.234173694974743, 2135729.841733620036393 ], [ 472195.055479632981587, 2135707.241597520187497 ], [ 472192.246985147998203, 2135704.580918679945171 ], [ 472187.976874766987748, 2135700.535551169887185 ], [ 472179.719672275008634, 2135692.71293871011585 ], [ 472171.244620739016682, 2135682.623592210002244 ], [ 472162.769569201976992, 2135672.534245709888637 ], [ 472155.869763666996732, 2135662.36611186992377 ], [ 472144.058785632019863, 2135644.960461100097746 ], [ 472116.762145948014222, 2135604.733836700208485 ], [ 472099.386726400000043, 2135576.933167260140181 ], [ 472092.547712503001094, 2135565.990745740011334 ], [ 472072.313206879014615, 2135505.006799660157412 ], [ 472058.717311566986609, 2135447.360203539952636 ], [ 472036.420043256017379, 2135401.677995290141553 ], [ 472025.543327005987521, 2135400.590323660057038 ], [ 472014.666610757005401, 2135399.502652040217072 ], [ 471999.439208007010166, 2135400.590323660057038 ], [ 472004.877566131995991, 2135375.030040480196476 ], [ 471999.983043820015155, 2135357.627294479869306 ], [ 471997.263864758017007, 2135329.347832229919732 ], [ 471988.018655945023056, 2135319.558787600137293 ], [ 471976.598103882977739, 2135309.769742980133742 ], [ 471969.528238321014214, 2135306.506728100124747 ], [ 471951.581656510010362, 2135388.625935790129006 ], [ 471795.500778328976594, 2135361.977980980183929 ], [ 471788.430912767013069, 2135382.099906039889902 ], [ 471782.992554642027244, 2135396.511555070057511 ], [ 471775.378853267000522, 2135403.309502719901502 ], [ 471755.256928206013981, 2135410.923204100225121 ], [ 471742.204868706001434, 2135412.010875720065087 ], [ 471720.451436206989456, 2135372.310861410107464 ], [ 471710.662391583027784, 2135358.714966100174934 ], [ 471689.996630708978046, 2135352.18893634993583 ], [ 471644.858258272986859, 2135333.15468291984871 ], [ 471622.560989962017629, 2135320.102623419836164 ], [ 471606.245915587001946, 2135320.646459230221808 ], [ 471585.036318900994956, 2135329.347832229919732 ], [ 471565.976315711974166, 2135313.464113689959049 ], [ 471555.669185027014464, 2135304.875220669899136 ], [ 471548.055483651987743, 2135301.61220578989014 ], [ 471540.441782278008759, 2135298.349190920125693 ], [ 471517.056842340971343, 2135293.99850441981107 ], [ 471498.02258890500525, 2135302.699877419974655 ], [ 471470.286962468002457, 2135406.028681789990515 ], [ 471411.552694720972795, 2135429.957457540091127 ], [ 471344.117053974012379, 2135503.919128030072898 ], [ 471335.415680974023417, 2135545.250649780035019 ], [ 471261.454010477988049, 2135606.16026077978313 ], [ 471256.559488165017683, 2135617.580812839791179 ], [ 471241.875921229016967, 2135651.842469030059874 ], [ 471196.193712981010322, 2135680.121931270230561 ], [ 471183.141653480997775, 2135756.2589450199157 ], [ 471179.276217703998554, 2135762.133223209995776 ], [ 471161.64675327797886, 2135788.924608259927481 ], [ 471152.686847981996834, 2135854.14939126977697 ], [ 471116.701998737000395, 2135870.204170159995556 ], [ 471011.289536739001051, 2135917.234345510136336 ], [ 470948.28037570102606, 2135960.796297329943627 ], [ 470829.175202568003442, 2136002.137005189899355 ], [ 470782.519287655013613, 2135975.046473950147629 ], [ 470713.287930041027721, 2135794.442932350095361 ], [ 470771.455437937984243, 2134497.749625950120389 ], [ 470716.66421610902762, 2134438.929369309917092 ], [ 470181.369063051010016, 2133864.271655910182744 ], [ 470135.13690239097923, 2133674.593168389983475 ], [ 470111.170272337971255, 2133576.26434116018936 ], [ 470096.040160674019717, 2133540.444080490153283 ], [ 470060.289898831979372, 2133494.523747160099447 ], [ 469962.309183362987824, 2133410.833141350187361 ], [ 469741.367577327997424, 2133363.542807640042156 ], [ 469625.356732057989575, 2133301.312359460163862 ], [ 469558.726244586985558, 2133227.991827750112861 ], [ 469497.595797962974757, 2133172.531426120083779 ], [ 469378.824932739022188, 2133113.030998039990664 ], [ 469305.589400071010459, 2133092.335850839968771 ], [ 469105.822950151981786, 2133093.420869360212237 ], [ 469053.392569447983988, 2133090.68085215985775 ], [ 468676.03115324099781, 2132805.750850600190461 ], [ 468380.857658386987168, 2132551.066949110012501 ], [ 468351.647439245018177, 2132421.696006190031767 ], [ 468289.16697852301877, 2132291.705060529988259 ], [ 468193.936280567024369, 2132171.884190899785608 ], [ 467839.273705466010142, 2132166.854173750150949 ], [ 467237.145472735981457, 2132238.583151089958847 ], [ 469304.540799145994242, 2135592.379360090009868 ], [ 469322.699034590972587, 2135621.836369500029832 ], [ 469484.78337904298678, 2135884.77488854015246 ], [ 469489.686331283999607, 2135892.728617850225419 ], [ 469801.89984095498221, 2136399.211573590058833 ], [ 469807.694329339021351, 2136408.61158196022734 ], [ 469945.753529003006406, 2136632.575726199895144 ], [ 469948.85967596701812, 2136637.614619280211627 ], [ 469981.426142625976354, 2136690.445005480200052 ], [ 469982.553044070024043, 2136692.273101809900254 ], [ 469983.741239792027045, 2136694.200631749816239 ], [ 470043.08133443800034, 2136790.464071980211884 ], [ 470048.384422124014236, 2136799.066914080176502 ], [ 470066.434241777984425, 2136828.34792122989893 ], [ 470071.472545571974479, 2136836.521222250070423 ], [ 470074.578141004021745, 2136841.559220619965345 ], [ 470098.793467089999467, 2136880.842113739810884 ], [ 470100.015137362992391, 2136882.823947169817984 ], [ 470101.07200007600477, 2136884.538424389902502 ], [ 470163.911328012996819, 2136986.478435200173408 ], [ 470165.830279111978598, 2136989.591420370154083 ], [ 470182.806797328987159, 2137017.131282859947532 ], [ 470184.328883175970986, 2137019.60046024993062 ], [ 470197.188013383012731, 2137040.460812460165471 ], [ 470198.999356769025326, 2137043.399381809867918 ], [ 470201.652004020987079, 2137047.702592850197107 ], [ 470212.126501318998635, 2137064.694664579816163 ], [ 470217.628466268011834, 2137073.620131880044937 ], [ 470229.483560607011896, 2137092.851853230036795 ], [ 470231.521576118015219, 2137096.157988579943776 ], [ 470233.936265054973774, 2137100.075175859965384 ], [ 470287.034382981015369, 2137186.212677530013025 ], [ 470294.614847377990372, 2137198.50995454005897 ], [ 470303.298458166013006, 2137212.596791659947485 ], [ 470315.440784142992925, 2137232.294469569809735 ], [ 470328.278142779017799, 2137253.119652159977704 ], [ 470399.981430791027378, 2137369.439068589825183 ], [ 470408.115421722002793, 2137382.634294429793954 ], [ 470499.620245075027924, 2137531.07640843000263 ], [ 470502.666938923997805, 2137536.018854729831219 ], [ 470506.612711252993904, 2137542.419815519824624 ], [ 470508.883509584004059, 2137546.103578759822994 ], [ 470530.338645451003686, 2137580.90880111977458 ], [ 470531.904215989983641, 2137583.448520800098777 ], [ 470544.301847103983164, 2137603.560363039840013 ], [ 470545.607237039017491, 2137605.677963050082326 ], [ 470555.331459379987791, 2137621.452960419934243 ], [ 470558.471172416990157, 2137626.546305490192026 ], [ 470614.574474398978055, 2137717.558914919849485 ], [ 470621.201307558978442, 2137728.30918018007651 ], [ 470634.231495108979288, 2137766.204374730121344 ], [ 470650.370083831017837, 2137766.03837443003431 ], [ 470692.392862242006231, 2137796.815620590001345 ], [ 470723.769389247987419, 2137845.793613969814032 ], [ 470752.084791667992249, 2137857.27283116010949 ], [ 470795.461954891972709, 2137911.517728109844029 ], [ 470873.410193381016143, 2137947.028951650019735 ], [ 470973.458684197976254, 2138048.61664404021576 ], [ 471097.991869881981984, 2138059.689694410189986 ], [ 471214.886299339996185, 2138033.301824559923261 ], [ 471250.528331106994301, 2138031.838989660143852 ], [ 471279.733197337016463, 2138052.110602689906955 ], [ 471311.329843426996376, 2138140.541640399955213 ], [ 471356.00943619501777, 2138221.155240159947425 ], [ 471417.301793194026686, 2138302.476411370094866 ], [ 471412.684174728987273, 2138382.515203429851681 ], [ 471461.977503413974773, 2138424.792285600211471 ], [ 471505.036625900014769, 2138441.005085240118206 ], [ 471536.987630172981881, 2138464.009806890040636 ], [ 471554.168263189028949, 2138472.438825760036707 ], [ 471589.911298462015111, 2138488.060365010052919 ], [ 471653.788410892011598, 2138536.54539924999699 ], [ 471751.3873972609872, 2138599.350264430046082 ], [ 471898.52240126702236, 2138587.339236029889435 ], [ 471912.598377496004105, 2138605.112936520017684 ], [ 471965.811580270004924, 2138666.333334839902818 ], [ 471994.689143631025217, 2138718.068045979831368 ], [ 472049.406901683018077, 2138773.514755260199308 ], [ 472152.177644509996753, 2138796.481992959976196 ], [ 472441.255481667991262, 2139069.115282500162721 ], [ 472513.092189704009797, 2139101.880734529811889 ], [ 472570.827763859997503, 2139123.436874490231276 ], [ 472718.102214972022921, 2139159.55951636005193 ], [ 472789.372316683002282, 2139164.310853320173919 ], [ 472889.150460318021942, 2139197.570230729877949 ], [ 472915.282831081014592, 2139202.321569810155779 ], [ 472948.439950453990605, 2139224.905733659863472 ], [ 472978.608894963981584, 2139263.482416810002178 ], [ 473054.525829102029093, 2139297.113371349871159 ], [ 473086.425778625998646, 2139321.347441529855132 ], [ 473149.180299199011642, 2139356.837814659811556 ], [ 473120.27026364399353, 2139367.400306470226496 ], [ 473030.017207948025316, 2139344.27247426006943 ], [ 473001.671985969005618, 2139327.841590090189129 ], [ 472974.650579301989637, 2139323.71440117014572 ], [ 472906.590897956979461, 2139323.091429260093719 ], [ 472874.819330464000814, 2139310.943476980086416 ], [ 472843.273668217996601, 2139318.507511420175433 ], [ 472759.919948514027055, 2139288.205002210102975 ], [ 472729.550529905012809, 2139284.620477280113846 ], [ 472706.967336026020348, 2139289.13946007983759 ], [ 472687.28369134402601, 2139304.481094790156931 ], [ 472683.655006761022378, 2139318.729417849797755 ], [ 472690.614323346002493, 2139321.533999479841441 ], [ 472735.001072049024515, 2139329.632634330075234 ], [ 472785.169066052010749, 2139353.482025910168886 ], [ 472796.93888292502379, 2139368.04760573990643 ], [ 472802.660399146028794, 2139379.249594749882817 ], [ 472804.81418229197152, 2139383.4664236898534 ], [ 472814.316862709005363, 2139388.217763539869338 ], [ 472814.910780499980319, 2139394.15693888021633 ], [ 472823.269094738003332, 2139392.303520769812167 ], [ 472848.972153897979297, 2139386.485986819956452 ], [ 472847.037812520982698, 2139396.756146720144898 ], [ 472838.289394517021719, 2139450.084482159931213 ], [ 472833.324130899971351, 2139506.121028690133244 ], [ 472847.729201352980454, 2139512.330557549837977 ], [ 472860.681197180994786, 2139517.881412900052965 ], [ 472871.474527037993539, 2139525.590934230014682 ], [ 472880.417571776022669, 2139532.066932139918208 ], [ 472887.201950544025749, 2139539.776453469879925 ], [ 472890.783439156017266, 2139545.956515950150788 ], [ 472892.028776650025975, 2139554.175743409898132 ], [ 472892.526911647000816, 2139561.398700870107859 ], [ 472891.281574152992107, 2139568.372590839862823 ], [ 472889.538101662008557, 2139573.353940810076892 ], [ 472884.734903718985151, 2139581.099487780127674 ], [ 472876.408620687026996, 2139589.425770809873939 ], [ 472867.157195094972849, 2139593.43472190015018 ], [ 472855.747103532019537, 2139596.51853042980656 ], [ 472839.40291831997456, 2139595.593387870118022 ], [ 472825.235661905026063, 2139592.015178570058197 ], [ 472809.622089274984319, 2139768.627045299857855 ], [ 472795.193269394978415, 2139845.776011140085757 ], [ 472793.816706442972645, 2139852.051606129854918 ], [ 472791.79195336101111, 2139853.131148079875857 ], [ 472789.516812661022414, 2139858.051000049803406 ], [ 472769.021289928990882, 2139902.37130866991356 ], [ 472770.046011287020519, 2139929.332328020129353 ], [ 472772.665981240977999, 2139998.265272649936378 ], [ 472762.66553139797179, 2140027.981486420147121 ], [ 472757.287400007015094, 2140043.962537730112672 ], [ 472754.658371874014847, 2140051.774662510026246 ], [ 472741.097595005005132, 2140059.965323220007122 ], [ 472732.044311918027233, 2140065.433473810087889 ], [ 472729.17039622599259, 2140067.169308600015938 ], [ 472710.013842070009559, 2140078.739798769820482 ], [ 472695.771338811027817, 2140153.088704059831798 ], [ 472695.209365540009458, 2140156.022414629813284 ], [ 472670.239069334988017, 2140286.300274759996682 ], [ 472668.594900714990217, 2140294.205693569965661 ], [ 472676.811278723005671, 2140295.34236790984869 ], [ 472660.281333332997747, 2140373.808046380057931 ], [ 472653.573513794981409, 2140405.649265380110592 ], [ 472640.157874719006941, 2140469.331703369971365 ], [ 472613.326596566010267, 2140596.696579359937459 ], [ 472604.71815545798745, 2140653.480138670187443 ], [ 472596.554260156000964, 2140701.445435020141304 ], [ 472588.390364854014479, 2140749.410731379874051 ], [ 472582.898177212977316, 2140773.767299049999565 ], [ 472578.01228985702619, 2140792.00794517993927 ], [ 472571.334910470002797, 2140801.616856980137527 ], [ 472564.657531084027141, 2140811.225768779870123 ], [ 472548.45516732300166, 2140825.190489139873534 ], [ 472532.252803563023917, 2140839.155209499876946 ], [ 472527.608714603993576, 2140843.756861090194434 ], [ 472504.434361868014093, 2140861.43869887990877 ], [ 472502.787678661989048, 2140866.787598350085318 ], [ 472501.14099545602221, 2140872.136497819796205 ], [ 472497.558011394983623, 2140878.976740119978786 ], [ 472491.369220744003542, 2140882.559724180027843 ], [ 472483.877526797994506, 2140884.188353300094604 ], [ 472476.548695763980504, 2140885.491256590001285 ], [ 472469.21986473002471, 2140886.794159890152514 ], [ 472463.031074078986421, 2140887.282748620025814 ], [ 472463.436021060973871, 2140893.021177359856665 ], [ 472446.530868194997311, 2140904.188741370104253 ], [ 472429.481314234028105, 2140915.458032370079309 ], [ 472395.605828566011041, 2140930.278557349927723 ], [ 472361.730342897993978, 2140945.099082329776138 ], [ 472342.201104896026663, 2140951.27923610014841 ], [ 472322.671866894990671, 2140957.459389859810472 ], [ 472252.137914634018671, 2140979.780245670117438 ], [ 472181.603962372988462, 2141002.101101490203291 ], [ 472172.809365132008679, 2141007.312714669853449 ], [ 472171.499802845995873, 2141019.594897449947894 ], [ 472172.156407820002642, 2141030.044615699909627 ], [ 472151.507908975007012, 2141020.095793520100415 ], [ 472139.962843991001137, 2141018.604316989891231 ], [ 472114.634029022010509, 2141036.723947419784963 ], [ 472098.897326425008941, 2141049.122563329990953 ], [ 472074.939346358005423, 2141055.06726597994566 ], [ 472037.87452592299087, 2141067.079013349954039 ], [ 472017.969344577984884, 2141087.327387469820678 ], [ 472011.734854055976029, 2141090.37244288995862 ], [ 472008.601826180005446, 2141091.902679159771651 ], [ 472001.538820473011583, 2141095.352398700080812 ], [ 471997.481674909999128, 2141097.333993350155652 ], [ 471989.379849096003454, 2141101.291094330139458 ], [ 471986.450343812990468, 2141102.721925910096616 ], [ 471984.362324258021545, 2141103.540706600062549 ], [ 471997.890853466000408, 2141138.865199539810419 ], [ 472010.435817000980023, 2141173.989236569963396 ], [ 472013.501879888004623, 2141182.57607351988554 ], [ 472016.624085172021296, 2141195.845445970073342 ], [ 472015.921990789007396, 2141224.610658609773964 ], [ 472008.768946324009448, 2141275.15885915979743 ], [ 472000.232507429027464, 2141335.564132450148463 ], [ 471974.294046648021322, 2141335.390233879908919 ], [ 471772.255766737973318, 2141274.741147660184652 ], [ 471763.910549295018427, 2141281.116359119769186 ], [ 471761.74146844597999, 2141282.773397920187563 ], [ 471734.726216346025467, 2141308.193227559793741 ], [ 471566.96977715898538, 2141466.044469790067524 ], [ 471560.715265678009018, 2141471.929673200007528 ], [ 471522.883832441002596, 2141507.527286360040307 ], [ 471520.959044451010413, 2141508.771203119773418 ], [ 471512.3879317510291, 2141514.310384979937226 ], [ 471638.837245767004788, 2141644.66245560022071 ], [ 471677.864811821025796, 2141712.570420530159026 ], [ 471697.378594847978093, 2141792.967206600122154 ], [ 471695.036940885009244, 2141877.266749280039221 ], [ 471669.278747288975865, 2141955.321881390176713 ], [ 471630.251181235013064, 2142047.426937280222774 ], [ 471627.671755963005126, 2142053.955187070183456 ], [ 471620.754944021988194, 2142087.285651360172778 ], [ 471634.632972211984452, 2142139.879584270063788 ], [ 471676.470979174016975, 2142172.127289209980518 ], [ 471721.36417752498528, 2142182.145785809960216 ], [ 471765.303720320982393, 2142187.278909970074892 ], [ 471793.920158106018789, 2142183.416701119858772 ], [ 471856.67333034001058, 2142165.92511346982792 ], [ 471873.860874912003055, 2142159.01001687021926 ], [ 471888.009674590022769, 2142159.717456200160086 ], [ 471903.927074395993259, 2142163.962095499970019 ], [ 471919.844474455981981, 2142173.512534889858216 ], [ 471932.932114880008157, 2142189.076214510016143 ], [ 471950.264395999023691, 2142221.26473418995738 ], [ 471961.229716508009005, 2142237.535853929817677 ], [ 471972.902476863004267, 2142250.977213580161333 ], [ 471984.221517088997643, 2142261.58881320990622 ], [ 472002.261237177997828, 2142272.907852519769222 ], [ 472031.619996947003528, 2142283.519451289903373 ], [ 472078.84161615697667, 2142292.008729159832001 ], [ 472162.65003409399651, 2142305.7527682101354 ], [ 472343.247311477025505, 2142334.45511724986136 ], [ 472370.483751155028585, 2142342.236956079956144 ], [ 472392.414391033991706, 2142351.433675189968199 ], [ 472416.821070967998821, 2142363.106434219982475 ], [ 472500.210446460987441, 2142405.168472869787365 ], [ 472539.015764267998748, 2142426.843345600180328 ], [ 472598.986871036991943, 2142462.855467210058123 ], [ 472649.568831706012134, 2142504.594425490126014 ], [ 472756.292120439989958, 2142602.684531699866056 ], [ 472775.493153895018622, 2142620.26086140004918 ], [ 472912.470582999987528, 2142748.956228040158749 ], [ 472997.918802850996144, 2142825.132431310135871 ], [ 473056.700558592972811, 2142878.476452279835939 ], [ 473106.142784447991289, 2142912.647296039853245 ], [ 473211.69856966601219, 2142984.445454469881952 ], [ 473261.299315086973365, 2143017.864493819884956 ], [ 473298.329162192996591, 2143041.107090579811484 ], [ 473620.160318019974511, 2143256.677608959842473 ], [ 473780.411681735015009, 2143370.147226490080357 ], [ 474001.178872514981776, 2143559.787123729940504 ], [ 474017.404548970982432, 2143573.897776979953051 ], [ 474033.646178408991545, 2143586.042767100036144 ], [ 474100.801277710997965, 2143645.290788779966533 ], [ 474157.63217405701289, 2143688.847587049938738 ], [ 474192.531788191001397, 2143702.807431490160525 ], [ 474223.775252041989006, 2143710.119730390142649 ], [ 474268.304537680989597, 2143710.351861420087516 ], [ 474293.897587341023609, 2143704.701446440070868 ], [ 474341.436805290984921, 2143690.177088090218604 ], [ 474385.020828982000239, 2143675.187870840076357 ], [ 474404.256108666013461, 2143668.572561789769679 ], [ 474417.551199425011873, 2143666.245920210145414 ], [ 474438.056654184008949, 2143665.117925609927624 ], [ 474442.848066275008023, 2143664.854352470021695 ], [ 474459.558559093973599, 2143663.935116779990494 ], [ 474476.269051912997384, 2143663.015881100203842 ], [ 474495.318212079000659, 2143663.154276949819177 ], [ 474514.274581074016169, 2143671.344401659909636 ], [ 474521.252908536989707, 2143674.887725099921227 ], [ 474561.466641989012714, 2143697.69306886009872 ], [ 474605.011983442993369, 2143731.391859950032085 ], [ 474617.974697600991931, 2143744.354573519900441 ], [ 474661.183744626003318, 2143783.907468589954078 ], [ 474690.765322614985052, 2143802.852972560096532 ], [ 474722.008786830003373, 2143818.807080899830908 ], [ 474787.154733702016529, 2143857.03046589018777 ], [ 474814.987358192971442, 2143875.365969750098884 ], [ 474824.048612478014547, 2143894.921474810224026 ], [ 474840.705131739028729, 2143941.612868249882013 ], [ 474877.037129751988687, 2144027.888923990074545 ], [ 474889.592593246023171, 2144084.726994229946285 ], [ 474894.147212830022909, 2144111.447423260193318 ], [ 474893.009592088987119, 2144222.668570369947702 ], [ 474892.021730264998041, 2144251.122394309844822 ], [ 474895.058143600006588, 2144275.413693469949067 ], [ 474906.596511428011581, 2144301.830480960197747 ], [ 474916.161210666003171, 2144314.279771429952234 ], [ 474925.725909903994761, 2144326.72906190995127 ], [ 474962.466500042006373, 2144361.040520580019802 ], [ 475001.939860605983995, 2144380.77719955984503 ], [ 475047.182404325983953, 2144396.262900929898024 ], [ 475092.424947510997299, 2144399.299311410170048 ], [ 475160.440582291979808, 2144389.582788799889386 ], [ 475211.452308689011261, 2144389.582786629907787 ], [ 475250.318386512983125, 2144402.942999599967152 ], [ 475466.594068543985486, 2144496.395447830203921 ], [ 475545.457666033005808, 2144530.472308420110494 ], [ 475577.302293065004051, 2144539.157205630093813 ], [ 475598.898522857984062, 2144545.047085760161281 ], [ 475639.650941480998881, 2144542.98888101009652 ], [ 475682.416879660973791, 2144540.828983259852976 ], [ 475719.14044908201322, 2144538.974255930166692 ], [ 475755.577396804001182, 2144546.261644199956208 ], [ 475793.783254306996241, 2144562.180750289931893 ], [ 475868.412319559021853, 2144583.899544539861381 ], [ 476123.247954908001702, 2144641.190016920212656 ], [ 476159.394719559000805, 2144641.066477870102972 ], [ 476197.14234184398083, 2144639.619604079984128 ], [ 476283.95501246501226, 2144627.619567399844527 ], [ 476374.778804244007915, 2144624.993153039831668 ], [ 476516.197449217026588, 2144645.761105290148407 ], [ 476583.676319558988325, 2144664.9086112100631 ], [ 476644.448396386986133, 2144686.913525090087205 ], [ 476672.991367914015427, 2144696.979127920232713 ], [ 476922.000157418020535, 2144780.927560179959983 ], [ 477078.379834047984332, 2144834.01056500012055 ], [ 477183.799675730988383, 2144869.795278780162334 ], [ 477222.018437062972225, 2144882.91515095019713 ], [ 477441.88162012497196, 2144958.592309730127454 ], [ 477508.041829905996565, 2144987.009058060124516 ], [ 477542.160382744972594, 2145003.756806979887187 ], [ 477561.847787951002829, 2145013.424728639889508 ], [ 477608.443298908998258, 2145039.364496360067278 ], [ 477636.713264704972971, 2145057.057257569860667 ], [ 477647.231175952998456, 2145063.639858989976346 ], [ 477664.129504149022978, 2145068.418418189976364 ], [ 477681.398897128994577, 2145075.930653649847955 ], [ 477706.19779839302646, 2145085.960004500113428 ], [ 477736.46086196199758, 2145096.528057590126991 ], [ 477794.104792535013985, 2145115.742699480149895 ], [ 477849.827258776989765, 2145134.957341429777443 ], [ 477893.529419954982586, 2145147.307940899860114 ], [ 477896.081356070993934, 2145148.018384209834039 ], [ 477906.073256039991975, 2145149.714497880078852 ], [ 477924.057340748026036, 2145152.767275829799473 ], [ 478048.659806444018614, 2145173.918402830138803 ], [ 478116.17613226902904, 2145183.563590050209314 ], [ 478173.303832816018257, 2145193.394866949878633 ], [ 478177.167771210020874, 2145194.05982366995886 ], [ 478349.36277018400142, 2145216.754381389822811 ], [ 478466.807135204027873, 2145232.0732078300789 ], [ 478522.408815264003351, 2145239.448939130175859 ], [ 478604.10924303997308, 2145248.5267617800273 ], [ 478678.993791987013537, 2145257.15543167013675 ], [ 478741.97871492797276, 2145264.412951639853418 ], [ 478766.375370446010493, 2145267.249771260190755 ], [ 478802.119307616027072, 2145271.788682790007442 ], [ 478842.085042988008354, 2145282.747520320117474 ], [ 478851.87703449401306, 2145285.714790210127831 ], [ 478895.482587440987118, 2145301.023121490143239 ], [ 478944.118837154004723, 2145320.870720610022545 ], [ 478954.836944171984214, 2145325.048116450197995 ], [ 479016.557580493972637, 2145352.050893319770694 ], [ 479103.552436267025769, 2145389.643648029770702 ], [ 479114.920403589028865, 2145394.432915490120649 ], [ 479164.074238766974304, 2145416.995330450125039 ], [ 479181.702015527000185, 2145424.417551809921861 ], [ 479200.257569947978482, 2145430.448106519877911 ], [ 479222.98812401399482, 2145435.086994450073689 ], [ 479250.821455469995271, 2145439.261993329972029 ], [ 479342.207560388022102, 2145452.25087857991457 ], [ 479352.386300869984552, 2145453.816838350147009 ], [ 479382.566601968021132, 2145457.812114260159433 ], [ 479432.201998703007121, 2145464.311986139975488 ], [ 479477.199217827990651, 2145469.414762170054018 ], [ 479511.750120910990518, 2145474.060260709840804 ], [ 479532.401991843013093, 2145476.836982230190188 ], [ 479559.128533417009749, 2145482.259758030064404 ], [ 479646.518650728976354, 2145492.145311099942774 ], [ 479738.855247328989208, 2145503.099079660139978 ], [ 479787.303805458999705, 2145508.777253860142082 ], [ 479792.760602310008835, 2145509.416790820192546 ], [ 479797.96143852401292, 2145510.026329160202295 ], [ 479800.560359783004969, 2145510.341984920203686 ], [ 479807.616475851973519, 2145511.171371339820325 ], [ 479819.549194376973901, 2145512.556415569968522 ] ] ] ] } },
{ "type": "Feature", "properties": { "ID": 1.0, "ENTIDAD": 9, "MUNICIPIO": 2, "NOMBRE": "AZCAPOTZALCO", "CONTROL": 1.0, "GEOMETRY1_": null, "ClaveEnt": "09" }, "geometry": { "type": "MultiPolygon", "coordinates": [ [ [ [ 478505.353346768009942, 2157846.003918520174921 ], [ 478520.66874191199895, 2157841.316052820067853 ], [ 478591.222330307005905, 2157819.722062809858471 ], [ 478674.238136477011722, 2157794.313797010108829 ], [ 478703.214526076975744, 2157785.440895 ], [ 478718.311618859996088, 2157780.313723019789904 ], [ 478819.57004036498256, 2157745.852979709859937 ], [ 478998.796651155978907, 2157688.497200599871576 ], [ 479001.884510260017123, 2157687.509954050183296 ], [ 479004.972369364986662, 2157686.522707500029355 ], [ 479022.988254979019985, 2157680.755446860101074 ], [ 479239.023368874972221, 2157613.489148180000484 ], [ 479346.507066352991387, 2157578.254420530050993 ], [ 479350.791864467028063, 2157576.563052610028535 ], [ 479387.080382528016344, 2157562.23863551998511 ], [ 479522.63093609502539, 2157508.827721119858325 ], [ 479772.596347471000627, 2157410.333512950222939 ], [ 479803.549734944012016, 2157398.136928270105273 ], [ 479871.11292655300349, 2157371.472840989939868 ], [ 479873.643350409984123, 2157348.123955400194973 ], [ 480000.850284392014146, 2157317.812922339886427 ], [ 480104.306929495010991, 2157294.006132869981229 ], [ 480166.325657523993868, 2157279.734775050077587 ], [ 480175.759818685997743, 2157277.56384549010545 ], [ 480226.443831308977678, 2157261.16607414977625 ], [ 480355.905367880011909, 2157209.589894080068916 ], [ 480473.404166750027798, 2157162.779448050074279 ], [ 480547.442577097972389, 2157130.48080840986222 ], [ 480571.79077880398836, 2157109.114016859792173 ], [ 480586.697841276996769, 2157102.157386819832027 ], [ 480635.891147623013239, 2157084.765811330173165 ], [ 480687.072062548017129, 2157073.833963220007718 ], [ 480725.830425137013663, 2157060.417604960035533 ], [ 480838.627197910973337, 2157008.739781780168414 ], [ 480859.274282666970976, 2157001.498967079911381 ], [ 481030.811941143998411, 2156954.917612299788743 ], [ 481370.190325864998158, 2156862.12459623022005 ], [ 481378.027027483971324, 2156863.024637369904667 ], [ 481389.713629005011171, 2156864.366837540175766 ], [ 481444.880620073992759, 2156870.702738069929183 ], [ 481450.856559329025913, 2156873.992931109853089 ], [ 481461.012728673988022, 2156879.584647549781948 ], [ 481466.269064499007072, 2156882.478646109811962 ], [ 481519.0161283990019, 2156923.315032950136811 ], [ 481529.510722382983658, 2156931.290924190077931 ], [ 481595.023028000025079, 2156981.080275270156562 ], [ 481608.69617891300004, 2156991.471869709901512 ], [ 481624.52257934899535, 2156992.104468000121415 ], [ 481630.660674947022926, 2156992.349814290180802 ], [ 481654.822657131997403, 2157001.699164209887385 ], [ 481724.147465094982181, 2157030.757465609814972 ], [ 481768.531475876981858, 2157057.149088169913739 ], [ 481778.461533077992499, 2157065.448563439771533 ], [ 481800.529290085018147, 2157083.892646879889071 ], [ 481842.04115158302011, 2157115.85677951015532 ], [ 481855.450595144997351, 2157110.859601899981499 ], [ 481920.245878678979352, 2157086.713093210011721 ], [ 482054.971842086990364, 2157036.506162660196424 ], [ 482063.714484147028998, 2157033.248166920151561 ], [ 482119.325855272996705, 2157006.638596060220152 ], [ 482189.765350416011643, 2156969.31165 ], [ 482214.817654058977496, 2156956.036098610144109 ], [ 482257.07083410397172, 2156937.527362800203264 ], [ 482254.168513911019545, 2156928.804309769999236 ], [ 482256.601554839988239, 2156928.022145870141685 ], [ 482294.228061954025179, 2156913.70718740997836 ], [ 482297.576759976975154, 2156912.675416470039636 ], [ 482300.994759976980276, 2156911.495916469953954 ], [ 482308.472587276017293, 2156908.947953099850565 ], [ 482312.311836624983698, 2156907.640409970190376 ], [ 482325.620106906979345, 2156903.106590520124882 ], [ 482348.586656383995432, 2156895.282413709908724 ], [ 482443.556835020019207, 2156862.908203380182385 ], [ 482447.513710191007704, 2156861.424375 ], [ 482439.692713660013396, 2156839.43016324006021 ], [ 482457.851423810992856, 2156833.031116399914026 ], [ 482734.087926549022086, 2156735.686776020098478 ], [ 482751.981122460972983, 2156729.381272830069065 ], [ 482850.661493142019026, 2156695.613078480120748 ], [ 482903.720418475975748, 2156677.45638864999637 ], [ 483005.029863738978747, 2156642.788795200176537 ], [ 483138.936403076979332, 2156596.966447080019861 ], [ 483368.340221820981242, 2156518.464763170108199 ], [ 483491.097234737011604, 2156476.457257289905101 ], [ 483504.215090300014708, 2156471.968353330157697 ], [ 483529.052871370979119, 2156463.468914260156453 ], [ 483590.42576386599103, 2156289.799783139955252 ], [ 483637.093744863988832, 2156148.458059689961374 ], [ 483641.159680576005485, 2156136.143698779866099 ], [ 483657.658132523007225, 2156086.175399689935148 ], [ 483818.971757885010447, 2155626.9354647397995 ], [ 483840.64261457498651, 2155565.040395979769528 ], [ 483915.604496053012554, 2155351.78109973995015 ], [ 483922.139917585998774, 2155333.188458130229264 ], [ 483927.558460532978643, 2155317.77322797011584 ], [ 483940.89687935798429, 2155279.826717619784176 ], [ 483948.950783286010846, 2155256.901259679812938 ], [ 484067.558845814026427, 2154931.268174210097641 ], [ 484208.584893480991013, 2154532.267598240170628 ], [ 484288.601144012005534, 2154305.880128980148584 ], [ 484377.982807275024243, 2154055.376225419808179 ], [ 484452.495921630994417, 2153846.543391889892519 ], [ 484470.837329429981764, 2153794.197849260177463 ], [ 484477.02660012000706, 2153776.533952559810132 ], [ 484508.446230089990422, 2153688.404915870167315 ], [ 484539.865860070975032, 2153600.275879160035402 ], [ 484565.257943990000058, 2153529.053528780117631 ], [ 484582.398953985015396, 2153481.718542980030179 ], [ 484623.86624149401905, 2153364.701251300051808 ], [ 484687.487112538015936, 2153195.97428866988048 ], [ 484691.751745548972394, 2153184.628293680027127 ], [ 484696.007961213996168, 2153173.270050659775734 ], [ 484777.238401353999507, 2152948.892233899794519 ], [ 484817.569598886999302, 2152835.851257849950343 ], [ 484838.021388770022895, 2152775.200552400201559 ], [ 484844.903094024979509, 2152755.3141596801579 ], [ 484917.446549070999026, 2152545.68186907004565 ], [ 484920.209455601987429, 2152537.471162229776382 ], [ 484924.362065371999051, 2152525.130585 ], [ 484986.224698823993094, 2152356.908026829827577 ], [ 484987.996542532986496, 2152337.197979279793799 ], [ 484988.294916930026375, 2152322.204825390130281 ], [ 484985.214626330009196, 2152301.354115969967097 ], [ 484978.758617924002465, 2152298.547155879903585 ], [ 484961.982991563971154, 2152291.253405500203371 ], [ 484883.772577384021133, 2152268.267903320025653 ], [ 484697.344370372011326, 2152213.477937070187181 ], [ 484570.97937172598904, 2152170.605507859960198 ], [ 484496.247801114979666, 2152142.480724310036749 ], [ 484474.014913354010787, 2152134.113508809823543 ], [ 484445.784235423023347, 2152118.779021579772234 ], [ 484434.992491176992189, 2152115.48220515018329 ], [ 484400.062839061021805, 2152104.829020959790796 ], [ 484252.10350618197117, 2152068.626026920042932 ], [ 484223.005281021003611, 2152062.315569010097533 ], [ 484198.464609275979456, 2152059.861502400133759 ], [ 484175.862990829977207, 2152060.158892729785293 ], [ 484011.358139831980225, 2152081.401256669778377 ], [ 483875.76616998098325, 2152099.207744770217687 ], [ 483729.693407515995204, 2152127.889620409812778 ], [ 483630.563829623977654, 2152151.988366529811174 ], [ 483589.544694010983221, 2152164.294108959846199 ], [ 483515.71024975401815, 2152180.701766090001911 ], [ 483461.018068674020469, 2152187.538290559779853 ], [ 483430.937368971994147, 2152187.538291410077363 ], [ 483393.881162689998746, 2152180.81198281981051 ], [ 483358.615908466977999, 2152170.233587020076811 ], [ 483343.911917024990544, 2152163.90270204981789 ], [ 483329.412147653987631, 2152156.550706520210952 ], [ 483313.89126771199517, 2152146.952267829794437 ], [ 483296.940833012980875, 2152135.515830189920962 ], [ 483281.419953012024052, 2152123.875170399900526 ], [ 483268.145516116986983, 2152112.030288440175354 ], [ 483250.582414912991226, 2152093.650299100205302 ], [ 483240.207296251028311, 2152080.723921969998628 ], [ 483238.124866312020458, 2152078.129419149830937 ], [ 483226.892650282010436, 2152061.383206500206143 ], [ 483215.864656321995426, 2152043.615883309859782 ], [ 483205.653550743008964, 2152025.031671649776399 ], [ 483203.608832025027368, 2152021.06019887002185 ], [ 483195.034000900981482, 2152004.40523891011253 ], [ 483183.471894539019559, 2151981.725723260082304 ], [ 483179.104676128015853, 2151973.159256630111486 ], [ 483166.647127294971142, 2151949.673714410047978 ], [ 483162.710209465993103, 2151942.362295790109783 ], [ 483153.781134245975409, 2151925.779727989807725 ], [ 483146.020693930971902, 2151909.237737350165844 ], [ 483136.626476844015997, 2151893.921079420018941 ], [ 483133.21098090801388, 2151888.378954059910029 ], [ 483125.802704986999743, 2151876.357978320214897 ], [ 483113.345156300987583, 2151858.18221093993634 ], [ 483101.704496125981677, 2151843.682441509794444 ], [ 483095.373610789014492, 2151836.534667859785259 ], [ 483080.56750802998431, 2151821.422232190147042 ], [ 483062.800184765015729, 2151804.880241840146482 ], [ 483046.46241627598647, 2151790.788916760124266 ], [ 483044.515154352993704, 2151789.011803970206529 ], [ 483042.567892430990469, 2151787.234691170044243 ], [ 483025.427539314026944, 2151771.592039079871029 ], [ 482998.265999184979592, 2151747.698053060099483 ], [ 482993.770339386013802, 2151743.812915029935539 ], [ 482981.724008587014396, 2151733.402505880221725 ], [ 482963.956685332988854, 2151717.473181860055774 ], [ 482949.409996133996174, 2151703.441926769912243 ], [ 482938.020477771991864, 2151692.455974199809134 ], [ 482935.746645354025532, 2151689.868509769905359 ], [ 482926.175595518026967, 2151678.977315320167691 ], [ 482916.372934296028689, 2151666.31554481992498 ], [ 482907.387161469028797, 2151653.245330079924315 ], [ 482899.218276937026531, 2151636.499117339961231 ], [ 482892.274725069000851, 2151621.795125660020858 ], [ 482885.915664624015335, 2151603.035898379981518 ], [ 482884.105840320000425, 2151597.696916980203241 ], [ 482877.979176521999761, 2151571.556487139780074 ], [ 482867.768070100981276, 2151524.993846470024437 ], [ 482861.049424536991864, 2151491.073153929784894 ], [ 482853.82188064098591, 2151455.998312320094556 ], [ 482850.847056973027065, 2151441.561669589951634 ], [ 482842.900146254978608, 2151403.091401380021125 ], [ 482837.643993066973053, 2151377.64684434980154 ], [ 482828.041764867026359, 2151334.436821669805795 ], [ 482820.014903327974025, 2151335.637100319843739 ], [ 482816.018276848015375, 2151336.234726860187948 ], [ 482813.982091144018341, 2151336.539203300140798 ], [ 482806.125009138020687, 2151337.714094350114465 ], [ 482785.721259985002689, 2151341.245138700120151 ], [ 482752.446064089017455, 2151347.003697670064867 ], [ 482686.708987976016942, 2151358.742463740054518 ], [ 482665.453880954999477, 2151362.421742090024054 ], [ 482626.470017789979465, 2151369.169884250033647 ], [ 482615.530931448971387, 2151371.164141689892858 ], [ 482570.507039276009891, 2151379.372252440080047 ], [ 482495.189572207978927, 2151392.725352049805224 ], [ 482437.328128275985364, 2151403.610278539825231 ], [ 482420.205969438015018, 2151406.577586459927261 ], [ 482408.6801595800207, 2151408.424135509878397 ], [ 482401.552930612990167, 2151409.565988270100206 ], [ 482394.971093559986912, 2151410.591729360166937 ], [ 482378.601619862020016, 2151413.210845760069788 ], [ 482362.232146184018347, 2151416.484741140156984 ], [ 482353.240416289016139, 2151417.689521490130574 ], [ 482330.821754538977984, 2151421.73870794987306 ], [ 482311.848629755026195, 2151425.165572629775852 ], [ 482302.667255185020622, 2151426.823882929980755 ], [ 482288.746436141023878, 2151429.338216419797391 ], [ 482268.8385245379759, 2151432.725327140185982 ], [ 482125.096512902004179, 2151457.181438779924065 ], [ 482038.904261175019201, 2151472.596263989806175 ], [ 481672.799725399003364, 2151538.071261200122535 ], [ 481551.430108571017627, 2151559.777289310004562 ], [ 481435.261298143013846, 2151580.553192969877273 ], [ 481413.389815867994912, 2151584.464740380179137 ], [ 481345.412068911013193, 2151597.214770520105958 ], [ 481318.511495519021992, 2151602.260291109792888 ], [ 481242.952625649981201, 2151616.432250489946455 ], [ 481229.747220746008679, 2151618.722381460014731 ], [ 481216.194844782992732, 2151620.999027569778264 ], [ 481114.839838229003362, 2151638.956101790070534 ], [ 481003.142156668996904, 2151658.745588549878448 ], [ 480987.16290602699155, 2151661.576633600052446 ], [ 480896.753934899985325, 2151677.594397929962724 ], [ 480889.045249831979163, 2151678.960146250203252 ], [ 480776.50647816300625, 2151699.013953090179712 ], [ 480670.582108885981143, 2151717.88910883013159 ], [ 480663.967706501018256, 2151719.067759939935058 ], [ 480552.177798975026235, 2151738.988123239949346 ], [ 480536.368061936984304, 2151742.652289419900626 ], [ 480343.275489590014331, 2151787.404663970228285 ], [ 480338.108533886028454, 2151788.77343 ], [ 480211.660257467010524, 2151822.270544149912894 ], [ 480241.085752104001585, 2151997.889340030029416 ], [ 480265.408396608021576, 2152143.053035479970276 ], [ 480267.967831837013364, 2152159.262789039872587 ], [ 480148.508921089989599, 2152197.397755010053515 ], [ 480076.982370047015138, 2152220.231234529986978 ], [ 480071.946474682015833, 2152221.838847539853305 ], [ 480062.447718036011793, 2152224.871143409982324 ], [ 480058.76802974002203, 2152226.072053050156683 ], [ 480054.127876652986743, 2152227.527093189768493 ], [ 480046.150162038975395, 2152230.073825569823384 ], [ 480040.213794104987755, 2152232.165303189773113 ], [ 479984.498661154008005, 2152251.794637959916145 ], [ 479977.493203006975818, 2152254.262773199938238 ], [ 479984.39480808499502, 2152385.093120039906353 ], [ 479984.758623099012766, 2152395.862034 ], [ 479987.395507037988864, 2152473.913722520228475 ], [ 479996.697669177025091, 2152614.646366130094975 ], [ 480000.7886391839711, 2152741.676896269898862 ], [ 480007.050996345002204, 2152875.777623909991235 ], [ 480007.432432423986029, 2152883.945611489936709 ], [ 479958.535489852016326, 2152897.999138129875064 ], [ 479796.22838565899292, 2152944.648010119795799 ], [ 479756.642284918983933, 2152953.67131430003792 ], [ 479698.095822828006931, 2152967.016466420143843 ], [ 479621.947041903971694, 2152987.243489999789745 ], [ 479570.013622978003696, 2153001.038306910078973 ], [ 479559.555734321998898, 2153003.816184080205858 ], [ 479516.615770875010639, 2153017.532978440169245 ], [ 479510.593358138983604, 2153019.456785319838673 ], [ 479461.479291692026891, 2153034.895932950079441 ], [ 479412.365225250017829, 2153050.335080590099096 ], [ 479360.88848936202703, 2153066.516940140165389 ], [ 479312.611942337010987, 2153081.692811159882694 ], [ 479272.317448422021698, 2153094.35950089013204 ], [ 479244.83978278900031, 2153102.997183890081942 ], [ 479223.608263415982947, 2153109.886354359798133 ], [ 479088.457463653001469, 2153153.739876199979335 ], [ 479033.43820636998862, 2153171.592439460102469 ], [ 478994.947419686999638, 2153184.081870220135897 ], [ 478922.460689291008748, 2153207.602252080105245 ], [ 478884.677558791008778, 2153208.641909250058234 ], [ 478868.415138759010006, 2153204.309707640204579 ], [ 478786.279825502017047, 2153182.429401049856097 ], [ 478745.478116452984978, 2153171.560094439890236 ], [ 478554.934617112972774, 2153110.517721029929817 ], [ 478477.51332171401009, 2153091.951712400186807 ], [ 478466.055528056982439, 2153086.442050579935312 ], [ 478447.213309123995714, 2153075.756878850050271 ], [ 478389.1767679110053, 2153044.737349660135806 ], [ 478331.947414216003381, 2153006.426792060025036 ], [ 478319.320349721994717, 2152997.973964089993387 ], [ 478296.477554731012788, 2152982.584931009914726 ], [ 478288.866747551015578, 2152981.093739340081811 ], [ 478283.325207429996226, 2152980.007980850059539 ], [ 478210.541056058020331, 2153002.662628610152751 ], [ 478168.335386672988534, 2153015.799520609900355 ], [ 478130.100540856015868, 2153027.557050929870456 ], [ 478105.012176459014881, 2153035.271980700083077 ], [ 478039.8576603680267, 2153055.307614239864051 ], [ 478002.098233242984861, 2153066.918997299857438 ], [ 477957.242589998000767, 2153080.712538979947567 ], [ 477876.554163459979463, 2153103.334066879935563 ], [ 477809.006805258977693, 2153121.106247350107878 ], [ 477683.082987667003181, 2153154.237621469888836 ], [ 477586.652515480003785, 2153179.60902437986806 ], [ 477517.031274490000214, 2153196.685936070047319 ], [ 477448.936637067003176, 2153217.518092580139637 ], [ 477376.381056550017092, 2153239.714983069803566 ], [ 477343.886966798978392, 2153249.272032369859517 ], [ 477311.392869686998893, 2153258.829115299973637 ], [ 477241.248610543028917, 2153279.459827430080622 ], [ 477172.931127128016669, 2153299.553208619821817 ], [ 477134.114449922984932, 2153310.969880490098149 ], [ 477103.924608796020038, 2153319.614415749907494 ], [ 477033.303602316998877, 2153339.835978949908167 ], [ 476963.161787411023397, 2153359.920330820139498 ], [ 476894.814776822982822, 2153376.323616879992187 ], [ 476856.103497445001267, 2153385.614325920119882 ], [ 476852.640641961013898, 2153386.864801719784737 ], [ 476794.437922725977842, 2153407.882453789934516 ], [ 476803.859054984000977, 2153474.686785969883204 ], [ 476811.470718380005565, 2153506.569641939830035 ], [ 476834.563504155026749, 2153603.297901439946145 ], [ 476871.94813931902172, 2153759.890125850215554 ], [ 476902.998144196986686, 2153854.249872259795666 ], [ 476904.922096877999138, 2153860.096688960213214 ], [ 476937.039587776991539, 2153952.166821650229394 ], [ 477005.128668755001854, 2154155.149346809834242 ], [ 477051.432494338019751, 2154293.769564670044929 ], [ 477108.763702318014111, 2154463.488602899946272 ], [ 477202.842463635024615, 2154768.292744310107082 ], [ 477232.902279086993076, 2154859.365062689874321 ], [ 477265.428751974017359, 2154957.910557799972594 ], [ 477268.050815791008063, 2154965.854621869977564 ], [ 477270.217058813024778, 2154972.286423579789698 ], [ 477279.493119698017836, 2154999.828010370023549 ], [ 477290.009992366016377, 2155031.053697450086474 ], [ 477292.830193335015792, 2155039.42717857984826 ], [ 477321.502628867980093, 2155124.558679210022092 ], [ 477347.254475452005863, 2155201.018555129878223 ], [ 477359.387997861020267, 2155237.044200310017914 ], [ 477389.531466980988625, 2155326.543333160225302 ], [ 477393.227695619978476, 2155336.673698879778385 ], [ 477418.102980869007297, 2155404.850396399851888 ], [ 477420.326505476026796, 2155410.944500400219113 ], [ 477442.259606321982574, 2155479.969252619892359 ], [ 477459.10544343397487, 2155532.984130729921162 ], [ 477482.604035431984812, 2155606.606048719957471 ], [ 477495.481942787999287, 2155646.952986919786781 ], [ 477508.359850139007904, 2155687.299925120081753 ], [ 477529.987346592009999, 2155755.059634749777615 ], [ 477534.494163630995899, 2155770.121890210080892 ], [ 477563.74764001800213, 2155867.889994599856436 ], [ 477575.112698632001411, 2155905.873296460136771 ], [ 477602.248702769982629, 2155997.438077259808779 ], [ 477629.710915388015565, 2156094.929296560119838 ], [ 477725.153725744981784, 2156433.752540280111134 ], [ 477729.629900706990156, 2156446.732255020178854 ], [ 477761.433353653002996, 2156565.508402850013226 ], [ 477768.449671539012343, 2156610.062012259848416 ], [ 477770.967082145973109, 2156626.047566330060363 ], [ 477774.414356137975119, 2156647.937751669902354 ], [ 477793.885860315989703, 2156783.589199769776314 ], [ 477806.866863309987821, 2156879.648598439991474 ], [ 477813.894481808005366, 2156907.563857499975711 ], [ 477816.853490285982843, 2156919.317695329897106 ], [ 477820.74624698999105, 2156934.780588179826736 ], [ 477830.232665653980803, 2156972.462746730074286 ], [ 477838.653562661027536, 2157001.492678239941597 ], [ 477854.896567630989011, 2157057.488295029848814 ], [ 477853.980976579012349, 2157074.910649669822305 ], [ 477855.244748811994214, 2157084.910931659862399 ], [ 477859.114556637010537, 2157115.532881199847907 ], [ 477863.578539473004639, 2157155.485515530221164 ], [ 477864.694535857997835, 2157183.385399910155684 ], [ 477863.355342380004004, 2157207.714099179953337 ], [ 477863.891423689026851, 2157212.100217780098319 ], [ 477865.810532866977155, 2157227.802015869878232 ], [ 477870.497713788005058, 2157241.86355744022876 ], [ 477887.237645265995525, 2157282.039390369784087 ], [ 477900.183192258002236, 2157312.617663209792227 ], [ 477918.485516850021668, 2157343.642333989962935 ], [ 477938.350234922021627, 2157375.113402859773487 ], [ 477962.232536306022666, 2157409.932457719929516 ], [ 477988.570027581998147, 2157449.215493979863822 ], [ 478001.261152460006997, 2157468.179243039805442 ], [ 478007.988347421982326, 2157478.231373040005565 ], [ 478030.236356080975384, 2157511.232584579847753 ], [ 478034.772236839984544, 2157517.960807439871132 ], [ 478050.842570507025812, 2157542.289506040047854 ], [ 478059.244437963003293, 2157553.647585699800402 ], [ 478062.895320685987826, 2157558.583038080018014 ], [ 478074.501672621001489, 2157571.974982169922441 ], [ 478088.786413340014406, 2157585.143727070186287 ], [ 478107.311936356010847, 2157599.428467200137675 ], [ 478128.952080683025997, 2157612.395752139855176 ], [ 478273.19183276797412, 2157692.676119610201567 ], [ 478364.47189377900213, 2157745.638552700169384 ], [ 478404.53902086801827, 2157773.066662979777902 ], [ 478430.990636572008952, 2157790.578615239821374 ], [ 478474.329240594990551, 2157819.270381109789014 ], [ 478483.240419975016266, 2157825.541210810188204 ], [ 478495.4520362369949, 2157836.102608310058713 ], [ 478505.353346768009942, 2157846.003918520174921 ] ] ] ] } },
{ "type": "Feature", "properties": { "ID": 5.0, "ENTIDAD": 9, "MUNICIPIO": 14, "NOMBRE": "BENITO JUAREZ", "CONTROL": 5.0, "GEOMETRY1_": null, "ClaveEnt": "09" }, "geometry": { "type": "MultiPolygon", "coordinates": [ [ [ [ 483997.002192938991357, 2145544.591750009916723 ], [ 484208.326693532988429, 2145542.037048560101539 ], [ 484211.88866091897944, 2145541.993987950030714 ], [ 484217.207311565987766, 2145541.929690789896995 ], [ 484220.162379272980615, 2145541.893966979812831 ], [ 484225.960763717012014, 2145541.838253059890121 ], [ 484231.066788244992495, 2145541.742157429922372 ], [ 484235.914051580009982, 2145541.730168390087783 ], [ 484239.773477672017179, 2145541.690034959930927 ], [ 484244.236670280981343, 2145541.643623089883476 ], [ 484246.89635596901644, 2145541.615965529810637 ], [ 484279.729028623027261, 2145541.278193640056998 ], [ 484500.156875510001555, 2145538.982358410023153 ], [ 484763.097859202011023, 2145523.854666749946773 ], [ 484767.267078146978747, 2145523.625258259940892 ], [ 484776.979211926984135, 2145523.241954130120575 ], [ 484805.350812832999509, 2145521.434817939996719 ], [ 484866.158406012982596, 2145517.925320379901677 ], [ 484945.631989759975113, 2145513.371706690173596 ], [ 485013.32368467800552, 2145509.461586929857731 ], [ 485018.370035682979506, 2145509.168182 ], [ 485205.944180306978524, 2145499.201157770119607 ], [ 485284.504078263998963, 2145494.445644840132445 ], [ 485292.614786838006694, 2145493.95467450004071 ], [ 485396.831763190974016, 2145487.639743240084499 ], [ 485479.715884640987497, 2145482.895884649828076 ], [ 485489.9663016339764, 2145482.309203770011663 ], [ 485579.911897911981214, 2145475.919548409990966 ], [ 485656.559020669024903, 2145472.620198389980942 ], [ 485668.253156884980854, 2145472.116812909953296 ], [ 485663.269337153004017, 2145437.360458650160581 ], [ 485659.763917298987508, 2145413.088757319841534 ], [ 485635.442266299971379, 2145244.684436759911478 ], [ 485621.380030305997934, 2145143.459771770052612 ], [ 485613.229916224023327, 2145084.792532209772617 ], [ 485599.839891560026444, 2144988.406668609939516 ], [ 485682.061672967975028, 2144984.013798560015857 ], [ 485734.203159030992538, 2144981.228031000122428 ], [ 485793.968840649991762, 2144978.03492490015924 ], [ 485853.734522273007315, 2144974.841818809974939 ], [ 485921.175607850018423, 2144971.238638270180672 ], [ 485978.495118336984888, 2144969.518794879782945 ], [ 486036.338431452983059, 2144967.916867639869452 ], [ 486091.31764339300571, 2144965.13489888003096 ], [ 486146.512476767995395, 2144962.157159119844437 ], [ 486182.492229235998821, 2144962.157158279791474 ], [ 486248.337950445013121, 2144960.407995999790728 ], [ 486245.972931005991995, 2144836.193632480222732 ], [ 486242.83118448901223, 2144751.723384240176529 ], [ 486226.430693160975352, 2144714.954114350024611 ], [ 486203.714793391001876, 2144656.033879559952766 ], [ 486194.14780062698992, 2144608.567945550195873 ], [ 486167.783050430007279, 2144492.758958769962192 ], [ 486142.532705302000977, 2144371.86076213978231 ], [ 486131.165082685998641, 2144319.190777350217104 ], [ 486128.855670602002647, 2144306.783906450029463 ], [ 486121.843398331024218, 2144269.111826450098306 ], [ 486088.293605401995592, 2144121.196291700005531 ], [ 486075.260443607985508, 2144122.524114530067891 ], [ 486053.874110743985511, 2144016.92731360020116 ], [ 486030.90941424499033, 2143907.390272799879313 ], [ 486011.76422975002788, 2143816.071545610204339 ], [ 485987.201744412013795, 2143699.003947719931602 ], [ 485977.323452371987514, 2143651.923811450134963 ], [ 485966.441233885008842, 2143600.058941789902747 ], [ 485949.497985464986414, 2143519.307082970160991 ], [ 485921.012676214973908, 2143385.009910630062222 ], [ 485895.234621760027949, 2143244.256663780193776 ], [ 485880.427718301012646, 2143169.694045229814947 ], [ 485869.636155025975313, 2143110.939707309938967 ], [ 485854.706758580985479, 2143036.124678399879485 ], [ 485840.186500669980887, 2142958.366439590230584 ], [ 485808.805252225021832, 2142809.607118859887123 ], [ 485777.811063473985996, 2142662.191020439844579 ], [ 485762.141654166975059, 2142578.72435843013227 ], [ 485727.832257779024076, 2142424.827855059877038 ], [ 485703.958283636020496, 2142317.925610580015928 ], [ 485680.533815896022134, 2142202.603218960110098 ], [ 485657.814450895006303, 2142095.226730179972947 ], [ 485627.737591448007151, 2141956.561209910083562 ], [ 485607.299753363011405, 2141861.061856450047344 ], [ 485578.926598881022073, 2141734.694035009946674 ], [ 485553.446150469011627, 2141625.694605750031769 ], [ 485538.613359477021731, 2141552.987571099773049 ], [ 485520.988140380010009, 2141470.632974079810083 ], [ 485507.755282557976898, 2141409.952576760202646 ], [ 485494.508363910019398, 2141345.368502370081842 ], [ 485480.224865946976934, 2141278.096855190116912 ], [ 485466.387699720973615, 2141210.029145809821784 ], [ 485452.783864983008243, 2141142.471962030045688 ], [ 485438.221844198997132, 2141071.632680779788643 ], [ 485424.641126865986735, 2141008.342345740180463 ], [ 485410.654795909998938, 2140943.161726019810885 ], [ 485394.806858632015064, 2140869.305446189828217 ], [ 485379.010179779026657, 2140795.688046449795365 ], [ 485365.028560811013449, 2140724.826671559829265 ], [ 485342.897018413001206, 2140620.430823950096965 ], [ 485341.621483403025195, 2140614.075215870048851 ], [ 485297.517183733987622, 2140394.316729470156133 ], [ 485287.918825166998431, 2140363.466491769999266 ], [ 485286.674617459008005, 2140357.212007210124284 ], [ 485283.045217346982099, 2140338.968540669884533 ], [ 485281.368326366995461, 2140330.539386190008372 ], [ 485280.623994303983636, 2140326.797884790226817 ], [ 485280.192681226006243, 2140324.629822220187634 ], [ 485278.66377346299123, 2140317.27476298995316 ], [ 485274.984498239005916, 2140299.467360340058804 ], [ 485274.269059700018261, 2140296.004694090224802 ], [ 484971.442391751974355, 2140316.064699970185757 ], [ 484876.496355680981651, 2140264.569275300018489 ], [ 484867.072047031018883, 2140259.457858370151371 ], [ 484892.348734576022252, 2140364.350507259834558 ], [ 484874.790731584012974, 2140365.254366079811007 ], [ 484638.586164931999519, 2140376.421402609907091 ], [ 484283.947940060985275, 2140391.823724320158362 ], [ 483932.125623036990874, 2140413.894024060107768 ], [ 483909.597399356018286, 2140415.1082679098472 ], [ 483543.19610450102482, 2140436.471261519938707 ], [ 483496.439255622972269, 2140439.336532820016146 ], [ 483001.099370888026897, 2140469.691084050107747 ], [ 482831.965502139995806, 2140479.11412663012743 ], [ 482432.594849593006074, 2140502.421125350054353 ], [ 482401.216995328024495, 2140504.491746210027486 ], [ 482306.553607448993716, 2140510.738571890164167 ], [ 482270.616695148986764, 2140512.530149340163916 ], [ 482219.284442797012161, 2140515.089236900210381 ], [ 482183.839342211023904, 2140517.26456916006282 ], [ 482137.26166507502785, 2140525.582013320177794 ], [ 482115.124472465016879, 2140532.61985016008839 ], [ 482097.396971534995828, 2140540.840561269782484 ], [ 482085.38981695799157, 2140547.076606510207057 ], [ 482037.948205397988204, 2140573.737115459982306 ], [ 481971.588761191989761, 2140617.790790350176394 ], [ 481956.937566170003265, 2140626.262197460047901 ], [ 481890.238672733015846, 2140668.589774009771645 ], [ 481835.834416439989582, 2140704.569336960092187 ], [ 481797.275120674981736, 2140741.845872890204191 ], [ 481781.443326895998325, 2140757.601207139901817 ], [ 481763.958067902014591, 2140779.501937889959663 ], [ 481754.485190602019429, 2140791.366957180202007 ], [ 481686.60651340597542, 2140897.407556570135057 ], [ 481671.050565995974466, 2140916.69343619979918 ], [ 481646.179314532026183, 2140939.071179800201207 ], [ 481456.397823515988421, 2141131.055017769802362 ], [ 481400.066869730013423, 2141188.039363239891827 ], [ 481351.519707149011083, 2141237.149837499950081 ], [ 481340.289129192999098, 2141227.045236330013722 ], [ 481325.414343793003354, 2141213.661795639898628 ], [ 481279.36829915601993, 2141172.232323510106653 ], [ 481234.946936873020604, 2141127.549395310226828 ], [ 481216.614744792983402, 2141106.048676719889045 ], [ 481197.603582652984187, 2141084.321634789928794 ], [ 481179.196599641989451, 2141054.884074150118977 ], [ 481174.942523838020861, 2141047.40619311016053 ], [ 481160.990777085011359, 2141031.129155620001256 ], [ 481153.813267500023358, 2141023.335315090138465 ], [ 481146.303533526021056, 2141015.047751669771969 ], [ 481129.140766354976222, 2140998.545083629898727 ], [ 481117.032466836972162, 2140990.284281389787793 ], [ 481104.471520685008727, 2140984.173551079817116 ], [ 481088.742047659005038, 2140978.968114309944212 ], [ 481072.333604604995344, 2140974.554809330031276 ], [ 481032.990643099998124, 2140976.797848789952695 ], [ 480964.627207146026194, 2140975.684119880199432 ], [ 480936.200109070981853, 2140967.765112959779799 ], [ 480829.637693115975708, 2140931.400185070000589 ], [ 480815.387498222989962, 2140918.237401410005987 ], [ 480801.311519359005615, 2140905.586628170218319 ], [ 480719.077733609010465, 2140863.232823229860514 ], [ 480670.441495270002633, 2140848.166163580026478 ], [ 480598.993739021010697, 2140859.795449070166796 ], [ 480573.739052380027715, 2140854.752709100022912 ], [ 480557.404005685006268, 2140853.762706779874861 ], [ 480515.003032748994883, 2140851.192952159792185 ], [ 480487.414902642020024, 2140859.202410620171577 ], [ 480459.826772535976488, 2140867.211869080085307 ], [ 480443.017823203001171, 2140874.613976180087775 ], [ 480395.1578227240243, 2140895.689942489843816 ], [ 480390.572485799028073, 2140898.641753479838371 ], [ 480372.380602682009339, 2140905.965571159962565 ], [ 480300.230924587987829, 2140956.799140229821205 ], [ 480255.752777774992865, 2140988.860648769885302 ], [ 480242.681492673000321, 2140995.956490119919181 ], [ 480152.099702414008789, 2140997.584585490170866 ], [ 480153.104453333013225, 2141013.22751516988501 ], [ 480147.337848105991725, 2141013.562288609798998 ], [ 480142.775336241989862, 2141013.827254499774426 ], [ 480135.770410845987499, 2141014.158134399913251 ], [ 480128.765485450974666, 2141014.489014289807528 ], [ 480124.198053836997133, 2141015.629964400082827 ], [ 480026.387870859995019, 2141040.06306987022981 ], [ 479948.744340808014385, 2141063.792610689997673 ], [ 479936.396235872991383, 2141068.627064699772745 ], [ 479924.293013360991608, 2141072.46871493011713 ], [ 479944.267952154972591, 2141205.886333379894495 ], [ 479953.814025417028461, 2141269.646947280038148 ], [ 479959.603172121976968, 2141324.473556070122868 ], [ 479963.062351891014259, 2141357.2340138098225 ], [ 479968.502543899987359, 2141407.827785159926862 ], [ 479966.20135389000643, 2141434.438250320032239 ], [ 479966.326468905026559, 2141439.924909110181034 ], [ 479964.857499164005276, 2141445.800789180211723 ], [ 479958.166184641013388, 2141472.566052310168743 ], [ 479943.477672100998461, 2141506.295233829878271 ], [ 479914.92840953898849, 2141559.721716680098325 ], [ 479896.812567805987783, 2141592.482105169910938 ], [ 479868.514900201989803, 2141662.707060839980841 ], [ 479863.841891138989013, 2141681.918324030004442 ], [ 479855.568081810022704, 2141716.162708150222898 ], [ 479854.495873021020088, 2141720.600462050177157 ], [ 479856.0535448960145, 2141777.195804410148412 ], [ 479860.856362088001333, 2141824.315320970024914 ], [ 479865.659179278998636, 2141871.434837520122528 ], [ 479873.187919564021286, 2141940.231927790213376 ], [ 479873.96675611298997, 2141986.183191990014166 ], [ 479866.635459216020536, 2142022.025095750112087 ], [ 479864.62073824100662, 2142031.874844879843295 ], [ 479847.694301225012168, 2142069.785912119783461 ], [ 479832.189254641009029, 2142110.057896600104868 ], [ 479826.451194493973162, 2142128.5581059101969 ], [ 479824.806797092023771, 2142135.185797209851444 ], [ 479822.82210850098636, 2142154.892778560053557 ], [ 479824.335075012000743, 2142181.180556850042194 ], [ 479827.448285138991196, 2142206.910958140157163 ], [ 479831.946950749028474, 2142249.844258079770952 ], [ 479846.637484800012317, 2142363.77779723983258 ], [ 479854.307266496994998, 2142434.863023010082543 ], [ 479860.621192316000815, 2142482.519063000101596 ], [ 479860.95403487799922, 2142485.031281069852412 ], [ 479878.990972490981221, 2142621.169880929868668 ], [ 479879.275606010982301, 2142665.829284789972007 ], [ 479877.134109820995945, 2142693.616855590138584 ], [ 479871.242571238020901, 2142770.064129400067031 ], [ 479867.744935980008449, 2142845.881528759840876 ], [ 479865.209128965972923, 2142900.849608319811523 ], [ 479864.995606742973905, 2142905.478078269865364 ], [ 479864.885600499983411, 2142907.862657160032541 ], [ 479864.247300725022797, 2142921.698928109835833 ], [ 479864.78181128599681, 2142987.611229780130088 ], [ 479865.228502035024576, 2143042.694173830095679 ], [ 479865.423333443992306, 2143065.153003939893097 ], [ 479867.364784164994489, 2143190.958732979837805 ], [ 479870.51393332099542, 2143215.364633279852569 ], [ 479880.748666542989668, 2143250.398909320123494 ], [ 479947.912841260025743, 2143409.485125290229917 ], [ 479951.239041981985793, 2143417.414377280045301 ], [ 479952.787767179019284, 2143421.137000939808786 ], [ 479955.41743360797409, 2143427.457850169856101 ], [ 480010.921813521999866, 2143560.872040320187807 ], [ 480045.30210975202499, 2143700.353439290076494 ], [ 480045.813231611973606, 2143702.427068660035729 ], [ 480066.942732904979493, 2143788.149785549845546 ], [ 480151.690844781987835, 2144116.657281970139593 ], [ 480175.806655220978428, 2144221.533003670163453 ], [ 480184.779979619022924, 2144248.452974929939955 ], [ 480221.970203295990359, 2144368.751596540212631 ], [ 480221.970203734992538, 2144381.650749570224434 ], [ 480222.531037157983519, 2144402.401560950092971 ], [ 480219.726874297019094, 2144423.713205189909786 ], [ 480214.679380509012844, 2144443.342351280152798 ], [ 480196.171902403992135, 2144489.330636629834771 ], [ 480181.07568532199366, 2144527.610335350036621 ], [ 480147.143751832016278, 2144614.862088679801673 ], [ 480154.444057882006746, 2144615.344323600176722 ], [ 480158.157149905979168, 2144615.591596260201186 ], [ 480160.864770238986239, 2144615.771909719798714 ], [ 480166.302366747986525, 2144616.134025429841131 ], [ 480194.832448242988903, 2144618.028132040053606 ], [ 480206.012796312978026, 2144618.770393200218678 ], [ 480278.663819368986879, 2144623.593680629972368 ], [ 480296.52680206898367, 2144623.020453060045838 ], [ 480307.332583906012587, 2144622.67369282990694 ], [ 480417.362672941992059, 2144615.547148319892585 ], [ 480472.216630309005268, 2144630.923767710104585 ], [ 480542.21028048399603, 2144650.544334209989756 ], [ 480564.918283556005917, 2144657.810894660186023 ], [ 480643.118705319997389, 2144671.248148120008409 ], [ 480672.402830896025989, 2144676.280067500192672 ], [ 480736.878399472974706, 2144702.463769239839166 ], [ 480844.476015643973369, 2144743.083952280227095 ], [ 480855.185395683976822, 2144754.62907068990171 ], [ 480866.190072229015641, 2144756.662196349818259 ], [ 480948.084464540996123, 2144771.792272210121155 ], [ 480974.07933768897783, 2144776.892411069944501 ], [ 481003.070653475006111, 2144781.412666869815439 ], [ 481085.63750584499212, 2144800.113260900136083 ], [ 481140.850442574999761, 2144813.596867050044239 ], [ 481153.331640238990076, 2144819.816103970166296 ], [ 481218.33697119099088, 2144836.637329400051385 ], [ 481260.569840340991504, 2144846.9871760699898 ], [ 481296.983453636988997, 2144855.693594180047512 ], [ 481336.510538324015215, 2144865.202935909852386 ], [ 481345.497627427976113, 2144867.086273329798132 ], [ 481459.484194995020516, 2144889.645788049791008 ], [ 481471.006157873023767, 2144893.049333290196955 ], [ 481480.177153136988636, 2144902.001971319783479 ], [ 481483.67086582997581, 2144912.046394700184464 ], [ 481484.544294257997535, 2144922.52753221988678 ], [ 481482.797438272973523, 2144928.859886220190674 ], [ 481478.211941040004604, 2144936.939096559770405 ], [ 481500.047643048979808, 2144926.89467237982899 ], [ 481516.206062529992778, 2144919.252175739966333 ], [ 481536.949979486002121, 2144911.172964890021831 ], [ 481558.190428589994553, 2144902.507756750099361 ], [ 481569.266818602976855, 2144900.691826319787651 ], [ 481579.698385357973166, 2144900.36583951022476 ], [ 481590.210376158996951, 2144903.166321109980345 ], [ 481609.850221214001067, 2144911.370955150108784 ], [ 481848.982168157002889, 2144987.379559400025755 ], [ 481923.660270822001621, 2145010.088688449934125 ], [ 481977.985035984020215, 2145028.889294830150902 ], [ 482074.735797115019523, 2145064.65603563003242 ], [ 482077.464885667024646, 2145065.664922810159624 ], [ 482086.416362868971191, 2145068.974097449798137 ], [ 482090.053427061997354, 2145070.121372450143099 ], [ 482094.458987569028977, 2145071.511061820201576 ], [ 482098.339609325979836, 2145072.735164579935372 ], [ 482114.069130972027779, 2145076.965158290229738 ], [ 482121.247521296027116, 2145078.794706199783832 ], [ 482126.381743740988895, 2145080.103259440045804 ], [ 482129.479140622017439, 2145080.887195949908346 ], [ 482370.080956824007444, 2145140.140396289993078 ], [ 482645.981978768017143, 2145241.298308600205928 ], [ 482882.162114400998689, 2145332.439236369915307 ], [ 482911.033745986991562, 2145343.051482960116118 ], [ 482961.694720871979371, 2145361.672763720154762 ], [ 482968.55887382698711, 2145363.960814579855651 ], [ 482970.848263304971624, 2145364.723944359924644 ], [ 482973.215721689979546, 2145365.513097110204399 ], [ 483064.918190047028475, 2145396.080584870185703 ], [ 483148.431475682999007, 2145422.227266199886799 ], [ 483150.743194853013847, 2145422.951028699986637 ], [ 483153.600524579000194, 2145423.84561318019405 ], [ 483170.798314005020075, 2145429.229967500083148 ], [ 483174.269150278007146, 2145430.316631120163947 ], [ 483177.592423203983344, 2145431.357095019891858 ], [ 483179.674446259974502, 2145432.00894331978634 ], [ 483182.113968327990733, 2145432.772718870081007 ], [ 483232.265329346992075, 2145448.474312270060182 ], [ 483291.569501394988038, 2145466.33901980984956 ], [ 483444.347222997981589, 2145513.979381809942424 ], [ 483500.578231505001895, 2145531.554804789833724 ], [ 483549.759407866979018, 2145540.634405519813299 ], [ 483596.237954623997211, 2145543.459184649866074 ], [ 483664.50997890002327, 2145543.630870619788766 ], [ 483668.467477063008118, 2145543.640822669956833 ], [ 483672.667486581020057, 2145543.651384579949081 ], [ 483684.76969432097394, 2145543.681818409822881 ], [ 483695.403962154989131, 2145543.712809599936008 ], [ 483698.345911096024793, 2145543.721383249852806 ], [ 483702.267903520027176, 2145543.732813019771129 ], [ 483997.002192938991357, 2145544.591750009916723 ] ] ] ] } },
{ "type": "Feature", "properties": { "ID": 8.0, "ENTIDAD": 9, "MUNICIPIO": 3, "NOMBRE": "COYOACAN", "CONTROL": 8.0, "GEOMETRY1_": null, "ClaveEnt": "09" }, "geometry": { "type": "MultiPolygon", "coordinates": [ [ [ [ 481956.937566170003265, 2140626.262197460047901 ], [ 481971.588761191989761, 2140617.790790350176394 ], [ 482037.948205397988204, 2140573.737115459982306 ], [ 482085.38981695799157, 2140547.076606510207057 ], [ 482097.396971534995828, 2140540.840561269782484 ], [ 482115.124472465016879, 2140532.61985016008839 ], [ 482137.26166507502785, 2140525.582013320177794 ], [ 482183.839342211023904, 2140517.26456916006282 ], [ 482219.284442797012161, 2140515.089236900210381 ], [ 482270.616695148986764, 2140512.530149340163916 ], [ 482306.553607448993716, 2140510.738571890164167 ], [ 482401.216995328024495, 2140504.491746210027486 ], [ 482432.594849593006074, 2140502.421125350054353 ], [ 482831.965502139995806, 2140479.11412663012743 ], [ 483001.099370888026897, 2140469.691084050107747 ], [ 483496.439255622972269, 2140439.336532820016146 ], [ 483543.19610450102482, 2140436.471261519938707 ], [ 483909.597399356018286, 2140415.1082679098472 ], [ 483932.125623036990874, 2140413.894024060107768 ], [ 484283.947940060985275, 2140391.823724320158362 ], [ 484638.586164931999519, 2140376.421402609907091 ], [ 484874.790731584012974, 2140365.254366079811007 ], [ 484892.348734576022252, 2140364.350507259834558 ], [ 484867.072047031018883, 2140259.457858370151371 ], [ 484876.496355680981651, 2140264.569275300018489 ], [ 484971.442391751974355, 2140316.064699970185757 ], [ 485274.269059700018261, 2140296.004694090224802 ], [ 485735.531840295996517, 2140263.778409540187567 ], [ 485863.385118569014594, 2140252.391981659922749 ], [ 485885.074240021000151, 2140250.46037989994511 ], [ 485904.606382093974389, 2140249.649807539768517 ], [ 485958.786132470006123, 2140256.401305459905416 ], [ 485978.70979495998472, 2140262.776877200230956 ], [ 486017.026383100019302, 2140275.038184899836779 ], [ 486035.574972221977077, 2140284.556539670098573 ], [ 486076.043170674995054, 2140305.323114830069244 ], [ 486086.432965842017438, 2140312.150694440118968 ], [ 486130.400738359021489, 2140341.043801790103316 ], [ 486171.945451279985718, 2140388.412539570126683 ], [ 486192.979206593008712, 2140423.360932580195367 ], [ 486221.984996067010798, 2140477.103581320028752 ], [ 486231.902260183007456, 2140495.794136929791421 ], [ 486241.81418892001966, 2140514.485848700162023 ], [ 486255.51632656698348, 2140512.96171570988372 ], [ 486313.715846884995699, 2140506.217204110231251 ], [ 486320.171012724982575, 2140505.469140539877117 ], [ 486335.934856833016966, 2140509.173128480091691 ], [ 486349.127226922020782, 2140502.106954639777541 ], [ 486364.019301567983348, 2140500.240678209811449 ], [ 486394.973892867972609, 2140496.361445410177112 ], [ 486413.200392963015474, 2140494.077298409771174 ], [ 486438.51669627299998, 2140490.897680209949613 ], [ 486463.820636018004734, 2140487.733563980087638 ], [ 486482.192491821013391, 2140485.429147770162672 ], [ 486514.489525208016858, 2140481.371885180007666 ], [ 486525.370383578992914, 2140480.005750509910285 ], [ 486568.979672836023383, 2140474.735192220192403 ], [ 486597.382467493007425, 2140470.964349479880184 ], [ 486604.258030952012632, 2140470.241273940075189 ], [ 486650.41992921201745, 2140464.393615679815412 ], [ 486689.849281757022254, 2140459.846637309994549 ], [ 486706.605574769026134, 2140457.859705099835992 ], [ 486735.55077774397796, 2140454.64360154978931 ], [ 486759.137060946028214, 2140452.022927959915251 ], [ 486780.527316368010361, 2140449.218689150176942 ], [ 486798.738987295015249, 2140446.808614000212401 ], [ 486863.125163991993759, 2140438.311739780008793 ], [ 486906.424078082025517, 2140432.559237129986286 ], [ 486915.293282939994242, 2140431.389684129972011 ], [ 486999.430116618983448, 2140421.936105019878596 ], [ 487085.653912067995407, 2140412.509734129998833 ], [ 487145.251539059972856, 2140406.337699360214174 ], [ 487190.317119108978659, 2140402.571886110119522 ], [ 487195.459775105991866, 2140316.388949890155345 ], [ 487214.547688691993244, 2140137.814374739769846 ], [ 487218.44077390502207, 2140108.183664340060204 ], [ 487225.905786475981586, 2140051.36661214986816 ], [ 487241.955132204981055, 2139994.040285869967192 ], [ 487259.902901139983442, 2139926.960490779951215 ], [ 487278.279241925978567, 2139858.278908200096339 ], [ 487295.494817116006743, 2139812.194132700096816 ], [ 487321.187616055016406, 2139744.066900019999593 ], [ 487345.796830566017888, 2139675.28729290002957 ], [ 487355.336392862023786, 2139663.654616579879075 ], [ 487364.875955159019213, 2139652.021940260194242 ], [ 487383.204049940977711, 2139615.75020455988124 ], [ 487438.439782258996274, 2139527.837370390072465 ], [ 487591.135315823019482, 2139277.617248170077801 ], [ 487664.588168367976323, 2139145.936233359854668 ], [ 487679.261130166996736, 2139119.687719619832933 ], [ 487713.765784442017321, 2139057.96222044993192 ], [ 487723.879958163015544, 2139041.017694119829684 ], [ 487748.180245528987143, 2138993.205232330132276 ], [ 487782.594706501986366, 2138922.5373630002141 ], [ 487814.119403949996922, 2138875.250312710180879 ], [ 487842.228926051990129, 2138842.937494880054146 ], [ 487869.077714736980852, 2138781.688689659815282 ], [ 487892.689172152022365, 2138726.310158090200275 ], [ 487984.878179620020092, 2138510.08920357003808 ], [ 487986.685701114009134, 2138495.806817640084773 ], [ 487997.165491292020306, 2138412.999278020113707 ], [ 487996.66538026498165, 2138351.067368640098721 ], [ 487999.221199856023304, 2138346.0061349500902 ], [ 488001.00327941798605, 2138342.477121740113944 ], [ 488004.115496155980509, 2138336.314066939987242 ], [ 488007.223057825001888, 2138330.160230469889939 ], [ 488022.323601940996014, 2138244.89547117985785 ], [ 488044.492851571994834, 2138153.492573599796742 ], [ 488070.00309232599102, 2138092.620079659856856 ], [ 488078.699317091028206, 2138076.966873669996858 ], [ 488117.354530751006678, 2138013.34680650010705 ], [ 488126.031095597019885, 2137994.320155169814825 ], [ 488141.494265005982015, 2137978.13152763992548 ], [ 488173.283295688976068, 2137901.673348559997976 ], [ 488202.724052337987814, 2137847.791204180102795 ], [ 488225.954819853999652, 2137814.486915189772844 ], [ 488234.109010160027537, 2137802.796836060006171 ], [ 488286.046949715004303, 2137752.803093350026757 ], [ 488338.039839668024797, 2137714.314195109996945 ], [ 488370.344627465005033, 2137696.312563870102167 ], [ 488406.587409108004067, 2137672.257618260104209 ], [ 488422.141016682027839, 2137657.259495450183749 ], [ 488439.916567983978894, 2137629.485194169916213 ], [ 488452.137258964008652, 2137583.37985438015312 ], [ 488464.913436031027231, 2137541.718402729835361 ], [ 488479.911557238025125, 2137507.833755290135741 ], [ 488537.126613105996512, 2137422.844393299892545 ], [ 488617.116593944025226, 2137293.416149340104312 ], [ 488698.7730327519821, 2137161.210475230123848 ], [ 488717.189651050022803, 2137144.699023010209203 ], [ 488747.100313559989445, 2137117.882564810104668 ], [ 488760.447383589984383, 2137100.771419830154628 ], [ 488783.83318324299762, 2137076.828177739866078 ], [ 488822.646407387976069, 2137033.44868844980374 ], [ 488873.195631911978126, 2136975.122655469924212 ], [ 488929.119638259988278, 2136907.503399179782718 ], [ 488981.277132179995533, 2136850.175270730163902 ], [ 489045.951773078006227, 2136782.92448950977996 ], [ 489092.612596248975024, 2136755.150187660008669 ], [ 489224.262775942974258, 2136677.382142489776015 ], [ 489284.949479295988567, 2136639.071538889780641 ], [ 489323.694768148998264, 2136614.612220449838787 ], [ 489348.156361458997708, 2136597.345212019979954 ], [ 489380.354339060024358, 2136574.61722601018846 ], [ 489400.041046247992199, 2136559.508821620140225 ], [ 489404.239903879992198, 2136556.286606720183045 ], [ 489421.619231501012109, 2136539.080963079817593 ], [ 489446.82204267301131, 2136514.130152659956366 ], [ 489466.585838174971286, 2136493.457675300072879 ], [ 489505.659942905011121, 2136452.587056830059737 ], [ 489544.636164273018949, 2136403.191445659846067 ], [ 489573.966010735020973, 2136366.020944260060787 ], [ 489580.052689953998197, 2136353.171286989934742 ], [ 489586.139369174023159, 2136340.321629730053246 ], [ 489590.224679670995101, 2136321.427066249772906 ], [ 489596.949812992010266, 2136290.274802660103887 ], [ 489573.420512997021433, 2136012.854478110093623 ], [ 489562.273091381997801, 2135881.646097599994391 ], [ 489557.924315227020998, 2135830.147801179904491 ], [ 489544.211057088978123, 2135668.462731040082872 ], [ 489533.002631402981933, 2135536.310687030199915 ], [ 489515.420774749014527, 2135329.013216520193964 ], [ 489511.674742071016226, 2135284.845918740145862 ], [ 489506.658135399979074, 2135225.698020210023969 ], [ 489497.685721685003955, 2135119.478146799840033 ], [ 489467.84803388, 2134768.440309550147504 ], [ 489465.421107643982396, 2134739.887730590067804 ], [ 489446.610192801977973, 2134536.983477199915797 ], [ 489399.771655890974216, 2134027.129119580145925 ], [ 489086.207000027992763, 2134008.788951369933784 ], [ 488970.502950629976112, 2133991.910686349961907 ], [ 488847.541978311026469, 2133984.42265181010589 ], [ 488818.320481765025761, 2133982.642044730018824 ], [ 488754.29325449001044, 2133978.740556180011481 ], [ 488718.582097880018409, 2133976.810634419787675 ], [ 488633.523330705007538, 2133972.578585689887404 ], [ 488602.545813545992132, 2133971.732206009794027 ], [ 488561.965896249981597, 2133970.623465850017965 ], [ 488509.315665092028212, 2133975.843838240019977 ], [ 488499.584333011007402, 2133983.05888088978827 ], [ 488409.275034660007805, 2134005.308669900055975 ], [ 488288.64703917800216, 2134032.222414120100439 ], [ 488187.522788650006987, 2134058.726728009991348 ], [ 488070.797457747976296, 2134090.550936500076205 ], [ 488062.913223169976845, 2134092.353500599972904 ], [ 488057.930244443996344, 2134093.335796230006963 ], [ 488052.848520560015459, 2134094.337557510007173 ], [ 487998.5552004550118, 2134105.83509262977168 ], [ 487845.699312034994364, 2134143.470882640220225 ], [ 487831.116388976981398, 2134147.061453050002456 ], [ 487826.754852403013501, 2134148.1353395502083 ], [ 487782.01699912402546, 2134159.150580579880625 ], [ 487726.833883585990407, 2134172.737627650145441 ], [ 487651.842500643979292, 2134189.083780120126903 ], [ 487642.277789572020993, 2134192.13634784007445 ], [ 487619.247330654994585, 2134199.486495140008628 ], [ 487458.566646396007854, 2134250.767570510040969 ], [ 487402.678130781976506, 2134268.622864590026438 ], [ 487289.128473273012787, 2134304.899772380013019 ], [ 487211.217902667005546, 2134329.790684869978577 ], [ 487202.402885688003153, 2134332.181674770079553 ], [ 487194.697129142004997, 2134335.068750800099224 ], [ 487092.086518361000344, 2134377.861134380102158 ], [ 486918.490855931013357, 2134450.211824589874595 ], [ 486909.172354458016343, 2134454.074713880196214 ], [ 486899.85385298501933, 2134457.937603170052171 ], [ 486814.323781476996373, 2134493.393217809963971 ], [ 486757.008782721997704, 2134517.152563199866563 ], [ 486645.793245923006907, 2134565.751779280137271 ], [ 486613.807590613025241, 2134579.728943080175668 ], [ 486564.301196075975895, 2134601.36235901992768 ], [ 486509.554780813981779, 2134620.91182343987748 ], [ 486440.145355810993351, 2134659.186217589769512 ], [ 486416.736977463995572, 2134669.710969990119338 ], [ 486389.567886516975705, 2134682.785534179769456 ], [ 486336.153541320993099, 2134707.618961189873517 ], [ 486285.156907077005599, 2134731.295104989781976 ], [ 486232.806818942015525, 2134754.920757969841361 ], [ 486220.416716945008375, 2134760.512424780055881 ], [ 486136.557405163999647, 2134800.147064310032874 ], [ 486105.763691532018129, 2134813.944474230054766 ], [ 486078.772876529023051, 2134826.03796003991738 ], [ 486046.858720658987295, 2134841.434480079915375 ], [ 485837.48445814702427, 2134940.873524120077491 ], [ 485796.710568310983945, 2134886.45940044010058 ], [ 485766.794803077005781, 2134845.207135119941086 ], [ 485717.040162041026633, 2134780.652063500136137 ], [ 485663.902651670970954, 2134720.211094180122018 ], [ 485601.886463019007351, 2134654.825051810126752 ], [ 485509.39041139598703, 2134546.783550709951669 ], [ 485487.312806829984765, 2134520.995449529960752 ], [ 485473.930583611014299, 2134502.919799929950386 ], [ 485455.406493187008891, 2134484.317550740204751 ], [ 485427.416888009989634, 2134454.328688309993595 ], [ 485394.083507006987929, 2134413.703630620148033 ], [ 485355.020951181999408, 2134367.870232230052352 ], [ 485328.92983123002341, 2134335.800435610115528 ], [ 485277.755343728989828, 2134275.149191759992391 ], [ 485236.857546319020912, 2134227.957796370144933 ], [ 485222.582032456994057, 2134212.384508680086583 ], [ 485196.722420812991913, 2134181.036716400180012 ], [ 485159.676327647990547, 2134145.300308750011027 ], [ 485104.600820319028571, 2134083.011753799859434 ], [ 485074.896727391984314, 2134049.028258009813726 ], [ 485045.192634481005371, 2134015.79995102994144 ], [ 485023.469037142989691, 2133988.988293590024114 ], [ 484900.668741897970904, 2134035.488677619956434 ], [ 484813.79138327302644, 2134071.141700759995729 ], [ 484805.665220147988293, 2134074.382195639889687 ], [ 484751.010087080008816, 2134096.177189920097589 ], [ 484703.743675731995609, 2134109.698566639795899 ], [ 484654.445823842019308, 2134119.720659180078655 ], [ 484630.646293074009009, 2134124.5590261798352 ], [ 484566.384857886005193, 2134141.829289429821074 ], [ 484544.294989629008342, 2134151.066871770191938 ], [ 484532.618101241998374, 2134157.888353399932384 ], [ 484510.048076947976369, 2134171.073458950035274 ], [ 484473.308532509021461, 2134125.30097268987447 ], [ 484237.533179524005391, 2133932.417371110059321 ], [ 484168.723782412009314, 2133880.909472819883376 ], [ 484141.108111576002557, 2133859.771658299956471 ], [ 484080.141942102985922, 2133814.690917820204049 ], [ 484068.427917851018719, 2133805.934204739984125 ], [ 484048.849355922022369, 2133793.159663590136915 ], [ 484030.407125818019267, 2133786.952173669822514 ], [ 484018.344441226974595, 2133784.136216079816222 ], [ 483941.74453662201995, 2133766.254451760090888 ], [ 483712.90670452901395, 2133714.064832520205528 ], [ 483572.962987288017757, 2133680.883578219916672 ], [ 483545.207452500995714, 2133673.68537210021168 ], [ 483538.261348397005349, 2133683.669900130014867 ], [ 483406.478965373011306, 2133865.788242090027779 ], [ 483356.245420084975194, 2133939.571165329776704 ], [ 483333.755430722027086, 2133968.162496299948543 ], [ 483305.726068950025365, 2133996.27944710990414 ], [ 483258.417043243010994, 2134035.857817209791392 ], [ 483216.53459605097305, 2134065.414658799767494 ], [ 483178.810368875972927, 2134091.300072989892215 ], [ 483163.84078261902323, 2134100.509967289865017 ], [ 483137.103622786002234, 2134114.565078829880804 ], [ 483030.133841014001518, 2134154.39888331014663 ], [ 483025.564834851014894, 2134155.305839770007879 ], [ 483021.393487329012714, 2134156.133860220201313 ], [ 483016.233534599014092, 2134157.158120700158179 ], [ 483009.727386502025183, 2134158.449603539891541 ], [ 482939.149280644021928, 2134172.45949245011434 ], [ 482899.355973305995576, 2134178.488782879896462 ], [ 482800.558872251014691, 2134193.833577429875731 ], [ 482735.052350569982082, 2134201.491465580184013 ], [ 482510.984038988011889, 2134235.55043849023059 ], [ 482400.907569468021393, 2134251.69577171979472 ], [ 482294.285140817984939, 2134267.627862730063498 ], [ 482102.632915725000203, 2134294.124589680228382 ], [ 481972.987302187015302, 2134313.140694560017437 ], [ 481963.783952584024519, 2134314.734696379862726 ], [ 481915.978178101009689, 2134322.026776200160384 ], [ 481840.33005787699949, 2134333.565803369972855 ], [ 481768.983698290016036, 2134343.817054419778287 ], [ 481710.809870216005947, 2134351.297738689929247 ], [ 481579.258138369012158, 2134371.723762639798224 ], [ 481432.29852894297801, 2134391.664606010075659 ], [ 481387.790053792006802, 2134397.703928899951279 ], [ 481167.586691142001655, 2134411.449566670227796 ], [ 481159.219688411976676, 2134411.320370890200138 ], [ 481078.586385253001936, 2134410.09186326013878 ], [ 481060.503204454027582, 2134409.796079160179943 ], [ 480943.523403062019497, 2134402.065252489876002 ], [ 480859.389261677977629, 2134396.412018510047346 ], [ 480739.445726284990087, 2134381.9360779998824 ], [ 480628.297857520985417, 2134368.76245081005618 ], [ 480461.641820533026475, 2134350.382792190182954 ], [ 479970.398455316026229, 2134294.070600910112262 ], [ 479731.875619802973233, 2134266.06817475007847 ], [ 479646.705547466990538, 2134257.944386839866638 ], [ 479579.84466295002494, 2134255.711191799957305 ], [ 479484.897176187019795, 2134264.442179129924625 ], [ 479413.774921708973125, 2134275.468888279981911 ], [ 479346.512014692998491, 2134294.765627290122211 ], [ 479286.622448888025247, 2134314.698223319835961 ], [ 479222.923284848977346, 2134348.123219910077751 ], [ 479145.036344540014397, 2134388.992998240049928 ], [ 479048.755628957995214, 2134451.450576160103083 ], [ 479036.74611588998232, 2134458.969886450096965 ], [ 478918.752688487991691, 2134519.228923679795116 ], [ 478888.606656474003103, 2134533.208468370139599 ], [ 478851.277909066004213, 2134548.5679163900204 ], [ 478781.518820711993612, 2134573.746495639905334 ], [ 478700.682432573987171, 2134598.185407930053771 ], [ 478581.272551858972292, 2134626.197373169939965 ], [ 478478.528331740992144, 2134645.101118419785053 ], [ 478478.858501349983271, 2134652.877114470116794 ], [ 478479.081925623002462, 2134667.028534569777548 ], [ 478478.741299538000021, 2134674.584106090012938 ], [ 478450.887298816000111, 2134696.71402736986056 ], [ 478450.794883340015076, 2134722.832757459953427 ], [ 478423.27287853002781, 2134744.953343790024519 ], [ 478699.824794457992539, 2135021.50525071984157 ], [ 478788.819009737984743, 2135115.284098220057786 ], [ 478894.958467359014321, 2135223.302126899827272 ], [ 478806.626093710015994, 2135260.372619010042399 ], [ 478827.349833202024456, 2135295.014373649843037 ], [ 479231.55231791298138, 2135969.694193370174617 ], [ 479497.193890681024641, 2136413.372840519994497 ], [ 479534.443981778982561, 2136515.874283370096236 ], [ 479522.941018235986121, 2136588.942440180107951 ], [ 479543.541796312027145, 2137350.532420089934021 ], [ 479540.734725921007339, 2137368.61008726991713 ], [ 479525.80796118802391, 2137396.183439690154046 ], [ 479243.129637707024813, 2137674.617699109949172 ], [ 479220.378772386990022, 2137743.499262089841068 ], [ 479197.272363999974914, 2137738.348994640167803 ], [ 479181.19112800899893, 2137734.520100580062717 ], [ 479157.251935994019732, 2137731.768464080058038 ], [ 479132.448471980984323, 2137728.917485780082643 ], [ 478989.455451208981685, 2137712.481475159991533 ], [ 479050.228489715023898, 2137797.66918074991554 ], [ 479126.517684542981442, 2137911.726958639919758 ], [ 479199.733402822981589, 2137964.22124542016536 ], [ 479231.506261123984586, 2137971.128387620206922 ], [ 479263.279119427024852, 2137978.035529830027372 ], [ 479403.203716620977502, 2138010.518021719995886 ], [ 479417.999125137983356, 2138013.952669720165431 ], [ 479558.917561820009723, 2138049.718766590114683 ], [ 479568.166757275001146, 2138052.066277880221605 ], [ 479690.140563917986583, 2138083.024093570187688 ], [ 479703.124688568990678, 2138084.734299960080534 ], [ 479711.313521779025905, 2138085.812893650028855 ], [ 479719.347667780995835, 2138087.041278549935669 ], [ 479844.451862443005666, 2138106.169148989953101 ], [ 479915.308970499027055, 2138110.696660839952528 ], [ 479924.983428710023873, 2138110.652658780105412 ], [ 480002.343434442998841, 2138212.878377540037036 ], [ 479998.38260980299674, 2138319.605894249863923 ], [ 480006.443589651025832, 2138331.271994879934937 ], [ 480014.963749054004438, 2138343.602634440176189 ], [ 480046.433155220001936, 2138365.8993013901636 ], [ 480092.41845076502068, 2138424.620589780155569 ], [ 480098.951051133975852, 2138438.307378329802305 ], [ 480176.107516659016255, 2138485.38288437994197 ], [ 480193.918336422997527, 2138498.670321349985898 ], [ 480274.733802233007737, 2138572.059261769987643 ], [ 480276.775186282990035, 2138573.785787910223007 ], [ 480278.816570331982803, 2138575.512314040213823 ], [ 480286.661194721003994, 2138578.813158079981804 ], [ 480371.085234109021258, 2138614.336922289803624 ], [ 480378.435318065981846, 2138664.715183340013027 ], [ 480395.649080250004772, 2138674.730462799780071 ], [ 480416.762017262983136, 2138687.014352980069816 ], [ 480420.498232127982192, 2138703.827317889779806 ], [ 480421.63996144302655, 2138708.965099200140685 ], [ 480451.474406822002493, 2138736.879393179900944 ], [ 480536.418255858006887, 2138809.234309500083327 ], [ 480598.853789663000498, 2138854.46687307022512 ], [ 480627.667134163028095, 2138872.025004290044308 ], [ 480661.662808132008649, 2138882.370389739982784 ], [ 480698.550408221024554, 2138932.983539870008826 ], [ 480709.06395366997458, 2138947.409082680009305 ], [ 480730.001337222987786, 2139003.205164920073003 ], [ 480732.959343312017154, 2139014.519560640212148 ], [ 480739.506682661012746, 2139039.563183300197124 ], [ 480756.885306514974218, 2139106.036551319994032 ], [ 480766.436154922004789, 2139142.56861890014261 ], [ 480783.540150786982849, 2139170.488292530179024 ], [ 480842.818012639996596, 2139209.881536810193211 ], [ 480903.024030969012529, 2139268.80359666980803 ], [ 480925.246632938971743, 2139261.423406220041215 ], [ 481003.027858566027135, 2139232.945113089866936 ], [ 481007.390565152978525, 2139248.862166749779135 ], [ 481017.842320584983099, 2139256.473963790107518 ], [ 481030.21003993100021, 2139258.354502770118415 ], [ 481079.671528233971912, 2139486.728553949855268 ], [ 481079.983066604996566, 2139491.791050009895116 ], [ 481080.716385681997053, 2139503.707479120232165 ], [ 481083.125444144010544, 2139510.345375800039619 ], [ 481093.379210625018459, 2139525.982369219884276 ], [ 481096.985357058001682, 2139530.218160159885883 ], [ 481112.354212084028404, 2139550.579657529946417 ], [ 481136.008386973990127, 2139573.467882509808987 ], [ 481271.578249720972963, 2139692.553356590215117 ], [ 481334.305155968002509, 2139749.955497620161623 ], [ 481347.081849532027263, 2139761.212835430167615 ], [ 481354.759044191974681, 2139773.870597769971937 ], [ 481359.747394191974308, 2139782.095131809823215 ], [ 481366.597861738991924, 2139793.389829149935395 ], [ 481378.436679283971898, 2139812.909060529898852 ], [ 481385.367955214984249, 2139825.737093139905483 ], [ 481392.338847799983341, 2139838.638446129858494 ], [ 481399.309740384982433, 2139851.539799110032618 ], [ 481508.659653946000617, 2139944.06664690002799 ], [ 481559.054931528982706, 2139992.791361710056663 ], [ 481570.022385541989934, 2140004.965932350140065 ], [ 481593.709587302990258, 2140035.34734256984666 ], [ 481622.371103679994121, 2140078.02807775977999 ], [ 481702.987464556004852, 2140170.127485979814082 ], [ 481769.417142493010033, 2140244.389482410158962 ], [ 481828.920942151977215, 2140314.174041729886085 ], [ 481855.765287789981812, 2140360.014467650093138 ], [ 481888.736281813005917, 2140441.904709849972278 ], [ 481951.525494363973849, 2140609.468515140004456 ], [ 481956.937566170003265, 2140626.262197460047901 ] ] ] ] } },
{ "type": "Feature", "properties": { "ID": 14.0, "ENTIDAD": 9, "MUNICIPIO": 4, "NOMBRE": "CUAJIMALPA DE MORELOS", "CONTROL": 9.0, "GEOMETRY1_": null, "ClaveEnt": "09" }, "geometry": { "type": "MultiPolygon", "coordinates": [ [ [ [ 472728.52292977302568, 2145175.43398598022759 ], [ 472740.127249434008263, 2145163.829664759803563 ], [ 472746.456876459997147, 2145117.41238171979785 ], [ 472753.841443073994014, 2145100.533369469922036 ], [ 472765.445762341027148, 2145080.48954229010269 ], [ 472804.478473149007186, 2145024.577813529875129 ], [ 472817.137731312017422, 2145019.303121719975024 ], [ 472842.906899438006803, 2145011.33736144984141 ], [ 472891.110579642001539, 2144832.365600259974599 ], [ 472893.778413749998435, 2144822.472499229945242 ], [ 472904.744390591979027, 2144842.813811339903623 ], [ 473017.539326063997578, 2144993.260110049974173 ], [ 473027.151326067978516, 2145037.801110050175339 ], [ 473090.965510433015879, 2145045.466359340120107 ], [ 473106.360251360980328, 2145058.512797540053725 ], [ 473122.644371154019609, 2145064.68278616014868 ], [ 473157.035994618025143, 2145069.569458339828998 ], [ 473174.927354280021973, 2145069.857984699774534 ], [ 473196.398213970009238, 2145079.6169668501243 ], [ 473201.522055441979319, 2145063.517862960230559 ], [ 473204.402811073989142, 2145047.262498090043664 ], [ 473207.020652047009207, 2145026.318330550100654 ], [ 473203.09376631397754, 2144985.083005580119789 ], [ 473188.694303237018175, 2144936.648454119917005 ], [ 473187.161181222007144, 2144910.911567110102624 ], [ 473161.390666113002226, 2144826.284062210004777 ], [ 473147.325345941993874, 2144789.858492960222065 ], [ 473134.341974226001184, 2144772.547331620007753 ], [ 473103.802724680979736, 2144742.008083629887551 ], [ 472978.447432312008459, 2144634.431535920128226 ], [ 472911.727329407993238, 2144583.940650019794703 ], [ 472877.713482840976212, 2144561.528481800109148 ], [ 472833.174669769010507, 2144536.506678400095552 ], [ 472764.448111673002131, 2144495.971356729976833 ], [ 472753.762978495971765, 2144482.958879369776696 ], [ 472747.992590776993893, 2144469.254209760110825 ], [ 472747.183064855984412, 2144458.605461350176483 ], [ 472752.437642775010318, 2144437.003302379976958 ], [ 472756.779673520009965, 2144421.5622473298572 ], [ 472784.418152778991498, 2144332.207509330008179 ], [ 472790.909837717015762, 2144321.027383599895984 ], [ 472796.903697833011393, 2144311.986020689830184 ], [ 472800.27831571502611, 2144300.067589520011097 ], [ 472806.054739100974984, 2144286.631012300029397 ], [ 472814.314372193010058, 2144280.206852340139449 ], [ 472830.022874906018842, 2144279.22507015010342 ], [ 472839.513428839971311, 2144283.152195559814572 ], [ 472856.530974197026808, 2144298.206177200190723 ], [ 472873.548519368981943, 2144309.333032989874482 ], [ 472885.984417479019612, 2144311.296595340128988 ], [ 473026.706421831971966, 2144321.768924430012703 ], [ 473038.815059449989349, 2144323.405226309783757 ], [ 473047.978352936974261, 2144327.98687270982191 ], [ 473064.668637797993142, 2144342.713593880180269 ], [ 473113.430450148996897, 2144379.694026739802212 ], [ 473122.593743618985172, 2144383.948412649799138 ], [ 473135.029641814995557, 2144387.875537930056453 ], [ 473197.209132310992572, 2144397.03882873011753 ], [ 473214.226677188009489, 2144401.947735259775072 ], [ 473241.389297168003395, 2144415.692674499936402 ], [ 473265.933833339018747, 2144429.110353359952569 ], [ 473292.114672271010932, 2144451.036804830189794 ], [ 473298.005361466028262, 2144465.436266019940376 ], [ 473296.041799162980169, 2144477.217643660027534 ], [ 473286.878506489971187, 2144490.3080635801889 ], [ 473257.425065035000443, 2144516.488903920166194 ], [ 473244.989167927007657, 2144536.124533739872277 ], [ 473250.546515077003278, 2144551.953748370055109 ], [ 473257.746245865011588, 2144559.807999739889055 ], [ 473268.551923196995631, 2144560.996329720132053 ], [ 473279.67877919197781, 2144558.378245309926569 ], [ 473294.078239685972221, 2144550.523992950096726 ], [ 473326.804286032973323, 2144527.615757329855114 ], [ 473365.421020374982618, 2144492.926143889781088 ], [ 473390.336610650992952, 2144463.309494869783521 ], [ 473400.110628732014447, 2144451.691320879850537 ], [ 473440.03640446998179, 2144405.874850810039788 ], [ 473451.817781148012727, 2144397.366077600046992 ], [ 473462.944637116976082, 2144394.093472210224718 ], [ 473483.889307308010757, 2144390.820866390131414 ], [ 473544.904962258995511, 2144384.236440119799227 ], [ 473574.86771865200717, 2144381.003047639969736 ], [ 473595.157868103997316, 2144382.31208867020905 ], [ 473630.501999986998271, 2144397.366069510113448 ], [ 473656.682838386972435, 2144407.838403929956257 ], [ 473671.082299363974016, 2144410.456487180199474 ], [ 473705.117388725979254, 2144411.76552759995684 ], [ 473750.933855095005129, 2144411.765525539871305 ], [ 473769.14781989302719, 2144404.265656409785151 ], [ 473780.778879349993076, 2144396.908745789900422 ], [ 473788.896069141977932, 2144390.820852629840374 ], [ 473828.821846329024993, 2144376.421389389783144 ], [ 473852.384600551973563, 2144378.384951259940863 ], [ 473889.692295567016117, 2144399.984141769818962 ], [ 473936.163284821028356, 2144443.182524050120264 ], [ 473968.889333398023155, 2144469.363361599855125 ], [ 473981.685903185978532, 2144472.252909140195698 ], [ 474001.952041946002282, 2144473.577016950119287 ], [ 474027.796218812, 2144471.326921899802983 ], [ 474058.558703062008135, 2144464.454450299963355 ], [ 474070.667340076994151, 2144452.673072210047394 ], [ 474078.521590972028207, 2144441.873475779779255 ], [ 474084.698195196979214, 2144433.796376870013773 ], [ 474093.575571961991955, 2144423.546887800097466 ], [ 474105.460554088989738, 2144417.648086360190064 ], [ 474119.558333938999567, 2144416.025320339947939 ], [ 474130.714850365999155, 2144418.155200750101358 ], [ 474142.991903732996434, 2144427.801271949894726 ], [ 474139.640063508006278, 2144410.041370620019734 ], [ 474131.537785625027027, 2144393.766181750223041 ], [ 474113.865718888991978, 2144368.23986449977383 ], [ 474095.916689953010064, 2144335.303967589978129 ], [ 474103.646417948009912, 2144328.195018180180341 ], [ 474112.745652473997325, 2144317.594878990203142 ], [ 474114.520236661017407, 2144296.89707816997543 ], [ 474110.593109834007919, 2144271.370760309975594 ], [ 474091.612000700028148, 2144234.717586529906839 ], [ 474064.122118911996949, 2144190.864682400133461 ], [ 474058.23142727999948, 2144121.485459269955754 ], [ 474060.849508473009337, 2144063.233092329930514 ], [ 474064.122110381023958, 2143999.744557550176978 ], [ 474048.413605129986536, 2143944.110275319777429 ], [ 474023.541807765024714, 2143914.65683251991868 ], [ 474009.796865882002749, 2143870.803927749861032 ], [ 474009.796864462026861, 2143839.059660430066288 ], [ 474004.887956188991666, 2143813.206082100048661 ], [ 473998.015485231007915, 2143790.952369229868054 ], [ 473998.858151327993255, 2143780.793782010208815 ], [ 474000.237461054988671, 2143767.881014610175043 ], [ 474006.196994616009761, 2143735.645346399862319 ], [ 474009.50628599798074, 2143723.40096561005339 ], [ 474022.560015631024726, 2143675.102155399974436 ], [ 474030.867944059020374, 2143608.906698970124125 ], [ 474033.646178408991545, 2143586.042767100036144 ], [ 474017.404548970982432, 2143573.897776979953051 ], [ 474001.178872514981776, 2143559.787123729940504 ], [ 473780.411681735015009, 2143370.147226490080357 ], [ 473620.160318019974511, 2143256.677608959842473 ], [ 473298.329162192996591, 2143041.107090579811484 ], [ 473261.299315086973365, 2143017.864493819884956 ], [ 473211.69856966601219, 2142984.445454469881952 ], [ 473106.142784447991289, 2142912.647296039853245 ], [ 473056.700558592972811, 2142878.476452279835939 ], [ 472997.918802850996144, 2142825.132431310135871 ], [ 472912.470582999987528, 2142748.956228040158749 ], [ 472775.493153895018622, 2142620.26086140004918 ], [ 472756.292120439989958, 2142602.684531699866056 ], [ 472649.568831706012134, 2142504.594425490126014 ], [ 472598.986871036991943, 2142462.855467210058123 ], [ 472539.015764267998748, 2142426.843345600180328 ], [ 472500.210446460987441, 2142405.168472869787365 ], [ 472416.821070967998821, 2142363.106434219982475 ], [ 472392.414391033991706, 2142351.433675189968199 ], [ 472370.483751155028585, 2142342.236956079956144 ], [ 472343.247311477025505, 2142334.45511724986136 ], [ 472162.65003409399651, 2142305.7527682101354 ], [ 472078.84161615697667, 2142292.008729159832001 ], [ 472031.619996947003528, 2142283.519451289903373 ], [ 472002.261237177997828, 2142272.907852519769222 ], [ 471984.221517088997643, 2142261.58881320990622 ], [ 471972.902476863004267, 2142250.977213580161333 ], [ 471961.229716508009005, 2142237.535853929817677 ], [ 471950.264395999023691, 2142221.26473418995738 ], [ 471932.932114880008157, 2142189.076214510016143 ], [ 471919.844474455981981, 2142173.512534889858216 ], [ 471903.927074395993259, 2142163.962095499970019 ], [ 471888.009674590022769, 2142159.717456200160086 ], [ 471873.860874912003055, 2142159.01001687021926 ], [ 471856.67333034001058, 2142165.92511346982792 ], [ 471793.920158106018789, 2142183.416701119858772 ], [ 471765.303720320982393, 2142187.278909970074892 ], [ 471721.36417752498528, 2142182.145785809960216 ], [ 471676.470979174016975, 2142172.127289209980518 ], [ 471634.632972211984452, 2142139.879584270063788 ], [ 471620.754944021988194, 2142087.285651360172778 ], [ 471627.671755963005126, 2142053.955187070183456 ], [ 471630.251181235013064, 2142047.426937280222774 ], [ 471669.278747288975865, 2141955.321881390176713 ], [ 471695.036940885009244, 2141877.266749280039221 ], [ 471697.378594847978093, 2141792.967206600122154 ], [ 471677.864811821025796, 2141712.570420530159026 ], [ 471638.837245767004788, 2141644.66245560022071 ], [ 471512.3879317510291, 2141514.310384979937226 ], [ 471520.959044451010413, 2141508.771203119773418 ], [ 471522.883832441002596, 2141507.527286360040307 ], [ 471560.715265678009018, 2141471.929673200007528 ], [ 471566.96977715898538, 2141466.044469790067524 ], [ 471734.726216346025467, 2141308.193227559793741 ], [ 471761.74146844597999, 2141282.773397920187563 ], [ 471763.910549295018427, 2141281.116359119769186 ], [ 471772.255766737973318, 2141274.741147660184652 ], [ 471974.294046648021322, 2141335.390233879908919 ], [ 472000.232507429027464, 2141335.564132450148463 ], [ 472008.768946324009448, 2141275.15885915979743 ], [ 472015.921990789007396, 2141224.610658609773964 ], [ 472016.624085172021296, 2141195.845445970073342 ], [ 472013.501879888004623, 2141182.57607351988554 ], [ 472010.435817000980023, 2141173.989236569963396 ], [ 471997.890853466000408, 2141138.865199539810419 ], [ 471984.362324258021545, 2141103.540706600062549 ], [ 471986.450343812990468, 2141102.721925910096616 ], [ 471989.379849096003454, 2141101.291094330139458 ], [ 471997.481674909999128, 2141097.333993350155652 ], [ 472001.538820473011583, 2141095.352398700080812 ], [ 472008.601826180005446, 2141091.902679159771651 ], [ 472011.734854055976029, 2141090.37244288995862 ], [ 472017.969344577984884, 2141087.327387469820678 ], [ 472037.87452592299087, 2141067.079013349954039 ], [ 472074.939346358005423, 2141055.06726597994566 ], [ 472098.897326425008941, 2141049.122563329990953 ], [ 472114.634029022010509, 2141036.723947419784963 ], [ 472139.962843991001137, 2141018.604316989891231 ], [ 472151.507908975007012, 2141020.095793520100415 ], [ 472172.156407820002642, 2141030.044615699909627 ], [ 472171.499802845995873, 2141019.594897449947894 ], [ 472172.809365132008679, 2141007.312714669853449 ], [ 472181.603962372988462, 2141002.101101490203291 ], [ 472252.137914634018671, 2140979.780245670117438 ], [ 472322.671866894990671, 2140957.459389859810472 ], [ 472342.201104896026663, 2140951.27923610014841 ], [ 472361.730342897993978, 2140945.099082329776138 ], [ 472395.605828566011041, 2140930.278557349927723 ], [ 472429.481314234028105, 2140915.458032370079309 ], [ 472446.530868194997311, 2140904.188741370104253 ], [ 472463.436021060973871, 2140893.021177359856665 ], [ 472463.031074078986421, 2140887.282748620025814 ], [ 472469.21986473002471, 2140886.794159890152514 ], [ 472476.548695763980504, 2140885.491256590001285 ], [ 472483.877526797994506, 2140884.188353300094604 ], [ 472491.369220744003542, 2140882.559724180027843 ], [ 472497.558011394983623, 2140878.976740119978786 ], [ 472501.14099545602221, 2140872.136497819796205 ], [ 472502.787678661989048, 2140866.787598350085318 ], [ 472504.434361868014093, 2140861.43869887990877 ], [ 472527.608714603993576, 2140843.756861090194434 ], [ 472532.252803563023917, 2140839.155209499876946 ], [ 472548.45516732300166, 2140825.190489139873534 ], [ 472564.657531084027141, 2140811.225768779870123 ], [ 472571.334910470002797, 2140801.616856980137527 ], [ 472578.01228985702619, 2140792.00794517993927 ], [ 472582.898177212977316, 2140773.767299049999565 ], [ 472588.390364854014479, 2140749.410731379874051 ], [ 472596.554260156000964, 2140701.445435020141304 ], [ 472604.71815545798745, 2140653.480138670187443 ], [ 472613.326596566010267, 2140596.696579359937459 ], [ 472640.157874719006941, 2140469.331703369971365 ], [ 472653.573513794981409, 2140405.649265380110592 ], [ 472660.281333332997747, 2140373.808046380057931 ], [ 472676.811278723005671, 2140295.34236790984869 ], [ 472668.594900714990217, 2140294.205693569965661 ], [ 472670.239069334988017, 2140286.300274759996682 ], [ 472695.209365540009458, 2140156.022414629813284 ], [ 472695.771338811027817, 2140153.088704059831798 ], [ 472710.013842070009559, 2140078.739798769820482 ], [ 472729.17039622599259, 2140067.169308600015938 ], [ 472732.044311918027233, 2140065.433473810087889 ], [ 472741.097595005005132, 2140059.965323220007122 ], [ 472754.658371874014847, 2140051.774662510026246 ], [ 472757.287400007015094, 2140043.962537730112672 ], [ 472762.66553139797179, 2140027.981486420147121 ], [ 472772.665981240977999, 2139998.265272649936378 ], [ 472770.046011287020519, 2139929.332328020129353 ], [ 472769.021289928990882, 2139902.37130866991356 ], [ 472789.516812661022414, 2139858.051000049803406 ], [ 472791.79195336101111, 2139853.131148079875857 ], [ 472793.816706442972645, 2139852.051606129854918 ], [ 472795.193269394978415, 2139845.776011140085757 ], [ 472809.622089274984319, 2139768.627045299857855 ], [ 472825.235661905026063, 2139592.015178570058197 ], [ 472839.40291831997456, 2139595.593387870118022 ], [ 472855.747103532019537, 2139596.51853042980656 ], [ 472867.157195094972849, 2139593.43472190015018 ], [ 472876.408620687026996, 2139589.425770809873939 ], [ 472884.734903718985151, 2139581.099487780127674 ], [ 472889.538101662008557, 2139573.353940810076892 ], [ 472891.281574152992107, 2139568.372590839862823 ], [ 472892.526911647000816, 2139561.398700870107859 ], [ 472892.028776650025975, 2139554.175743409898132 ], [ 472890.783439156017266, 2139545.956515950150788 ], [ 472887.201950544025749, 2139539.776453469879925 ], [ 472880.417571776022669, 2139532.066932139918208 ], [ 472871.474527037993539, 2139525.590934230014682 ], [ 472860.681197180994786, 2139517.881412900052965 ], [ 472847.729201352980454, 2139512.330557549837977 ], [ 472833.324130899971351, 2139506.121028690133244 ], [ 472838.289394517021719, 2139450.084482159931213 ], [ 472847.037812520982698, 2139396.756146720144898 ], [ 472848.972153897979297, 2139386.485986819956452 ], [ 472823.269094738003332, 2139392.303520769812167 ], [ 472814.910780499980319, 2139394.15693888021633 ], [ 472814.316862709005363, 2139388.217763539869338 ], [ 472804.81418229197152, 2139383.4664236898534 ], [ 472802.660399146028794, 2139379.249594749882817 ], [ 472796.93888292502379, 2139368.04760573990643 ], [ 472785.169066052010749, 2139353.482025910168886 ], [ 472735.001072049024515, 2139329.632634330075234 ], [ 472690.614323346002493, 2139321.533999479841441 ], [ 472683.655006761022378, 2139318.729417849797755 ], [ 472687.28369134402601, 2139304.481094790156931 ], [ 472706.967336026020348, 2139289.13946007983759 ], [ 472729.550529905012809, 2139284.620477280113846 ], [ 472759.919948514027055, 2139288.205002210102975 ], [ 472843.273668217996601, 2139318.507511420175433 ], [ 472874.819330464000814, 2139310.943476980086416 ], [ 472906.590897956979461, 2139323.091429260093719 ], [ 472974.650579301989637, 2139323.71440117014572 ], [ 473001.671985969005618, 2139327.841590090189129 ], [ 473030.017207948025316, 2139344.27247426006943 ], [ 473120.27026364399353, 2139367.400306470226496 ], [ 473149.180299199011642, 2139356.837814659811556 ], [ 473086.425778625998646, 2139321.347441529855132 ], [ 473054.525829102029093, 2139297.113371349871159 ], [ 472978.608894963981584, 2139263.482416810002178 ], [ 472948.439950453990605, 2139224.905733659863472 ], [ 472915.282831081014592, 2139202.321569810155779 ], [ 472889.150460318021942, 2139197.570230729877949 ], [ 472789.372316683002282, 2139164.310853320173919 ], [ 472718.102214972022921, 2139159.55951636005193 ], [ 472570.827763859997503, 2139123.436874490231276 ], [ 472513.092189704009797, 2139101.880734529811889 ], [ 472441.255481667991262, 2139069.115282500162721 ], [ 472152.177644509996753, 2138796.481992959976196 ], [ 472049.406901683018077, 2138773.514755260199308 ], [ 471994.689143631025217, 2138718.068045979831368 ], [ 471965.811580270004924, 2138666.333334839902818 ], [ 471912.598377496004105, 2138605.112936520017684 ], [ 471898.52240126702236, 2138587.339236029889435 ], [ 471751.3873972609872, 2138599.350264430046082 ], [ 471653.788410892011598, 2138536.54539924999699 ], [ 471589.911298462015111, 2138488.060365010052919 ], [ 471554.168263189028949, 2138472.438825760036707 ], [ 471536.98763017199235, 2138464.009806890040636 ], [ 471505.036625900014769, 2138441.005085240118206 ], [ 471461.977503413974773, 2138424.792285600211471 ], [ 471412.684174728987273, 2138382.515203429851681 ], [ 471417.301793194026686, 2138302.476411370094866 ], [ 471356.00943619501777, 2138221.155240159947425 ], [ 471311.329843426996376, 2138140.541640399955213 ], [ 471279.733197337016463, 2138052.110602689906955 ], [ 471250.528331106994301, 2138031.838989660143852 ], [ 471214.886299339996185, 2138033.301824559923261 ], [ 471097.991869881981984, 2138059.689694410189986 ], [ 470973.458684197976254, 2138048.61664404021576 ], [ 470873.410193381016143, 2137947.028951650019735 ], [ 470795.461954891972709, 2137911.517728109844029 ], [ 470752.084791667992249, 2137857.27283116010949 ], [ 470723.769389247987419, 2137845.793613969814032 ], [ 470692.392862242006231, 2137796.815620590001345 ], [ 470650.370083831017837, 2137766.03837443003431 ], [ 470634.231495108979288, 2137766.204374730121344 ], [ 470621.201307558978442, 2137728.30918018007651 ], [ 470614.574474398978055, 2137717.558914919849485 ], [ 470558.471172416990157, 2137626.546305490192026 ], [ 470555.331459379987791, 2137621.452960419934243 ], [ 470545.607237039017491, 2137605.677963050082326 ], [ 470544.301847103983164, 2137603.560363039840013 ], [ 470531.904215989983641, 2137583.448520800098777 ], [ 470530.338645451003686, 2137580.90880111977458 ], [ 470508.883509584004059, 2137546.103578759822994 ], [ 470506.612711252993904, 2137542.419815519824624 ], [ 470502.666938923997805, 2137536.018854729831219 ], [ 470499.620245075027924, 2137531.07640843000263 ], [ 470408.115421722002793, 2137382.634294429793954 ], [ 470399.981430791027378, 2137369.439068589825183 ], [ 470328.278142779017799, 2137253.119652159977704 ], [ 470315.440784142992925, 2137232.294469569809735 ], [ 470303.298458166013006, 2137212.596791659947485 ], [ 470294.614847377990372, 2137198.50995454005897 ], [ 470287.034382981015369, 2137186.212677530013025 ], [ 470233.936265054973774, 2137100.075175859965384 ], [ 470231.521576118015219, 2137096.157988579943776 ], [ 470229.483560607011896, 2137092.851853230036795 ], [ 470217.628466268011834, 2137073.620131880044937 ], [ 470212.126501318998635, 2137064.694664579816163 ], [ 470201.652004020987079, 2137047.702592850197107 ], [ 470198.999356769025326, 2137043.399381809867918 ], [ 470197.188013383012731, 2137040.460812460165471 ], [ 470184.328883175970986, 2137019.60046024993062 ], [ 470182.806797328987159, 2137017.131282859947532 ], [ 470165.830279111978598, 2136989.591420370154083 ], [ 470163.911328012996819, 2136986.478435200173408 ], [ 470101.07200007600477, 2136884.538424389902502 ], [ 470100.015137362992391, 2136882.823947169817984 ], [ 470098.793467089999467, 2136880.842113739810884 ], [ 470074.578141004021745, 2136841.559220619965345 ], [ 470071.472545571974479, 2136836.521222250070423 ], [ 470066.434241777984425, 2136828.34792122989893 ], [ 470048.384422124014236, 2136799.066914080176502 ], [ 470043.08133443800034, 2136790.464071980211884 ], [ 469983.741239792027045, 2136694.200631749816239 ], [ 469982.553044070024043, 2136692.273101809900254 ], [ 469981.426142625976354, 2136690.445005480200052 ], [ 469948.85967596701812, 2136637.614619280211627 ], [ 469945.753529003006406, 2136632.575726199895144 ], [ 469807.694329339021351, 2136408.61158196022734 ], [ 469801.89984095498221, 2136399.211573590058833 ], [ 469489.686331283999607, 2135892.728617850225419 ], [ 469484.78337904298678, 2135884.77488854015246 ], [ 469322.699034590972587, 2135621.836369500029832 ], [ 469304.540799145994242, 2135592.379360090009868 ], [ 467237.145472735981457, 2132238.583151089958847 ], [ 466143.497722324973438, 2130464.432132800109684 ], [ 466348.050720476021525, 2130253.580868130084127 ], [ 466071.588683847978245, 2129767.467333170119673 ], [ 465817.386816014011856, 2129408.494725539814681 ], [ 465736.629576151026413, 2129314.87389065977186 ], [ 465653.905617384007201, 2129224.113388080149889 ], [ 465924.987579722015653, 2129104.782500150147825 ], [ 465439.793727095006034, 2123656.412693640217185 ], [ 464778.128093204984907, 2123696.345143320038915 ], [ 464357.745859674003441, 2123721.713177760131657 ], [ 461949.227080147014931, 2124330.29974344978109 ], [ 461249.077902669028845, 2126422.526093659922481 ], [ 461275.736950192018412, 2126738.987233070190996 ], [ 461344.05268534499919, 2127550.369627600070089 ], [ 461985.140793722996023, 2127930.277344230096787 ], [ 463954.460967860999517, 2127816.833861750084907 ], [ 463686.261769808013923, 2129099.9106335202232 ], [ 463686.26133678999031, 2129449.195096210110933 ], [ 462742.984546454972588, 2130409.112168970052153 ], [ 461779.727557160018478, 2130509.112962230108678 ], [ 461578.616109512979165, 2130703.284449699800462 ], [ 461481.085402963974047, 2130729.384590969886631 ], [ 461385.914717097999528, 2130808.255173389799893 ], [ 461186.623272092023399, 2130841.765431469772011 ], [ 461126.292840197973419, 2130934.106165689881891 ], [ 461059.032357480027713, 2131018.731732559856027 ], [ 460958.951642633008305, 2131194.548078959807754 ], [ 460957.826637322024908, 2131236.77338739996776 ], [ 460910.751296854985412, 2131256.848481620196253 ], [ 460881.161086303996854, 2131320.389003179967403 ], [ 460756.750184484990314, 2131343.159122370183468 ], [ 460695.969754970981739, 2131516.530448019970208 ], [ 460677.589632433024235, 2131676.621618269942701 ], [ 461048.722374777018558, 2132383.396753610111773 ], [ 461698.282515647006221, 2133110.312036510091275 ], [ 461783.577764028974343, 2133209.362734280060977 ], [ 462578.513533725985326, 2133211.042694710195065 ], [ 462860.685582195990719, 2133218.552676870021969 ], [ 462362.112001791014336, 2133804.627041180152446 ], [ 462231.811098199978005, 2134446.821736219804734 ], [ 462623.486842910991982, 2134729.653416879940778 ], [ 462948.541957781009842, 2134964.375795320142061 ], [ 463778.577714401995763, 2135563.736011180095375 ], [ 464135.877355738019105, 2135821.734486720059067 ], [ 464415.351006634009536, 2136026.546196740120649 ], [ 464490.47202169301454, 2136209.314827570226043 ], [ 464573.613305557984859, 2136315.130998080130666 ], [ 464676.910053949977737, 2136476.374687879811972 ], [ 464717.220978758006822, 2136516.685609439853579 ], [ 464777.687365344027057, 2136567.074260789901018 ], [ 464805.401127214019652, 2136612.424048619810492 ], [ 464873.425813097972423, 2136685.487541569862515 ], [ 464877.836134161974769, 2136694.308182729873806 ], [ 464896.100709661026485, 2136730.837329729925841 ], [ 464898.620146893023048, 2136806.420312100090086 ], [ 464906.178448650985956, 2136869.406130409799516 ], [ 464926.333913171023596, 2136924.833702280186117 ], [ 464943.969944584998302, 2136972.702923450153321 ], [ 464969.164272251015063, 2136992.858383920043707 ], [ 465011.994627971027512, 2137005.455545079894364 ], [ 465034.669522686977871, 2137020.572087689768523 ], [ 465044.747253871988505, 2137030.649870600085706 ], [ 465049.786121289012954, 2137065.921928780153394 ], [ 465024.591796369990334, 2137091.116257780231535 ], [ 465014.514067013980821, 2137111.271720369812101 ], [ 465011.994636807008646, 2137151.582644490059465 ], [ 465022.072368905006442, 2137176.776971360202879 ], [ 465059.863860688987188, 2137212.049027559813112 ], [ 465078.759606201027054, 2137223.386473789811134 ], [ 465097.655351712019183, 2137234.723920019809157 ], [ 465132.927410541975405, 2137264.957110879942775 ], [ 465148.044008072, 2137292.670870199799538 ], [ 465153.08287396497326, 2137302.748600889928639 ], [ 465163.160605297016446, 2137315.345764019992203 ], [ 465165.680039301980287, 2137338.02060623979196 ], [ 465150.563444508006796, 2137355.656688730232418 ], [ 465145.524580131983384, 2137370.773285510018468 ], [ 465145.524581651028711, 2137395.967612979933619 ], [ 465140.48571818502387, 2137426.200806249864399 ], [ 465142.01992055500159, 2137443.077021750155836 ], [ 465143.005152495985385, 2137453.914566310122609 ], [ 465148.044018238026183, 2137461.472864250186831 ], [ 465163.160614699008875, 2137471.550594329833984 ], [ 465188.354942033009138, 2137486.667189309839159 ], [ 465223.627001749991905, 2137532.016976629849523 ], [ 465246.301898254023399, 2137577.366764709819108 ], [ 465263.937930981977843, 2137647.910880549810827 ], [ 465253.860202683019452, 2137685.702372340019792 ], [ 465243.782474384992383, 2137723.49381197988987 ], [ 465221.107581670978107, 2137741.129842559807003 ], [ 465205.990986883989535, 2137758.765872689895332 ], [ 465193.393825192993972, 2137783.960253030061722 ], [ 465188.354960971977562, 2137801.596282550133765 ], [ 465178.277233135013375, 2137846.946072559803724 ], [ 465170.7189385460224, 2137902.373593400232494 ], [ 465181.480004345998168, 2137979.028717940207571 ], [ 465183.06701408297522, 2138063.139969329815358 ], [ 465184.654020669986494, 2138094.880064129829407 ], [ 465184.654023627983406, 2138144.077211210038513 ], [ 465181.480017516005319, 2138198.035372709855437 ], [ 465173.544995839009061, 2138226.601458579767495 ], [ 465183.067027060023975, 2138278.972614570055157 ], [ 465195.763066013983916, 2138304.364689719863236 ], [ 465217.981133895984385, 2138344.039806989952922 ], [ 465222.742148408025969, 2138351.97483043000102 ], [ 465230.677172751980834, 2138367.844877390190959 ], [ 465227.50316434702836, 2138383.714925020001829 ], [ 465219.568142005009577, 2138401.171977680176497 ], [ 465213.220124243991449, 2138417.042025490198284 ], [ 465206.872107536008116, 2138450.36912549007684 ], [ 465212.13551734900102, 2138463.811712690163404 ], [ 465223.545048433996271, 2138470.657430700026453 ], [ 465246.364110328024253, 2138479.785054250154644 ], [ 465257.013006169989239, 2138488.912678529974073 ], [ 465263.858725303027313, 2138501.082844680175185 ], [ 465281.353341465000995, 2138542.1571557498537 ], [ 465288.95969624700956, 2138558.891134310048074 ], [ 465297.32668618200114, 2138571.821935770101845 ], [ 465320.145749073999468, 2138597.683538340032101 ], [ 465327.770813911978621, 2138605.30860257986933 ], [ 465345.246718051028438, 2138622.784505350049585 ], [ 465352.092437090002932, 2138633.433400679845363 ], [ 465358.177522205980495, 2138668.422629150096327 ], [ 465359.698794326977804, 2138691.24169134022668 ], [ 465366.544513819972053, 2138709.496940759941936 ], [ 465369.587055740994401, 2138716.34265926014632 ], [ 465383.278493269986939, 2138728.512825 ], [ 465396.969930480991025, 2138735.358542869798839 ], [ 465419.028357075003441, 2138746.007437290158123 ], [ 465426.634711080987472, 2138749.810613879933953 ], [ 465442.608055378019344, 2138772.629675209987909 ], [ 465444.129327312984969, 2138792.406195759773254 ], [ 465429.677256270020735, 2138811.422081850003451 ], [ 465424.352809260017239, 2138822.07097790017724 ], [ 465425.113445863011293, 2138842.608133899979293 ], [ 465440.326154508977197, 2138860.863382820039988 ], [ 465447.932508601981681, 2138866.187830230221152 ], [ 465458.936659466009587, 2138872.14083920000121 ], [ 465469.940810332016554, 2138878.093848160002381 ], [ 465489.114178985008039, 2138966.586297059897333 ], [ 465494.276241387007758, 2139017.469455520156771 ], [ 465499.438303788017947, 2139068.35261397017166 ], [ 465495.013686389022041, 2139150.945567570161074 ], [ 465506.812684327014722, 2139236.488268520217389 ], [ 465531.885548241029028, 2139305.807352859992534 ], [ 465555.483541027002502, 2139425.272158910054713 ], [ 465562.857913215004373, 2139453.294716389849782 ], [ 465564.332791175984312, 2139518.189179630018771 ], [ 465551.261522501008585, 2139554.788791500031948 ], [ 465549.584052584017627, 2139559.485657160170376 ], [ 465528.93581652402645, 2139583.083696209825575 ], [ 465509.762455534015317, 2139622.905299810227007 ], [ 465492.06396715901792, 2139637.654042520094663 ], [ 465486.164471796015278, 2139655.352532850112766 ], [ 465479.192132301977836, 2139662.988905900157988 ], [ 465475.250342856976204, 2139667.46581094013527 ], [ 465470.678294709010515, 2139672.313586669974029 ], [ 465455.192117626022082, 2139689.274640489835292 ], [ 465452.242371088010259, 2139717.297249800059944 ], [ 465424.219765747024212, 2139761.54347641998902 ], [ 465403.571530842978973, 2139804.31482842983678 ], [ 465402.096659291011747, 2139847.08617930021137 ], [ 465399.146912932978012, 2139878.058536930009723 ], [ 465416.845403762010392, 2139904.606270850170404 ], [ 465462.566503086010925, 2139940.003248080145568 ], [ 465502.388106691010762, 2139987.199218989815563 ], [ 465546.634331726992968, 2140019.646447990089655 ], [ 465604.154422985971905, 2140040.294682890176773 ], [ 465635.12677872000495, 2140032.920310239773244 ], [ 465664.624260178010445, 2140022.596189349889755 ], [ 465664.624260497977957, 2140028.015212099999189 ], [ 465664.624262273020577, 2140057.993169290013611 ], [ 465677.898131735972129, 2140100.764519279822707 ], [ 465689.697127092978917, 2140143.535869339946657 ], [ 465700.021247646014672, 2140174.508226179983467 ], [ 465719.194611946004443, 2140190.731840849854052 ], [ 465750.16696880600648, 2140202.530832340009511 ], [ 465764.915710620000027, 2140215.804698950145394 ], [ 465772.290082615974825, 2140240.877508500125259 ], [ 465795.88806939299684, 2140260.050871239975095 ], [ 465853.408160011982545, 2140270.374987020157278 ], [ 465875.531272249005269, 2140282.17397903976962 ], [ 465896.17951098899357, 2140304.297090299893171 ], [ 465898.566795694991015, 2140307.552478270139545 ], [ 465912.403127419995144, 2140326.42020181985572 ], [ 465928.626744888024405, 2140366.241803309880197 ], [ 465958.124230312998407, 2140423.761893980205059 ], [ 465960.92447207897203, 2140427.325837770011276 ], [ 465990.571462991007138, 2140465.058419379871339 ], [ 466017.119199080974795, 2140503.405146080069244 ], [ 466040.717185664980207, 2140519.628760499879718 ], [ 466082.013661819975823, 2140541.751819880213588 ], [ 466141.008626938972156, 2140559.450306420214474 ], [ 466180.375604584987741, 2140557.481959519907832 ], [ 466200.003590850974433, 2140556.500554659869522 ], [ 466244.249813229020219, 2140544.701609440147877 ], [ 466279.646790564991534, 2140525.528243269771338 ], [ 466301.769901326973923, 2140512.254374530166388 ], [ 466348.965871570981108, 2140494.55588184017688 ], [ 466372.552721948013641, 2140497.369175000116229 ], [ 466396.582491272012703, 2140498.349980560131371 ], [ 466422.083471272024326, 2140504.72522427001968 ], [ 466429.929926545009948, 2140504.725223809946328 ], [ 466441.699609309027437, 2140502.273205759935081 ], [ 466457.88292302202899, 2140497.369170079939067 ], [ 466467.690991570998449, 2140488.05150349996984 ], [ 466475.537446332979016, 2140479.224240500014275 ], [ 466487.307129097986035, 2140476.772222450003028 ], [ 466495.153584508982021, 2140479.224188690073788 ], [ 466503.490443122980651, 2140477.262625 ], [ 466521.635370654985309, 2140472.358589210081846 ], [ 466531.443439688999206, 2140471.377781690098345 ], [ 466534.385860866983421, 2140479.224186430219561 ], [ 466533.405054523027502, 2140489.032255989965051 ], [ 466533.895458431972656, 2140496.878762240055948 ], [ 466539.780300309997983, 2140504.234814019873738 ], [ 466557.925228349980898, 2140508.158040780108422 ], [ 466566.752490587008651, 2140509.138847220223397 ], [ 466584.897418116976041, 2140504.234811429865658 ], [ 466594.705486754013691, 2140496.388355279807001 ], [ 466600.590327955025714, 2140491.974723670165986 ], [ 466617.264044924988411, 2140483.637863640207797 ], [ 466650.611479405022692, 2140476.281809609849006 ], [ 466661.890758999972604, 2140478.733826340176165 ], [ 466665.078381397994235, 2140477.753019209951162 ], [ 466668.266003795026336, 2140476.772212069947273 ], [ 466679.05487928702496, 2140467.944948909804225 ], [ 466683.958913323003799, 2140459.117686090059578 ], [ 466690.334157808974851, 2140451.761633600108325 ], [ 466703.084647344017867, 2140446.857598130125552 ], [ 466711.911909722024575, 2140450.290421939920634 ], [ 466716.815944464004133, 2140453.72324598999694 ], [ 466724.35006785398582, 2140458.907884039916098 ], [ 466741.938618373009376, 2140473.565059070009738 ], [ 466787.166319746000227, 2140512.09235737985 ], [ 466824.01852050202433, 2140537.218855849932879 ], [ 466850.820121153024957, 2140557.320054780226201 ], [ 466880.971922220021952, 2140585.796753710135818 ], [ 466896.047823278990109, 2140609.248102770186961 ], [ 466902.748223915987182, 2140622.648902699816972 ], [ 466911.123724717006553, 2140639.399902610108256 ], [ 466924.524524849024601, 2140646.10030200984329 ], [ 466937.925324597978033, 2140646.100301249884069 ], [ 466944.625724470999558, 2140646.100300869904459 ], [ 466956.351424253021833, 2140646.100300199817866 ], [ 466964.726924000016879, 2140644.425199689809233 ], [ 466983.153023754013702, 2140646.100298679899424 ], [ 466998.228924039984122, 2140656.150948659982532 ], [ 467022.666563500999473, 2140671.11585042020306 ], [ 467034.254990381014068, 2140672.452975989785045 ], [ 467055.649008614011109, 2140663.984508689958602 ], [ 467060.997512988978997, 2140658.636003479827195 ], [ 467067.237434506008867, 2140647.93899333011359 ], [ 467091.30570444802288, 2140628.327807339839637 ], [ 467113.591140660981182, 2140629.219223559834063 ], [ 467128.745237454015296, 2140632.784892640076578 ], [ 467132.350349567015655, 2140634.246373800095171 ], [ 467145.236460593005177, 2140639.470522840041667 ], [ 467167.712971821019892, 2140642.155733770225197 ], [ 467253.985897590988316, 2140652.462732329964638 ], [ 467273.929443259024993, 2140685.002249400131404 ], [ 467255.381283479975536, 2140709.08470379980281 ], [ 467242.400967142020818, 2140725.938013240229338 ], [ 467240.172423652024008, 2140728.166557080112398 ], [ 467237.94388048897963, 2140736.189314549788833 ], [ 467236.161045924993232, 2140741.983528289943933 ], [ 467233.04108549200464, 2140753.126247010193765 ], [ 467230.366833581007086, 2140760.703295759856701 ], [ 467228.138290142000187, 2140763.823257079813629 ], [ 467220.561241998977493, 2140766.497509960085154 ], [ 467217.886989748978522, 2140768.057490699924529 ], [ 467215.21273749799002, 2140769.617471450008452 ], [ 467209.864233324013185, 2140778.531646579969674 ], [ 467208.972816229972523, 2140784.771569009870291 ], [ 467212.984195217024535, 2140793.240034869872034 ], [ 467224.572622697975021, 2140805.274170250166208 ], [ 467234.378215312026441, 2140817.754014459904283 ], [ 467232.595381352002732, 2140834.245237989816815 ], [ 467236.161052496987395, 2140858.313509829808027 ], [ 467237.943888444977347, 2140877.033276869915426 ], [ 467243.738103153009433, 2140900.210131099913269 ], [ 467251.315152879978996, 2140925.615528940223157 ], [ 467254.43511464598123, 2140938.095373529940844 ], [ 467260.675037648004945, 2140953.695179129950702 ], [ 467268.252086644002702, 2140966.17502345982939 ], [ 467281.177640489011537, 2140981.774828679859638 ], [ 467287.863271435024217, 2140983.557663269806653 ], [ 467293.657484884024598, 2140984.449080429971218 ], [ 467299.897407030977774, 2140984.894788819830865 ], [ 467313.268668619974051, 2140983.111953109968454 ], [ 467325.748512461024802, 2140975.980612549930811 ], [ 467334.216978046984877, 2140973.306359619833529 ], [ 467337.336939183995128, 2140974.643485669977963 ], [ 467343.576861682988238, 2140981.329116439912468 ], [ 467346.696822918020189, 2140984.449077459983528 ], [ 467349.371076636016369, 2141008.963058080058545 ], [ 467346.251116277009714, 2141021.442903019953519 ], [ 467345.805408079992048, 2141030.802736210171133 ], [ 467347.588243475009222, 2141039.716961340047419 ], [ 467352.045331005007029, 2141045.06546598020941 ], [ 467360.959505537990481, 2141046.402591709978878 ], [ 467369.873679973010439, 2141045.956882469821721 ], [ 467380.124980524007697, 2141044.619755669962615 ], [ 467386.810611444001552, 2141045.956881519872695 ], [ 467391.267699224001262, 2141055.762423200067133 ], [ 467389.930573432007805, 2141062.448104780167341 ], [ 467385.473486503004096, 2141067.796609919983894 ], [ 467381.907817195984535, 2141076.265076209791005 ], [ 467383.690653491998091, 2141101.224765620194376 ], [ 467384.136362614983227, 2141108.356105459854007 ], [ 467381.46211097802734, 2141120.835950360167772 ], [ 467379.679276339011267, 2141125.29303786996752 ], [ 467377.450733524980024, 2141139.555717720184475 ], [ 467379.233568692987319, 2141144.458513769786805 ], [ 467382.79923887597397, 2141151.589803100097924 ], [ 467391.267704911006149, 2141156.938307520002127 ], [ 467409.987471846980043, 2141167.189657859969884 ], [ 467428.261529835988767, 2141173.429528899956495 ], [ 467432.71861711400561, 2141174.320946129970253 ], [ 467437.621413263026625, 2141177.886666100006551 ], [ 467444.307044656015933, 2141187.69225803995505 ], [ 467448.76413250900805, 2141198.834976320154965 ], [ 467458.124016338028014, 2141210.423403069842607 ], [ 467475.506657277001068, 2141223.794664340093732 ], [ 467487.540793217020109, 2141231.371712270192802 ], [ 467500.020638354995754, 2141247.417226249817759 ], [ 467507.597687339992262, 2141259.897070580162108 ], [ 467512.50048406602582, 2141273.714041289873421 ], [ 467514.729028226982336, 2141283.519633470103145 ], [ 467513.391902407980524, 2141289.759555920027196 ], [ 467511.163359068974387, 2141294.662352200131863 ], [ 467508.934815730026457, 2141299.565148469991982 ], [ 467504.477729001024272, 2141308.479323539882898 ], [ 467501.357768242014572, 2141313.827828609850258 ], [ 467500.912059744994622, 2141317.83920731022954 ], [ 467503.140603783016559, 2141325.416255780030042 ], [ 467509.826234997017309, 2141332.101886529941112 ], [ 467530.311262683011591, 2141339.701169999781996 ], [ 467537.46017637901241, 2141342.353186029940844 ], [ 467554.397107893018983, 2141343.244602569844574 ], [ 467578.91108788800193, 2141347.701638389844447 ], [ 467593.619476485997438, 2141361.072950039990246 ], [ 467600.750816571991891, 2141370.43283319985494 ], [ 467608.327865131024737, 2141375.335628930013627 ], [ 467615.459204792976379, 2141377.118463499937207 ], [ 467627.04763158300193, 2141377.118462860118598 ], [ 467637.744641099998262, 2141380.238373239990324 ], [ 467652.453029397001956, 2141388.261129769962281 ], [ 467657.801534813013859, 2141401.632441909983754 ], [ 467661.812914062989876, 2141415.003653729800135 ], [ 467660.030079569027293, 2141422.135043879970908 ], [ 467656.910119506006595, 2141439.963393690064549 ], [ 467660.921498531010002, 2141449.323277030140162 ], [ 467664.932877307990566, 2141454.22607296006754 ], [ 467672.509925791004207, 2141457.791742470115423 ], [ 467693.012526931997854, 2141456.008906370028853 ], [ 467712.17800203000661, 2141456.454563879873604 ], [ 467730.006351008021738, 2141457.791739279869944 ], [ 467744.269030429015402, 2141463.14024339010939 ], [ 467758.531710073002614, 2141472.500126160215586 ], [ 467766.108758555026725, 2141476.065795669797808 ], [ 467778.588602961972356, 2141479.185756170190871 ], [ 467788.461750747985207, 2141500.195593480020761 ], [ 467801.292567336990032, 2141514.630261130165309 ], [ 467825.884965333971195, 2141533.876434119883925 ], [ 467838.181164566020016, 2141547.776484460104257 ], [ 467847.269659676006995, 2141558.468881019856781 ], [ 467850.477364364021923, 2141571.834314499981701 ], [ 467851.011982280993834, 2141582.526661400217563 ], [ 467847.269661365018692, 2141588.942069769836962 ], [ 467837.646549968980253, 2141596.961280399933457 ], [ 467827.488820952014066, 2141599.63441778998822 ], [ 467822.142648092994932, 2141606.584443590138108 ], [ 467823.211883038980886, 2141611.930617 ], [ 467824.815735117008444, 2141613.801727539859712 ], [ 467826.419587193988264, 2141615.672938250005245 ], [ 467826.419587578973733, 2141622.622913669794798 ], [ 467822.142650465015322, 2141649.353781240060925 ], [ 467824.815738716977648, 2141678.757785220164806 ], [ 467828.558060695999302, 2141691.588551280088723 ], [ 467832.83500056900084, 2141714.577096960041672 ], [ 467841.388878438971005, 2141726.873345490079373 ], [ 467846.200437081977725, 2141776.058141089975834 ], [ 467846.200438356027007, 2141799.046686979942024 ], [ 467854.754316819016822, 2141822.035232409834862 ], [ 467880.950567157007754, 2141848.231480930000544 ], [ 467888.435210406023543, 2141861.062296830117702 ], [ 467892.712149946019053, 2141878.170051679946482 ], [ 467899.127558515989222, 2141890.466200340073556 ], [ 467905.542966937995516, 2141900.089362170081586 ], [ 467925.323808730987366, 2141914.524029430001974 ], [ 467959.004701216006652, 2141933.770252040121704 ], [ 467967.558578667987604, 2141938.581807690206915 ], [ 467972.276065352023579, 2141942.829049730207771 ], [ 467974.035952185979113, 2141944.413508960045874 ], [ 467980.389395095000509, 2141950.343388599809259 ], [ 467986.80480440199608, 2141976.004970970097929 ], [ 467990.547126760997344, 2141995.785862470045686 ], [ 467992.685596972994972, 2142012.358950209803879 ], [ 467998.031770977017004, 2142026.259050790220499 ], [ 468003.961925150011666, 2142039.144846360199153 ], [ 468010.327970581012778, 2142047.10912661999464 ], [ 468013.535675054008607, 2142056.732238669879735 ], [ 468015.139527674997225, 2142068.493820200208575 ], [ 468007.654885845026001, 2142081.324636910110712 ], [ 468001.774095752974972, 2142089.878514769952744 ], [ 467993.75483660097234, 2142102.709331519901752 ], [ 467991.081750510027632, 2142112.332443899940699 ], [ 467988.943281952990219, 2142125.697877659928054 ], [ 467992.685603633988649, 2142133.182470490224659 ], [ 467997.497160137980245, 2142143.874866960104555 ], [ 468007.120272440020926, 2142152.428743970114738 ], [ 468022.089557923027314, 2142159.913385990075767 ], [ 468030.643435579026118, 2142168.467263060156256 ], [ 468032.247288256010506, 2142181.298079280182719 ], [ 468035.454993081977591, 2142197.336599479895085 ], [ 468037.058846114028711, 2142216.582823850214481 ], [ 468040.801168058009353, 2142228.879022600129247 ], [ 468044.175268344988581, 2142240.785488490015268 ], [ 468049.985831627971493, 2142250.953923610039055 ], [ 468056.522715093975421, 2142258.217176709789783 ], [ 468065.601719690021127, 2142264.390899360179901 ], [ 468082.307088022003882, 2142273.469853340182453 ], [ 468094.654534210974816, 2142280.733106109779328 ], [ 468105.186179568001535, 2142288.359469419810921 ], [ 468118.623106605024077, 2142301.796395539771765 ], [ 468131.333713343017735, 2142315.959642069879919 ], [ 468134.238995162013453, 2142324.312326179817319 ], [ 468135.691636261995882, 2142331.938689989969134 ], [ 468130.244234208017588, 2142341.017694919835776 ], [ 468124.070511771016754, 2142349.370329809840769 ], [ 468110.996746361022815, 2142362.444097210187465 ], [ 468102.280902596015949, 2142368.254660650156438 ], [ 468094.654539679002482, 2142380.238996860105544 ], [ 468085.212376172014046, 2142396.944316229782999 ], [ 468080.854455129010603, 2142415.102375399786979 ], [ 468081.943936556985136, 2142431.807694199960679 ], [ 468089.933461140026338, 2142447.060471199918538 ], [ 468118.623115978029091, 2142472.481632960028946 ], [ 468147.312769879994448, 2142480.834365279879421 ], [ 468167.64973976498004, 2142487.371247500181198 ], [ 468189.802510383015033, 2142491.72911889012903 ], [ 468202.876276509021409, 2142491.729167810175568 ], [ 468216.676362674974371, 2142486.281764280050993 ], [ 468233.381729846005328, 2142474.297477260231972 ], [ 468241.371253211982548, 2142467.397433309815824 ], [ 468333.977090938016772, 2142363.533615310210735 ], [ 468347.050855876004789, 2142341.744003490079194 ], [ 468349.95613541797502, 2142308.333216560073197 ], [ 468376.196228789980523, 2142066.606266649905592 ], [ 468397.893253850983456, 2141866.73042829008773 ], [ 468393.53532887698384, 2141812.982721040025353 ], [ 468377.556279312004335, 2141775.21411257982254 ], [ 468448.714157117006835, 2141694.261604140046984 ], [ 468456.17562833998818, 2141685.468770590145141 ], [ 468532.462164964003023, 2141595.60371155012399 ], [ 468596.964220797002781, 2141519.61811154987663 ], [ 468607.786973731010221, 2141518.221576509997249 ], [ 468630.828963825013489, 2141514.730364480055869 ], [ 468640.255232632975094, 2141515.777727209962904 ], [ 468645.492048776999582, 2141518.919816640205681 ], [ 468670.279645272006746, 2141535.328512569889426 ], [ 468629.432484192017, 2141600.265035519842058 ], [ 468635.018422114022542, 2141616.673719449900091 ], [ 468650.728872088016942, 2141654.727922750171274 ], [ 468662.249868547020014, 2141679.166397680062801 ], [ 468673.072622517007403, 2141696.971572140231729 ], [ 468681.102407399972435, 2141704.303114369977266 ], [ 468700.304066455981229, 2141713.380261399783194 ], [ 468730.677599878981709, 2141728.043345099780709 ], [ 468754.417832584003918, 2141733.629281099885702 ], [ 468773.270370008016471, 2141732.232795769814402 ], [ 468810.513344057020731, 2141717.823436069767922 ], [ 468850.659512708021794, 2141708.63636652007699 ], [ 468877.09376938000787, 2141703.419440739788115 ], [ 468891.80298874800792, 2141702.460143819916993 ], [ 468918.663302375003695, 2141697.663659240119159 ], [ 468937.529475041024853, 2141694.785768500063568 ], [ 468949.041038024006411, 2141694.146237220149487 ], [ 468957.354944623017218, 2141695.745065410155803 ], [ 468965.988616860995535, 2141697.9834248800762 ], [ 468976.221117290027905, 2141704.058972009923309 ], [ 468985.174555165984202, 2141714.931003720033914 ], [ 469001.802368363016285, 2141734.116942020133138 ], [ 469014.59299390000524, 2141748.506395750213414 ], [ 469031.220807098026853, 2141763.535380760207772 ], [ 469048.488151572993957, 2141775.36670937994495 ], [ 469059.360183278971817, 2141781.762022150214761 ], [ 469072.15080881601898, 2141787.51780364010483 ], [ 469096.86541212699376, 2141789.9756253301166 ], [ 469107.343552502978127, 2141809.796521219890565 ], [ 469109.981160300027113, 2141803.202500440180302 ], [ 469111.299964128993452, 2141798.586685920134187 ], [ 469117.351627748983447, 2141793.190729000139982 ], [ 469123.338739762024488, 2141788.082920650020242 ], [ 469125.298391814983916, 2141786.411075009964406 ], [ 469126.803839987027459, 2141789.852142619900405 ], [ 469128.309288159012794, 2141793.293166649993509 ], [ 469148.955434340983629, 2141837.166223050095141 ], [ 469165.300300756003708, 2141884.910431810189039 ], [ 469184.656062508991454, 2141920.611055990215391 ], [ 469210.893873253022321, 2141976.097518580034375 ], [ 469233.690658861014526, 2142009.647502529900521 ], [ 469238.852195205981843, 2142016.959678510203958 ], [ 469242.964588348986581, 2142025.907487039919943 ], [ 469246.164371992985252, 2142032.874414669815451 ], [ 469258.207957769976929, 2142068.144911230076104 ], [ 469265.950263191014528, 2142096.103281610179693 ], [ 469272.832311842998024, 2142109.437249689828604 ], [ 469290.897688248020131, 2142119.760321089997888 ], [ 469314.554728494025767, 2142127.932752119842917 ], [ 469344.663688324973918, 2142129.22313458006829 ], [ 469363.177260170981754, 2142155.389668949879706 ], [ 469373.912394615006633, 2142176.967292849905789 ], [ 469379.934186907019466, 2142183.419262540061027 ], [ 469397.56943501601927, 2142188.150669769849628 ], [ 469402.300843634991907, 2142200.62438193988055 ], [ 469414.344428809010424, 2142224.711550110019743 ], [ 469421.373240567976609, 2142242.351900729816407 ], [ 469429.984123211994302, 2142263.962867519818246 ], [ 469350.429780335980467, 2142255.539470380172133 ], [ 469316.736174993973691, 2142227.46146776014939 ], [ 469300.825306657003239, 2142230.269269039854407 ], [ 469293.337839726998936, 2142241.500471190083772 ], [ 469286.859118852997199, 2142273.83809415018186 ], [ 469295.209710914001334, 2142322.926683810073882 ], [ 469285.850377255002968, 2142336.965686489827931 ], [ 469283.97851146501489, 2142357.556223140098155 ], [ 469267.13171072897967, 2142380.018627529963851 ], [ 469261.51611068402417, 2142391.249829569831491 ], [ 469250.284910292015411, 2142408.096632789820433 ], [ 469252.624743967026006, 2142413.711966809816658 ], [ 469254.964578086975962, 2142419.327834300231189 ], [ 469259.644246477982961, 2142441.790237550158054 ], [ 469269.003581819008105, 2142459.572973169852048 ], [ 469269.939516103011556, 2142475.483842269983143 ], [ 469279.298851740022656, 2142498.882178749889135 ], [ 469282.106654635979794, 2142547.550719520077109 ], [ 469236.245920791989192, 2142636.464402440004051 ], [ 469234.708812761993613, 2142659.264857139904052 ], [ 469229.694389589014463, 2142690.748544559814036 ], [ 469230.630324567027856, 2142719.762482360005379 ], [ 469237.18186023097951, 2142749.712353330105543 ], [ 469239.989662631007377, 2142789.021559290122241 ], [ 469253.092731826996896, 2142808.676161650102586 ], [ 469263.38800129602896, 2142839.561965900007635 ], [ 469281.413131317996886, 2142864.797146169934422 ], [ 469289.594140322005842, 2142891.038305839989334 ], [ 469256.528255445999093, 2142934.135420729871839 ], [ 469206.296069975011051, 2142999.606593729928136 ], [ 469209.117623934987932, 2143003.422270060051233 ], [ 469386.931236614997033, 2143243.885222029872239 ], [ 469411.314019943994936, 2143282.922892889939249 ], [ 469880.980588737002108, 2143232.912370330188423 ], [ 469869.624310089973733, 2143123.135061129927635 ], [ 469859.784599206002895, 2143010.640519489999861 ], [ 469850.129455237998627, 2142988.321058940142393 ], [ 469826.49997543398058, 2142977.542685990221798 ], [ 469791.892331261013169, 2143001.399217430036515 ], [ 469762.508959699014667, 2143005.515799929853529 ], [ 469736.962797449028585, 2142997.163748850114644 ], [ 469727.94766249897657, 2142977.706968300044537 ], [ 469695.504409664019477, 2142914.47771778004244 ], [ 469645.246458471985534, 2142921.437883319798857 ], [ 469642.133942699001636, 2142921.868936799932271 ], [ 469572.269553145975806, 2142888.451228150166571 ], [ 469560.124067370023113, 2142827.030679009854794 ], [ 469538.389787315973081, 2142751.205834379885346 ], [ 469535.486783826025203, 2142730.405584270134568 ], [ 469534.077886560990009, 2142707.139649960212409 ], [ 469531.443423058022745, 2142692.653228589799255 ], [ 469538.00744522101013, 2142649.570260229986161 ], [ 469562.377271762001328, 2142639.877713699825108 ], [ 469589.516396439983509, 2142622.708060699980706 ], [ 469604.193677567993291, 2142602.215249959845096 ], [ 469587.577883785008453, 2142552.367875230032951 ], [ 469539.834252742992248, 2142468.955360690131783 ], [ 469583.967122538015246, 2142456.733947610016912 ], [ 469620.536634129995946, 2142556.65465298993513 ], [ 469735.385854561987799, 2142511.02094807010144 ], [ 469780.495318966975901, 2142493.099627569783479 ], [ 469793.428519278997555, 2142533.11775409989059 ], [ 469799.539224839012604, 2142541.265360970050097 ], [ 469798.520774371980224, 2142548.734000939875841 ], [ 469793.089037126977928, 2142561.294895629864186 ], [ 469784.941431124985684, 2142577.590110419783741 ], [ 469871.50975314900279, 2142563.331793379969895 ], [ 469881.015297800011467, 2142627.494199459906667 ], [ 469872.188723945000675, 2142631.907487140037119 ], [ 469874.904594513005577, 2142663.139981210231781 ], [ 469883.731170007027686, 2142690.298671360127628 ], [ 469932.616810647014063, 2142681.81157803023234 ], [ 469937.030098691990133, 2142701.162144859787077 ], [ 469947.214608935988508, 2142733.752573070116341 ], [ 469952.985831171972677, 2142747.671401709783822 ], [ 469977.768134836980607, 2142738.16585871996358 ], [ 469971.996911459020339, 2142702.180593959987164 ], [ 469966.56517326500034, 2142696.40937248012051 ], [ 469971.657425172976218, 2142650.579081810079515 ], [ 469974.712775632971898, 2142609.840996180195361 ], [ 470000.619979690993205, 2142628.915579319931567 ], [ 470005.605786107014865, 2142632.586397990118712 ], [ 470066.962878154008649, 2142680.13896320015192 ], [ 470065.780920708028134, 2142724.39676987985149 ], [ 470065.62704697297886, 2142730.158495080191642 ], [ 470064.951176991977263, 2142755.466109190136194 ], [ 470064.122642321977764, 2142786.490176389925182 ], [ 470062.511825370020233, 2142794.544263659976423 ], [ 470085.86867766600335, 2142803.403758349828422 ], [ 470109.225531122996472, 2142834.814697150141001 ], [ 470130.166158647974953, 2142868.641911650076509 ], [ 470139.025654793018475, 2142880.723041949793696 ], [ 470147.885150565998629, 2142885.555493799969554 ], [ 470169.631184784986544, 2142880.722990970127285 ], [ 470243.728782765974756, 2142862.198636109940708 ], [ 470258.226138788973913, 2142856.560774350073189 ], [ 470271.11267719999887, 2142846.090460369829088 ], [ 470285.610036519996356, 2142904.885295989923179 ], [ 470329.907514179998543, 2142905.690702459774911 ], [ 470341.183237029996235, 2142930.658322730101645 ], [ 470387.672099751012865, 2142925.742552389856428 ], [ 470415.600092782988213, 2143001.979787889868021 ], [ 470454.657704147975892, 2143023.949692590162158 ], [ 470507.751645061012823, 2143063.007252439856529 ], [ 470539.485954777977895, 2143090.469634190201759 ], [ 470557.794210474006832, 2143108.167662939988077 ], [ 470565.117513570003211, 2143131.358070330228657 ], [ 470568.779165116022341, 2143142.953298669774085 ], [ 470571.830541317001916, 2143150.886875929776579 ], [ 470571.830542310024612, 2143170.415681859944016 ], [ 470658.141050087986514, 2143222.521701769903302 ], [ 470731.556546640000306, 2143266.842914579901844 ], [ 470736.013422321993858, 2143269.533487489912659 ], [ 470743.7925076240208, 2143272.931146760005504 ], [ 470758.629903810971882, 2143279.411653759889305 ], [ 470765.898048882023431, 2143283.926856600213796 ], [ 470808.143523790000472, 2143316.087946380022913 ], [ 470849.894823606009595, 2143350.394193380139768 ], [ 470952.03185329498956, 2143417.571564080193639 ], [ 470963.685071234009229, 2143420.99898063018918 ], [ 471013.725359944975935, 2143434.023163250181824 ], [ 471017.152778098999988, 2143457.329599570017308 ], [ 471024.007612831017468, 2143472.410234610084444 ], [ 471037.031798658019397, 2143497.773120739962906 ], [ 471126.109999926993623, 2143571.81791375996545 ], [ 471177.833797637023963, 2143603.711082200054079 ], [ 471199.803704044024926, 2143617.13713518017903 ], [ 471232.758563441981096, 2143633.004288360010833 ], [ 471244.451897331979126, 2143645.285728340037167 ], [ 471277.918928558996413, 2143700.13450746005401 ], [ 471286.462781697977334, 2143718.44281155988574 ], [ 471304.771037683996838, 2143742.853818039875478 ], [ 471319.417644459987059, 2143802.660736479796469 ], [ 471325.520398342981935, 2143849.041699130088091 ], [ 471352.372507815016434, 2143899.084214060101658 ], [ 471362.136911386973225, 2143919.833618720062077 ], [ 471352.372510585002601, 2143955.229579899925739 ], [ 471335.284807633026503, 2143985.743339950218797 ], [ 471331.623158184986096, 2144016.257099340204149 ], [ 471351.151964118005708, 2144033.344803540036082 ], [ 471421.943884007981978, 2144062.638008920010179 ], [ 471490.294704094005283, 2144109.018870819825679 ], [ 471512.264610595011618, 2144124.886073300149292 ], [ 471525.690664151974488, 2144126.106623009778559 ], [ 471573.29212457902031, 2144085.828458540141582 ], [ 471634.319637142994907, 2144017.47763493983075 ], [ 471659.951193942979444, 2144019.918734429869801 ], [ 471679.480001473973971, 2144069.961298590060323 ], [ 471709.99376227601897, 2144128.547714789863676 ], [ 471742.948622699012049, 2144166.384774620179087 ], [ 471782.006234175001737, 2144193.236880830023438 ], [ 471807.637793036992662, 2144238.397243210114539 ], [ 471839.372102183988318, 2144256.705497200135142 ], [ 471851.577606128994375, 2144272.572651400230825 ], [ 471845.474858324974775, 2144350.687875240109861 ], [ 471850.357061368005816, 2144387.304386040195823 ], [ 471857.706518840976059, 2144405.283673630096018 ], [ 471865.05597631301498, 2144423.263058450073004 ], [ 471875.07789076102199, 2144454.911205329932272 ], [ 471894.066779565997422, 2144479.174784049857408 ], [ 471909.890854020020925, 2144508.713054160121828 ], [ 471926.769865855982061, 2144521.37231229012832 ], [ 471935.209371978009585, 2144531.921694340184331 ], [ 471926.769867027003784, 2144545.63589193020016 ], [ 471926.769867792027071, 2144561.459965609945357 ], [ 471937.319250928005204, 2144584.668606489896774 ], [ 471946.813695607008412, 2144602.602556200232357 ], [ 471957.36307838500943, 2144618.426629370078444 ], [ 471976.3519669760135, 2144638.47045511007309 ], [ 471989.01122549502179, 2144640.580331 ], [ 471998.505669611971825, 2144646.90996001008898 ], [ 472004.835299481987022, 2144660.624156889971346 ], [ 472017.494559014972765, 2144683.832797669805586 ], [ 472021.714313292992301, 2144714.426006569992751 ], [ 472019.604437651985791, 2144730.250080349855125 ], [ 472011.164932702027727, 2144743.964277930092067 ], [ 471995.340859988995362, 2144750.293864979874343 ], [ 471977.406910719990265, 2144753.458723749965429 ], [ 471970.022343720018398, 2144761.898230060003698 ], [ 471972.132220476982184, 2144769.282797679770738 ], [ 471974.242097440001089, 2144780.887118270155042 ], [ 471978.461851058003958, 2144797.766129979863763 ], [ 471980.57172852702206, 2144819.919833019841462 ], [ 471983.736543638980947, 2144830.469215310178697 ], [ 471989.011236321006436, 2144865.282177130226046 ], [ 471990.066175131010823, 2144877.941436009947211 ], [ 471992.176052601018455, 2144900.09513904992491 ], [ 471995.340867865015753, 2144913.809336069971323 ], [ 471993.23099196999101, 2144924.358718620147556 ], [ 471986.901363070006482, 2144930.688348390161991 ], [ 471967.912475862016436, 2144939.12785525014624 ], [ 471945.758773642999586, 2144939.127856319770217 ], [ 471925.714947827975266, 2144939.127857279963791 ], [ 471920.440256874018814, 2144940.182795779779553 ], [ 471904.616184421989601, 2144951.787117229774594 ], [ 471901.451370480994228, 2144965.501314550172538 ], [ 471903.561247646983247, 2144981.325339819770306 ], [ 471900.396434270020109, 2145006.643906129989773 ], [ 471901.451373286021408, 2145023.522917990107089 ], [ 471914.110632051015273, 2145030.907485090196133 ], [ 471936.264334367995616, 2145033.01731737004593 ], [ 471987.956306556996424, 2145040.401925750076771 ], [ 472024.879143377998844, 2145036.182171000167727 ], [ 472055.47235079301754, 2145027.742663589771837 ], [ 472075.516176706994884, 2145029.852539119776338 ], [ 472086.06555916898651, 2145039.346982810180634 ], [ 472095.560004291997757, 2145066.775376710109413 ], [ 472136.702594975009561, 2145084.709324900060892 ], [ 472148.306915183027741, 2145084.709324339870363 ], [ 472168.35074074100703, 2145079.434632170014083 ], [ 472173.625431240012404, 2145068.885249480139464 ], [ 472170.460615275020245, 2145040.401917030103505 ], [ 472193.669254227017518, 2145009.808706840034574 ], [ 472193.669253470026888, 2144993.984633179847151 ], [ 472204.218634972989094, 2144983.435250239912421 ], [ 472214.76801662897924, 2144976.050682019907981 ], [ 472242.196409497002605, 2144968.666113010141999 ], [ 472265.405049160006456, 2144952.842038239818066 ], [ 472278.064307820983231, 2144958.116728859953582 ], [ 472297.053196994005702, 2144990.819813540205359 ], [ 472312.877271612989716, 2145024.577836609911174 ], [ 472319.206901672005188, 2145042.511786459945142 ], [ 472325.536531176010612, 2145048.841415630187839 ], [ 472340.305666085972916, 2145050.951291409786791 ], [ 472377.2285032600048, 2145054.116104399785399 ], [ 472398.327267675020266, 2145062.555609359871596 ], [ 472417.316155535983853, 2145067.830299680121243 ], [ 472428.920475993014406, 2145073.104990359861404 ], [ 472435.250105047016405, 2145069.940175329800695 ], [ 472448.964301655010786, 2145069.940174680203199 ], [ 472479.55750952498056, 2145070.995111479889601 ], [ 472487.997014878026675, 2145065.720419859979302 ], [ 472501.711210438981652, 2145043.566716089844704 ], [ 472524.919850606995169, 2145038.292023779824376 ], [ 472532.304418110987172, 2145040.401899919845164 ], [ 472551.293305972008966, 2145045.676590249873698 ], [ 472581.886514289013576, 2145056.225971260108054 ], [ 472598.765526641975157, 2145080.489550080150366 ], [ 472608.259971341991331, 2145099.478438029997051 ], [ 472637.798242349992506, 2145129.016707479953766 ], [ 472672.611204008979257, 2145151.170408979989588 ], [ 472703.204412515973672, 2145165.939542970154434 ], [ 472728.52292977302568, 2145175.43398598022759 ] ] ] ] } },
{ "type": "Feature", "properties": { "ID": 10.0, "ENTIDAD": 9, "MUNICIPIO": 15, "NOMBRE": "CUAUHTEMOC", "CONTROL": 13.0, "GEOMETRY1_": null, "ClaveEnt": "09" }, "geometry": { "type": "MultiPolygon", "coordinates": [ [ [ [ 485114.867127349018119, 2152375.688616139814258 ], [ 485130.260347275994718, 2152372.889595380052924 ], [ 485139.527117806021124, 2152371.313003669958562 ], [ 485143.048386213020422, 2152369.747995319776237 ], [ 485146.374028592021205, 2152368.182733989786357 ], [ 485150.09092301101191, 2152366.031100519932806 ], [ 485154.394695473019965, 2152362.705204859841615 ], [ 485158.89409394399263, 2152358.792937079910189 ], [ 485164.958500528999139, 2152351.554773710202426 ], [ 485167.501638785994146, 2152349.011382210068405 ], [ 485169.734449687995948, 2152346.864303439855576 ], [ 485174.54417549201753, 2152341.577845789957792 ], [ 485179.521857042971533, 2152337.225802409928292 ], [ 485186.477362792997155, 2152333.165926080197096 ], [ 485193.519899630977307, 2152331.0140395401977 ], [ 485199.193054301023949, 2152329.057779060211033 ], [ 485207.213721278996672, 2152327.492770600132644 ], [ 485222.170987048011739, 2152325.951001110021025 ], [ 485276.3473563020234, 2152322.967829700093716 ], [ 485323.791538832010701, 2152318.325558229815215 ], [ 485452.528755977982655, 2152310.082047559786588 ], [ 485573.590681036002934, 2152303.934170159976929 ], [ 485710.092192922020331, 2152298.606554239988327 ], [ 485837.444466956018005, 2152293.672344789840281 ], [ 485859.355215160991065, 2152292.823364169802517 ], [ 485881.391757274977863, 2152294.729638979770243 ], [ 485907.119150869024452, 2152296.955191529821604 ], [ 485915.878626958001405, 2152297.285737600177526 ], [ 485927.11720002599759, 2152296.624644769821316 ], [ 485937.198861175973434, 2152296.624644530005753 ], [ 485951.412350672006141, 2152296.955190469976515 ], [ 485962.816196874016896, 2152296.294097640085965 ], [ 485974.054769958020188, 2152296.294097370002419 ], [ 485982.648972894006874, 2152295.798277739901096 ], [ 485991.573722063971218, 2152293.980272990185767 ], [ 485998.515193626983091, 2152291.996995139867067 ], [ 486004.960845788998995, 2152290.013717299792916 ], [ 486007.605215908028185, 2152289.187351529952139 ], [ 486010.74540541699389, 2152287.864828929770738 ], [ 486020.992339617980178, 2152284.559703280217946 ], [ 486030.247635015984997, 2152281.088967110030353 ], [ 486038.015472205006517, 2152277.28768469998613 ], [ 486044.64824020297965, 2152274.513981420081109 ], [ 486047.10549445997458, 2152273.486402249895036 ], [ 486058.013521127984859, 2152267.20602265978232 ], [ 486063.489357030019164, 2152264.0066575598903 ], [ 486072.722829815000296, 2152258.611819010227919 ], [ 486099.66235019400483, 2152241.91923118988052 ], [ 486112.718927549023647, 2152233.490300720091909 ], [ 486125.775504903984256, 2152225.061370249837637 ], [ 486212.617117910005618, 2152170.601370560005307 ], [ 486252.705269620986655, 2152144.573347880039364 ], [ 486309.959980852028821, 2152108.28457912011072 ], [ 486408.392559274972882, 2152048.714922789949924 ], [ 486445.413740682008211, 2152025.741955410223454 ], [ 486484.583472780010197, 2152000.620437149889767 ], [ 486522.100473590020556, 2151977.482196620199829 ], [ 486559.948020663985517, 2151954.013409799896181 ], [ 486586.354646380001213, 2151939.77059260988608 ], [ 486615.810339142975863, 2151923.272266599815339 ], [ 486623.342394609993789, 2151920.271021539811045 ], [ 486630.875390005996451, 2151917.280822160188109 ], [ 486728.241124176012818, 2151882.579458309803158 ], [ 486738.811283721006475, 2151878.901615750044584 ], [ 486749.368599520996213, 2151875.220184340141714 ], [ 486840.455583452014253, 2151843.344086579978466 ], [ 486930.686235942994244, 2151811.284990089945495 ], [ 486976.136931755987462, 2151795.769452290143818 ], [ 487020.810140622023027, 2151779.890008429996669 ], [ 487067.644544365000911, 2151764.096312580164522 ], [ 487113.48401615297189, 2151748.638131889980286 ], [ 487158.613597797986586, 2151733.419343370012939 ], [ 487166.209708553971723, 2151730.882127730175853 ], [ 487180.368193080998026, 2151725.799036900047213 ], [ 487166.589341812010389, 2151707.891838449984789 ], [ 487153.745352150988765, 2151691.22663917997852 ], [ 487076.231441669980995, 2151566.69391155987978 ], [ 487057.354608130990528, 2151495.971324230078608 ], [ 487033.647976552019827, 2151407.153762829955667 ], [ 487032.577362271025777, 2151402.412957460153848 ], [ 487019.024911226995755, 2151342.401117680128664 ], [ 487015.238578582997434, 2151326.11529783019796 ], [ 487007.590769580972847, 2151293.22044908022508 ], [ 486975.501438290986698, 2151155.197428559884429 ], [ 486969.247166146989912, 2151128.296477450057864 ], [ 486958.107011332002003, 2151080.38030858989805 ], [ 486938.484083304996602, 2150995.977932849898934 ], [ 486902.778581517981365, 2150846.4771294798702 ], [ 486892.883399897022173, 2150830.022315470036119 ], [ 486876.968879166990519, 2150793.461930749937892 ], [ 486873.927552098000888, 2150785.890309480018914 ], [ 486856.80472815502435, 2150743.261702009942383 ], [ 486831.745097787003033, 2150646.976787129882723 ], [ 486821.58507124701282, 2150607.823516140226275 ], [ 486809.107683249982074, 2150541.715255389921367 ], [ 486788.942461316008121, 2150434.874965589959174 ], [ 486788.202816027973313, 2150428.693645180203021 ], [ 486780.924977615999524, 2150367.871719060000032 ], [ 486808.641565727011766, 2150305.076317680068314 ], [ 486820.18106735299807, 2150286.267299910075963 ], [ 486840.309766862017568, 2150253.458164889831096 ], [ 486924.693097642972134, 2150106.819985489826649 ], [ 486936.671446415013634, 2150067.15833692997694 ], [ 486937.970194679975975, 2150062.858036589808762 ], [ 486945.906246015976649, 2150044.371703340206295 ], [ 486963.049156303983182, 2150004.438802320044488 ], [ 487012.954671666026115, 2149922.010584 ], [ 487015.56745322002098, 2149917.695090480148792 ], [ 487019.510965584020596, 2149911.412018749862909 ], [ 487086.552872432977892, 2149809.809546439908445 ], [ 487071.243813320004847, 2149692.543203929904848 ], [ 487061.978863238997292, 2149613.457311459816992 ], [ 487053.465331571991555, 2149540.414184490218759 ], [ 487045.595236042980105, 2149473.886380449868739 ], [ 487024.19941297697369, 2149367.766835810150951 ], [ 487005.966563832014799, 2149240.614795839879662 ], [ 486988.536571496981196, 2149123.244511339813471 ], [ 486974.654123954998795, 2149030.484531280118972 ], [ 486960.230190709000453, 2148935.334942129906267 ], [ 486944.717654715990648, 2148849.296347919851542 ], [ 486926.657193450024351, 2148723.59446563012898 ], [ 486912.404010555997957, 2148630.103547879960388 ], [ 486901.764412435994018, 2148557.024841249920428 ], [ 486900.461791819019709, 2148548.077714779879898 ], [ 486894.171586055017542, 2148504.873065839987248 ], [ 486878.44647507101763, 2148393.15165142994374 ], [ 486866.164431983022951, 2148323.249579189810902 ], [ 486859.27110942901345, 2148274.190845519769937 ], [ 486852.949451940017752, 2148229.200565610080957 ], [ 486841.502674099989235, 2148155.546260130126029 ], [ 486828.582741155987605, 2148059.021799460053444 ], [ 486824.697421762975864, 2148030.841377600096166 ], [ 486823.847533700987697, 2148023.760011440142989 ], [ 486814.764964403002523, 2147956.124615060165524 ], [ 486811.580326961004175, 2147932.409495609812438 ], [ 486811.137701374012977, 2147929.113384560216218 ], [ 486810.355001725023612, 2147922.254172809887677 ], [ 486809.764407548005693, 2147917.315129139926285 ], [ 486808.391113721008878, 2147905.516873729880899 ], [ 486807.648214971995912, 2147899.13447467982769 ], [ 486794.777394794975407, 2147788.558557909913361 ], [ 486787.488135104009416, 2147725.934998440090567 ], [ 486782.87327441200614, 2147691.653180629946291 ], [ 486776.455635707010515, 2147643.979299330152571 ], [ 486770.114947599009611, 2147631.541795920114964 ], [ 486766.428917940997053, 2147624.337525280192494 ], [ 486762.796352435019799, 2147617.18609023001045 ], [ 486710.592946161981672, 2147494.788944120053202 ], [ 486653.222386281006038, 2147360.276786770205945 ], [ 486650.114242449984886, 2147338.741792830172926 ], [ 486629.853309438971337, 2147198.362488249782473 ], [ 486624.32497431000229, 2147160.059028069954365 ], [ 486601.55155430897139, 2147021.767056920100003 ], [ 486578.538122090976685, 2146861.184460729826242 ], [ 486572.327473665005527, 2146816.104270190000534 ], [ 486557.612983281025663, 2146709.298670419957489 ], [ 486543.961784726998303, 2146610.408377329818904 ], [ 486561.486103939008899, 2146601.832645799964666 ], [ 486575.65470217197435, 2146582.81689384020865 ], [ 486576.686429525027052, 2146573.959134900011122 ], [ 486590.941871395974886, 2146451.570921400096267 ], [ 486618.141730075993109, 2146314.397556030191481 ], [ 486696.512688213028014, 2146081.951350249815732 ], [ 486753.608447715989314, 2145847.537022389937192 ], [ 486789.285559906973504, 2145671.266094480175525 ], [ 486802.609723924018908, 2145597.680357910227031 ], [ 486803.818123057018965, 2145581.313587320037186 ], [ 486804.355155616009142, 2145574.039923809934407 ], [ 486786.568044797983021, 2145570.200822940096259 ], [ 486646.472943165979814, 2145539.963240730110556 ], [ 486569.52040953800315, 2145515.193112790118903 ], [ 486485.250497860019095, 2145488.4825614602305 ], [ 486479.074428604973946, 2145486.524968159850687 ], [ 486456.380856876028702, 2145480.044098889920861 ], [ 486343.702043938974384, 2145447.865089610219002 ], [ 486292.044270046986639, 2145439.258293190039694 ], [ 486234.973373949993402, 2145436.262944940011948 ], [ 486180.758441045007203, 2145438.964665629900992 ], [ 486139.632443774025887, 2145441.894585759844631 ], [ 486085.948531339003239, 2145445.719163539819419 ], [ 486008.691170122008771, 2145451.150321680121124 ], [ 485959.002072684001178, 2145454.184257039800286 ], [ 485944.87379254901316, 2145455.070106610190123 ], [ 485901.289939375012182, 2145457.818395049776882 ], [ 485692.343958191981073, 2145470.638675679918379 ], [ 485680.865790460025892, 2145471.342940629925579 ], [ 485668.253156884980854, 2145472.116812909953296 ], [ 485656.559020669024903, 2145472.620198389980942 ], [ 485579.911897911981214, 2145475.919548409990966 ], [ 485489.9663016339764, 2145482.309203770011663 ], [ 485479.715884640987497, 2145482.895884649828076 ], [ 485396.831763190974016, 2145487.639743240084499 ], [ 485292.614786838006694, 2145493.95467450004071 ], [ 485284.504078263998963, 2145494.445644840132445 ], [ 485205.944180306978524, 2145499.201157770119607 ], [ 485018.370035682979506, 2145509.168182 ], [ 485013.32368467800552, 2145509.461586929857731 ], [ 484945.631989759975113, 2145513.371706690173596 ], [ 484866.158406012982596, 2145517.925320379901677 ], [ 484805.350812832999509, 2145521.434817939996719 ], [ 484776.979211926984135, 2145523.241954130120575 ], [ 484767.267078146978747, 2145523.625258259940892 ], [ 484763.097859202011023, 2145523.854666749946773 ], [ 484500.156875510001555, 2145538.982358410023153 ], [ 484279.729028623027261, 2145541.278193640056998 ], [ 484246.89635596901644, 2145541.615965529810637 ], [ 484244.236670280981343, 2145541.643623089883476 ], [ 484239.773477672017179, 2145541.690034959930927 ], [ 484235.914051580009982, 2145541.730168390087783 ], [ 484231.066788244992495, 2145541.742157429922372 ], [ 484225.960763717012014, 2145541.838253059890121 ], [ 484220.162379272980615, 2145541.893966979812831 ], [ 484217.207311565987766, 2145541.929690789896995 ], [ 484211.88866091897944, 2145541.993987950030714 ], [ 484208.326693532988429, 2145542.037048560101539 ], [ 483997.002192938991357, 2145544.591750009916723 ], [ 483702.267903520027176, 2145543.732813019771129 ], [ 483698.345911096024793, 2145543.721383249852806 ], [ 483695.403962154989131, 2145543.712809599936008 ], [ 483684.76969432097394, 2145543.681818409822881 ], [ 483672.667486581020057, 2145543.651384579949081 ], [ 483668.467477063008118, 2145543.640822669956833 ], [ 483664.50997890002327, 2145543.630870619788766 ], [ 483596.237954623997211, 2145543.459184649866074 ], [ 483549.759407866979018, 2145540.634405519813299 ], [ 483500.578231505001895, 2145531.554804789833724 ], [ 483444.347222997981589, 2145513.979381809942424 ], [ 483291.569501394988038, 2145466.33901980984956 ], [ 483232.265329346992075, 2145448.474312270060182 ], [ 483182.113968327990733, 2145432.772718870081007 ], [ 483179.674446259974502, 2145432.00894331978634 ], [ 483177.592423203983344, 2145431.357095019891858 ], [ 483174.269150278007146, 2145430.316631120163947 ], [ 483170.798314005020075, 2145429.229967500083148 ], [ 483153.600524579000194, 2145423.84561318019405 ], [ 483150.743194853013847, 2145422.951028699986637 ], [ 483148.431475682999007, 2145422.227266199886799 ], [ 483064.918190047028475, 2145396.080584870185703 ], [ 482973.215721689979546, 2145365.513097110204399 ], [ 482970.848263304971624, 2145364.723944359924644 ], [ 482968.55887382698711, 2145363.960814579855651 ], [ 482961.694720871979371, 2145361.672763720154762 ], [ 482911.033745986991562, 2145343.051482960116118 ], [ 482882.162114400998689, 2145332.439236369915307 ], [ 482645.981978768017143, 2145241.298308600205928 ], [ 482370.080956824007444, 2145140.140396289993078 ], [ 482129.479140622017439, 2145080.887195949908346 ], [ 482126.381743740988895, 2145080.103259440045804 ], [ 482121.247521296027116, 2145078.794706199783832 ], [ 482114.069130972027779, 2145076.965158290229738 ], [ 482107.475440656009596, 2145102.559234530199319 ], [ 482102.252414320013486, 2145128.596722039859742 ], [ 482098.743220582022332, 2145146.090523960068822 ], [ 482069.733456282003317, 2145290.708093849942088 ], [ 482064.952985848009121, 2145310.275670220144093 ], [ 482055.248725356010254, 2145352.468403 ], [ 482046.440702783002052, 2145394.615522250067443 ], [ 482030.779583716997877, 2145469.555277159903198 ], [ 482027.530958811985329, 2145485.100217029917985 ], [ 482013.874296614027116, 2145489.758186589926481 ], [ 481973.605578601011075, 2145503.457525739911944 ], [ 481880.151023786980659, 2145535.250582579988986 ], [ 481784.345214602013584, 2145567.851332160178572 ], [ 481736.87018382397946, 2145584.006157550029457 ], [ 481689.395123346010223, 2145600.160898520145565 ], [ 481430.366012941987719, 2145690.079429930076003 ], [ 481404.192377171013504, 2145699.165252009872347 ], [ 481331.079524344997481, 2145725.70711850002408 ], [ 481287.970870235993061, 2145741.666218 ], [ 481211.413396176008973, 2145770.008284620009363 ], [ 481027.774931214982644, 2145837.492331409826875 ], [ 480974.522993258025963, 2145857.061522840056568 ], [ 480838.129256615997292, 2145906.659252339974046 ], [ 480652.625231869984418, 2145974.115271039772779 ], [ 480737.289411087986082, 2146138.759510139934719 ], [ 480797.547404624987394, 2146255.941667930223048 ], [ 480855.402508121973369, 2146357.766650089994073 ], [ 480871.601937100989744, 2146373.194677690044045 ], [ 480979.158603669027798, 2146572.252925130072981 ], [ 481115.550693063996732, 2146824.669998819939792 ], [ 481119.607480757986195, 2146832.178498759865761 ], [ 481216.804054633015767, 2146979.901863030157983 ], [ 481327.500152656983119, 2147193.580045280046761 ], [ 481332.514261626987718, 2147209.393773559946567 ], [ 481338.299771976016928, 2147249.892346010077745 ], [ 481340.999676805979107, 2147280.362700520083308 ], [ 481342.542479566007387, 2147305.433245370164514 ], [ 481345.62808508600574, 2147342.8462123000063 ], [ 481346.785187155997846, 2147366.759655079804361 ], [ 481346.39948646601988, 2147391.058798550162464 ], [ 481346.785187155997846, 2147443.514092380180955 ], [ 481347.170887845975813, 2147492.498080010060221 ], [ 481346.39948646601988, 2147524.318386930041015 ], [ 481345.62808508600574, 2147556.138693859800696 ], [ 481344.8566837059916, 2147580.82353801978752 ], [ 481344.470983016013633, 2147614.765198729932308 ], [ 481346.39948646601988, 2147640.607144960202277 ], [ 481349.099391295982059, 2147657.577975320164114 ], [ 481357.199105784995481, 2147679.94861534005031 ], [ 481370.526668349979445, 2147717.841581310145557 ], [ 481356.656177168013528, 2147721.415088329929858 ], [ 481415.269914315023925, 2147819.27957470016554 ], [ 481446.292247229022905, 2147875.61898197978735 ], [ 481566.102635657996871, 2148071.024014419876039 ], [ 481644.858292258984875, 2148189.804426909890026 ], [ 481652.082036659005098, 2148201.144361999817193 ], [ 481733.872396807011683, 2148329.972035659942776 ], [ 481781.000633506977465, 2148413.814837490208447 ], [ 481836.852412574982736, 2148523.288244309835136 ], [ 481909.678233241022099, 2148666.03196397004649 ], [ 482010.514891990984324, 2148826.930349700152874 ], [ 482041.071711405005772, 2148876.036396670155227 ], [ 482203.91030694701476, 2149104.121458690147847 ], [ 482285.151893237023614, 2149260.074101659934968 ], [ 482312.92470614699414, 2149316.985601489897817 ], [ 482345.102956335002091, 2149382.924636419862509 ], [ 482403.790750675019808, 2149512.989828090183437 ], [ 482429.675548975006677, 2149559.344106070231646 ], [ 482618.911885603971314, 2149900.949346719775349 ], [ 482618.270357676025014, 2149912.235061190091074 ], [ 482617.233089992019814, 2149930.661309809889644 ], [ 482647.039045287005138, 2150093.987581579945982 ], [ 482678.079922356002498, 2150262.137378939893097 ], [ 482718.241626095026731, 2150435.7577979802154 ], [ 482741.632816317025572, 2150536.878713429905474 ], [ 482760.654970223025884, 2150626.441345400176942 ], [ 482761.05126521200873, 2150632.25366962980479 ], [ 482761.447560201981105, 2150638.065993850119412 ], [ 482759.507537474972196, 2150829.837183389812708 ], [ 482764.381212849984877, 2150881.985495429951698 ], [ 482765.756208974984474, 2150896.697949870023876 ], [ 482768.300065379007719, 2150921.467071840073913 ], [ 482771.692446729983203, 2150954.498145179823041 ], [ 482777.941118117014412, 2151017.609709780197591 ], [ 482780.336207105021458, 2151035.868162699975073 ], [ 482788.490552054019645, 2151098.031081909779459 ], [ 482797.073111671023071, 2151162.100261719897389 ], [ 482801.264554846973624, 2151190.641989139840007 ], [ 482813.63929162902059, 2151267.684693919960409 ], [ 482828.041764867026359, 2151334.436821669805795 ], [ 482837.643993066973053, 2151377.64684434980154 ], [ 482842.900146254978608, 2151403.091401380021125 ], [ 482850.847056973027065, 2151441.561669589951634 ], [ 482853.82188064098591, 2151455.998312320094556 ], [ 482861.049424536991864, 2151491.073153929784894 ], [ 482867.768070100981276, 2151524.993846470024437 ], [ 482877.979176521999761, 2151571.556487139780074 ], [ 482884.105840320000425, 2151597.696916980203241 ], [ 482885.915664624015335, 2151603.035898379981518 ], [ 482892.274725069000851, 2151621.795125660020858 ], [ 482899.218276937026531, 2151636.499117339961231 ], [ 482907.387161469028797, 2151653.245330079924315 ], [ 482916.372934296028689, 2151666.31554481992498 ], [ 482926.175595518026967, 2151678.977315320167691 ], [ 482935.746645354025532, 2151689.868509769905359 ], [ 482938.020477771991864, 2151692.455974199809134 ], [ 482949.409996133996174, 2151703.441926769912243 ], [ 482963.956685332988854, 2151717.473181860055774 ], [ 482981.724008587014396, 2151733.402505880221725 ], [ 482993.770339386013802, 2151743.812915029935539 ], [ 482998.265999184979592, 2151747.698053060099483 ], [ 483025.427539314026944, 2151771.592039079871029 ], [ 483042.567892430990469, 2151787.234691170044243 ], [ 483044.515154352993704, 2151789.011803970206529 ], [ 483046.46241627598647, 2151790.788916760124266 ], [ 483062.800184765015729, 2151804.880241840146482 ], [ 483080.56750802998431, 2151821.422232190147042 ], [ 483095.373610789014492, 2151836.534667859785259 ], [ 483101.704496125981677, 2151843.682441509794444 ], [ 483113.345156300987583, 2151858.18221093993634 ], [ 483125.802704986999743, 2151876.357978320214897 ], [ 483133.21098090801388, 2151888.378954059910029 ], [ 483136.626476844015997, 2151893.921079420018941 ], [ 483146.020693930971902, 2151909.237737350165844 ], [ 483153.781134245975409, 2151925.779727989807725 ], [ 483162.710209465993103, 2151942.362295790109783 ], [ 483166.647127294971142, 2151949.673714410047978 ], [ 483179.104676128015853, 2151973.159256630111486 ], [ 483183.471894539019559, 2151981.725723260082304 ], [ 483195.034000900981482, 2152004.40523891011253 ], [ 483203.608832025027368, 2152021.06019887002185 ], [ 483205.653550743008964, 2152025.031671649776399 ], [ 483215.864656321995426, 2152043.615883309859782 ], [ 483226.892650282010436, 2152061.383206500206143 ], [ 483238.124866312020458, 2152078.129419149830937 ], [ 483240.207296251028311, 2152080.723921969998628 ], [ 483250.582414912991226, 2152093.650299100205302 ], [ 483268.145516116986983, 2152112.030288440175354 ], [ 483281.419953012024052, 2152123.875170399900526 ], [ 483296.940833012980875, 2152135.515830189920962 ], [ 483313.89126771199517, 2152146.952267829794437 ], [ 483329.412147653987631, 2152156.550706520210952 ], [ 483343.911917024990544, 2152163.90270204981789 ], [ 483358.615908466977999, 2152170.233587020076811 ], [ 483393.881162689998746, 2152180.81198281981051 ], [ 483430.937368971994147, 2152187.538291410077363 ], [ 483461.018068674020469, 2152187.538290559779853 ], [ 483515.71024975401815, 2152180.701766090001911 ], [ 483589.544694010983221, 2152164.294108959846199 ], [ 483630.563829623977654, 2152151.988366529811174 ], [ 483729.693407515995204, 2152127.889620409812778 ], [ 483875.76616998098325, 2152099.207744770217687 ], [ 484011.358139831980225, 2152081.401256669778377 ], [ 484175.862990829977207, 2152060.158892729785293 ], [ 484198.464609275979456, 2152059.861502400133759 ], [ 484223.005281021003611, 2152062.315569010097533 ], [ 484252.10350618197117, 2152068.626026920042932 ], [ 484400.062839061021805, 2152104.829020959790796 ], [ 484434.992491176992189, 2152115.48220515018329 ], [ 484445.784235423023347, 2152118.779021579772234 ], [ 484474.014913354010787, 2152134.113508809823543 ], [ 484496.247801114979666, 2152142.480724310036749 ], [ 484570.97937172598904, 2152170.605507859960198 ], [ 484697.344370372011326, 2152213.477937070187181 ], [ 484883.772577384021133, 2152268.267903320025653 ], [ 484961.982991563971154, 2152291.253405500203371 ], [ 484978.758617924002465, 2152298.547155879903585 ], [ 484985.214626330009196, 2152301.354115969967097 ], [ 484998.954732833022717, 2152308.142545680049807 ], [ 485020.636188070988283, 2152326.488392219878733 ], [ 485037.949020134983584, 2152341.637120120227337 ], [ 485040.649839073012117, 2152344.000336669851094 ], [ 485044.778322228987236, 2152346.642565850168467 ], [ 485061.497392075019889, 2152357.342770390212536 ], [ 485079.84323860600125, 2152364.847889190074056 ], [ 485097.355183009000029, 2152371.519105880055577 ], [ 485114.867127349018119, 2152375.688616139814258 ] ] ] ] } },
{ "type": "Feature", "properties": { "ID": 9.0, "ENTIDAD": 9, "MUNICIPIO": 5, "NOMBRE": "GUSTAVO A. MADERO", "CONTROL": 10.0, "GEOMETRY1_": null, "ClaveEnt": "09" }, "geometry": { "type": "MultiPolygon", "coordinates": [ [ [ [ 486884.034754296997562, 2166534.967807409819216 ], [ 487088.744886969972868, 2166485.837368810083717 ], [ 487298.913957051991019, 2166458.542678650002927 ], [ 487386.256946644978598, 2166420.33011690992862 ], [ 487459.952592775982339, 2166324.798715650103986 ], [ 487405.363213184988126, 2165830.764906689990312 ], [ 487361.691714474000037, 2165669.72626224020496 ], [ 487509.083005081978627, 2165391.320465310011059 ], [ 487544.566092400986236, 2165268.494379019830376 ], [ 487587.51989858399611, 2165225.540569270029664 ], [ 487708.334196333016735, 2165104.726261499803513 ], [ 487801.136122616007924, 2165044.677913520019501 ], [ 487850.266549487016164, 2164785.378398260101676 ], [ 487936.273117767996155, 2164542.821121059823781 ], [ 488093.189228383009322, 2164100.281781420111656 ], [ 488113.364354565972462, 2164052.976535980124027 ], [ 488133.044951042975299, 2163977.832392930053174 ], [ 488199.704336478025652, 2163715.287595979869366 ], [ 488208.58358351897914, 2163686.430039830040187 ], [ 488306.207593769009691, 2163172.170340959914029 ], [ 488141.989213028980885, 2163027.1459158398211 ], [ 488108.692033589992207, 2162987.189300499856472 ], [ 487812.576273560000118, 2162582.894523229915649 ], [ 487724.844170694006607, 2162474.316316550131887 ], [ 487723.894117143005133, 2162443.957570230122656 ], [ 487727.721221785992384, 2162237.2490573101677 ], [ 487725.968839859997388, 2162189.094125479925424 ], [ 487562.476560845971107, 2162048.582790169864893 ], [ 487536.527217814000323, 2162026.280914039816707 ], [ 487498.015597335994244, 2161993.182542759925127 ], [ 487390.905035294010304, 2161796.355443479958922 ], [ 487282.590768289985135, 2161575.454720709938556 ], [ 487158.296237874019425, 2161285.848430720157921 ], [ 487138.461814380018041, 2161235.499518950004131 ], [ 487128.796451773028821, 2161210.96436 ], [ 487109.821370753983501, 2161162.796559500042349 ], [ 487063.684459590993356, 2161122.152465770021081 ], [ 487057.617669593018945, 2161116.807912690099329 ], [ 487025.533422230975702, 2161074.29759861016646 ], [ 487010.414997425978072, 2161049.558358230162412 ], [ 486999.419779551972169, 2161039.021274469792843 ], [ 486984.759489108982962, 2161027.567922609858215 ], [ 486965.975991540006362, 2160993.207784459926188 ], [ 486953.148237389978021, 2160982.670782750006765 ], [ 486945.02064501598943, 2160981.740768840070814 ], [ 486936.883340289001353, 2160980.809643569868058 ], [ 486920.241327241994441, 2160966.075880010146648 ], [ 486894.306470505020116, 2160924.280036869924515 ], [ 486876.516444440989289, 2160879.269128640182316 ], [ 486813.07249802199658, 2160806.608663269784302 ], [ 486774.706057536008302, 2160766.741859340108931 ], [ 486755.844344270997681, 2160769.099574020132422 ], [ 486737.196968351025134, 2160757.954016109928489 ], [ 486723.229168226011097, 2160776.188403309788555 ], [ 486626.712013981014024, 2160718.649331170134246 ], [ 486586.631825756980106, 2160688.528419990092516 ], [ 486560.656733762007207, 2160669.007728280033916 ], [ 486498.438826464989688, 2160561.523322059772909 ], [ 486415.537193960975856, 2160418.306545360013843 ], [ 486316.144684828992467, 2160234.621968669816852 ], [ 486271.965145720983855, 2160152.97497121989727 ], [ 486388.491420070000459, 2160099.262799010146409 ], [ 486398.911819607019424, 2159866.348271269816905 ], [ 486408.074657735007349, 2159661.542328150011599 ], [ 486435.939478285028599, 2159438.623712520115077 ], [ 486436.105887543002609, 2159410.352872529998422 ], [ 486436.782284451008309, 2159295.441913620103151 ], [ 486441.635948345996439, 2159132.581694960128516 ], [ 486519.90127577300882, 2158944.825448129791766 ], [ 486598.643088285985868, 2158867.243616229854524 ], [ 486588.578782027005218, 2158858.688996830023825 ], [ 486588.075566503976006, 2158849.127864790149033 ], [ 486613.739546717028134, 2158838.057167979888618 ], [ 486629.339220819994807, 2158824.973569199908525 ], [ 486644.435679471003823, 2158805.348171220161021 ], [ 486647.454971014987677, 2158793.271003379952163 ], [ 486647.596366605022922, 2158783.562535909935832 ], [ 486651.021897491998971, 2158774.420116660185158 ], [ 486656.836235382012092, 2158758.902306959964335 ], [ 486676.666074284992646, 2158731.028285639826208 ], [ 486709.40401576802833, 2158680.331240219995379 ], [ 486716.964597321988549, 2158677.255116439890116 ], [ 486719.553103014011867, 2158669.356854550074786 ], [ 486727.294624238973483, 2158655.202197080012411 ], [ 486730.76996132498607, 2158648.84788131993264 ], [ 486736.544320322980639, 2158637.697434899862856 ], [ 486741.389472286973614, 2158635.374416610226035 ], [ 486746.173013825027738, 2158619.658021800220013 ], [ 486746.433739650994539, 2158613.869905290193856 ], [ 486754.796603725990281, 2158567.542285290081054 ], [ 486755.996513339981902, 2158560.192538369912654 ], [ 486768.064413897984196, 2158486.273624689783901 ], [ 486787.299392761022318, 2158487.653278269805014 ], [ 486797.74555255897576, 2158477.484140189830214 ], [ 486840.456108290003613, 2158435.906057740096003 ], [ 486907.600576083990745, 2158370.541847350075841 ], [ 486954.5455669129733, 2158324.841688869986683 ], [ 486955.192284343007486, 2158302.665206990204751 ], [ 486955.834051701996941, 2158280.6584671898745 ], [ 486971.542848362005316, 2158266.864815500099212 ], [ 486976.65770215401426, 2158262.37354139983654 ], [ 487223.119490397977643, 2158045.959252470172942 ], [ 487267.407156165980268, 2158007.070914419833571 ], [ 487311.694784311985131, 2157968.182655230164528 ], [ 487316.997838023002259, 2157963.526125700213015 ], [ 487326.714601280982606, 2157954.993985990062356 ], [ 487336.451063457992859, 2157946.444548970088363 ], [ 487339.49333225202281, 2157943.77317974017933 ], [ 487496.189006812986918, 2157806.181213799864054 ], [ 487742.859756562975235, 2157589.584298450034112 ], [ 488002.435662619012874, 2157361.653761669993401 ], [ 488034.781307468016166, 2157360.739826519973576 ], [ 488381.327105119999032, 2157339.953879749868065 ], [ 488511.580223219003528, 2157336.122905690222979 ], [ 488544.861810380010866, 2157336.122905690222979 ], [ 488569.04271281597903, 2157384.51368496986106 ], [ 488593.479336897027679, 2157336.891204080078751 ], [ 488595.709114521974698, 2157332.545778050087392 ], [ 488601.18954459798988, 2157332.131040370091796 ], [ 488685.899591733992565, 2157325.720512739848346 ], [ 488689.697475054999813, 2157325.433145360089839 ], [ 488709.304894505999982, 2157372.068326720036566 ], [ 488712.524391543993261, 2157361.918701970018446 ], [ 488720.600632090005092, 2157323.826572199817747 ], [ 488725.66015192802297, 2157323.335275750141591 ], [ 488791.71838433900848, 2157316.92138443980366 ], [ 488907.722305301984306, 2157301.18533188989386 ], [ 488920.072998759977054, 2157299.50995191000402 ], [ 488933.6677587099839, 2157298.202546639833599 ], [ 489095.315604176023044, 2157376.416293980088085 ], [ 489123.105907167016994, 2157381.340507919900119 ], [ 489141.139670369972009, 2157384.535938309971243 ], [ 489199.241344816982746, 2157403.372553830035031 ], [ 489259.636847775022034, 2157423.101019309833646 ], [ 489332.954787247988861, 2157440.780480119865388 ], [ 489348.380588735977653, 2157449.696361490059644 ], [ 489365.794968143978622, 2157457.781609029974788 ], [ 489373.258273666026071, 2157464.622972469776869 ], [ 489386.319058160006534, 2157467.110740790143609 ], [ 489404.08310143899871, 2157457.309741859789938 ], [ 489448.928154624998569, 2157468.371708089951426 ], [ 489537.258366358990315, 2157490.160194220021367 ], [ 489565.855539769981988, 2157497.214282569941133 ], [ 489594.3979394499911, 2157504.254859829787165 ], [ 489623.07462328101974, 2157511.328561080154032 ], [ 489650.490713500010315, 2157518.091310650110245 ], [ 489689.027688109024893, 2157527.59729955997318 ], [ 489744.850203618989326, 2157542.735566840041429 ], [ 489779.265946428989992, 2157552.413831159938127 ], [ 489939.091512702987529, 2157457.177565900143236 ], [ 490024.00093498500064, 2157410.410526200197637 ], [ 490073.213173473021016, 2157383.690759129822254 ], [ 490213.101736119017005, 2157324.209285499993712 ], [ 490272.023884737980552, 2157299.045119840186089 ], [ 490352.990298764023464, 2157264.727811870165169 ], [ 490496.339002536027692, 2157205.411106859799474 ], [ 490602.303040868020616, 2157157.181067780125886 ], [ 490631.618059538013767, 2157143.742167959921062 ], [ 490771.596892283007037, 2157080.002988460008055 ], [ 490869.047554653021507, 2157039.457780819851905 ], [ 490968.276513780001551, 2156997.845678209792823 ], [ 491052.555322012980469, 2156962.634345820173621 ], [ 491159.621245000977069, 2156911.420455739833415 ], [ 491255.649269964022096, 2156865.184740019962192 ], [ 491305.925812932022382, 2156841.266752639785409 ], [ 491449.815227527986281, 2156775.265303770080209 ], [ 491490.028782741981559, 2156756.708637749776244 ], [ 491593.704642124008387, 2156709.263854899909347 ], [ 491838.219288068008609, 2156600.218523 ], [ 491901.033663515991066, 2156568.971675669774413 ], [ 491973.760378502018284, 2156533.155723560135812 ], [ 492010.123735994973686, 2156515.247747499961406 ], [ 492085.402537507994566, 2156477.871706009842455 ], [ 492119.213808474014513, 2156461.523819330148399 ], [ 492235.846443281974643, 2156414.208682049997151 ], [ 492288.127469087019563, 2156393.645552009809762 ], [ 492319.252440551004838, 2156381.117060809861869 ], [ 492366.017766009026673, 2156362.28241669991985 ], [ 492457.041129700024612, 2156325.767284689936787 ], [ 492757.723896019975655, 2156192.269047219771892 ], [ 492875.571644329000264, 2156139.962258019950241 ], [ 492968.786960740981158, 2156101.174676689784974 ], [ 493055.832624040020164, 2156064.943774620071054 ], [ 493062.002277154009789, 2156062.387095369864255 ], [ 493175.104633185022976, 2156019.273588730022311 ], [ 493288.206989215977956, 2155976.160082090180367 ], [ 493293.396712534013204, 2155972.923803200013936 ], [ 493278.181005584017839, 2155942.717843090184033 ], [ 493263.598399999027606, 2155911.38400663016364 ], [ 493200.850191493984312, 2155776.619707 ], [ 493170.934301069995854, 2155709.375486049801111 ], [ 493129.503483815991785, 2155616.248253489844501 ], [ 493124.331416963017546, 2155604.622598339803517 ], [ 493080.67426765197888, 2155500.643432199954987 ], [ 493055.5372767560184, 2155440.774187710136175 ], [ 493037.984209802001715, 2155404.131806680001318 ], [ 492996.986579323012847, 2155318.548355139791965 ], [ 492993.283225823019166, 2155291.743196030147374 ], [ 492971.400360637984704, 2155237.564325429964811 ], [ 492952.561431233014446, 2155190.921808110084385 ], [ 492936.936758226016536, 2155152.237250179983675 ], [ 492916.341073790972587, 2155101.245340160094202 ], [ 492853.931142011017073, 2154949.39990636985749 ], [ 492877.919323464971967, 2154942.488056870177388 ], [ 492899.061448574007954, 2154860.765604270156473 ], [ 492917.797678076021839, 2154818.411541880108416 ], [ 492935.284465949982405, 2154774.942440160084516 ], [ 492963.9006869510049, 2154703.807510709855705 ], [ 492992.339462691976223, 2154634.727904019877315 ], [ 493036.129435388022102, 2154546.666734190192074 ], [ 493046.825798759993631, 2154525.156516289804131 ], [ 493070.187148912984412, 2154468.881306710187346 ], [ 493100.309458938019816, 2154396.319605510216206 ], [ 493133.922449705016334, 2154315.349195530172437 ], [ 493135.210974339977838, 2154308.936339720152318 ], [ 493166.444286082987674, 2154224.845852840226144 ], [ 493193.851880041009281, 2154167.134664650075138 ], [ 493202.172636373026762, 2154146.002748699858785 ], [ 493213.718678381992504, 2154123.540127140004188 ], [ 493226.304460889019538, 2154104.788023139815778 ], [ 493227.9371432440239, 2154100.054275210015476 ], [ 493229.569825433020014, 2154095.320527490228415 ], [ 493232.238354935019743, 2154087.5834766398184 ], [ 493250.18220562901115, 2154028.911235940176994 ], [ 493254.123445114993956, 2154021.89314711978659 ], [ 493285.168085946992505, 2153966.612556439824402 ], [ 493281.077863494982012, 2153948.023659530095756 ], [ 493293.151241795974784, 2153945.871500719804317 ], [ 493360.887835148023441, 2153780.364328099880368 ], [ 493431.371260956977494, 2153608.14524610992521 ], [ 493428.043654420005623, 2153562.989668149966747 ], [ 493445.802749646012671, 2153569.112832500133663 ], [ 493504.950091166014317, 2153416.708712290041149 ], [ 493548.179029420018196, 2153305.321211909875274 ], [ 493554.731622070015874, 2153288.95283153001219 ], [ 493616.286606888985261, 2153135.188325350172818 ], [ 493635.705720163008664, 2153090.222000330220908 ], [ 493658.330204972007778, 2153037.833411669824272 ], [ 493793.233427383005619, 2152725.460267980117351 ], [ 493799.498967131017707, 2152710.952139790169895 ], [ 493909.184999782009982, 2152443.859473280142993 ], [ 493923.493129874987062, 2152409.018280279822648 ], [ 493928.365297417971306, 2152397.154235090129077 ], [ 493933.812898211996071, 2152383.888972470071167 ], [ 493939.260491453984287, 2152370.623728239908814 ], [ 493941.651143228984438, 2152364.802335510030389 ], [ 493944.036444562021643, 2152358.993971469812095 ], [ 493948.825916958972812, 2152347.331294559873641 ], [ 493951.931938317022286, 2152339.767930460162461 ], [ 493955.046712604991626, 2152332.183252090122551 ], [ 493958.008537247020286, 2152324.971016069874167 ], [ 494052.722628511022776, 2152090.729471790138632 ], [ 494115.729510780016426, 2151934.904377580154687 ], [ 494128.690741962986067, 2151918.182274390012026 ], [ 494192.639419446000829, 2151765.328874969854951 ], [ 494222.815706530993339, 2151693.199889359995723 ], [ 494264.996635958028492, 2151592.376696620136499 ], [ 494286.083201667002868, 2151543.667945589870214 ], [ 494300.810660286981147, 2151509.648320479784161 ], [ 494320.403579251025803, 2151464.389852149877697 ], [ 494339.607207341003232, 2151417.510898780077696 ], [ 494358.206856956006959, 2151372.106436340138316 ], [ 494377.172587085980922, 2151325.808272109832615 ], [ 494396.138317217002623, 2151279.510107879992574 ], [ 494414.561663281987421, 2151235.348978620022535 ], [ 494433.386240190011449, 2151189.958877290133387 ], [ 494452.719029114989098, 2151143.404396129772067 ], [ 494471.803681325982325, 2151097.495992269832641 ], [ 494490.833677430986427, 2151051.719064460135996 ], [ 494509.863673538027797, 2151005.942136649973691 ], [ 494527.925466497021262, 2150962.494235369842499 ], [ 494547.224365270987619, 2150916.066341829951853 ], [ 494558.802053640014492, 2150888.159161820076406 ], [ 494560.727061781974044, 2150883.519069000147283 ], [ 494562.805087698972784, 2150878.590762570034713 ], [ 494564.284089611028321, 2150874.838007890153676 ], [ 494565.614648800983559, 2150871.461905280128121 ], [ 494572.577457441017032, 2150852.900677360128611 ], [ 494629.397933880973142, 2150701.430506649892777 ], [ 494654.539931733976118, 2150634.407704960089177 ], [ 494651.50757341098506, 2150630.454426379874349 ], [ 494643.663052482006606, 2150621.003251430112869 ], [ 494640.777323379006702, 2150617.527570310048759 ], [ 494500.159170177998021, 2150467.039772619958967 ], [ 494490.484437345003244, 2150456.685993940103799 ], [ 494480.809704512997996, 2150446.33221525978297 ], [ 494451.097082226013299, 2150434.880190759897232 ], [ 494367.95213229698129, 2150402.833944750018418 ], [ 494336.769169521983713, 2150390.705148320179433 ], [ 494328.763634901028126, 2150387.590446739923209 ], [ 494264.386244662979152, 2150362.539555380120873 ], [ 494262.258891106001101, 2150361.301561229862273 ], [ 494180.655610261019319, 2150329.552512910217047 ], [ 494094.392283079971094, 2150295.990399799775332 ], [ 494087.599209864973091, 2150293.383829089812934 ], [ 494063.408154773002025, 2150284.101477249991149 ], [ 494019.175614695996046, 2150267.129005489870906 ], [ 494013.957968321978115, 2150265.102925559971482 ], [ 493922.72699770599138, 2150229.64662700984627 ], [ 493848.228835578018334, 2150200.216613510157913 ], [ 493756.602917428012006, 2150164.568099540192634 ], [ 493749.416263069026172, 2150161.772017899900675 ], [ 493743.253286272985861, 2150159.374214210081846 ], [ 493661.674308063986246, 2150127.634621299803257 ], [ 493654.327619588992093, 2150124.776275840122253 ], [ 493645.859369345998857, 2150121.893889099825174 ], [ 493550.044577363994904, 2150084.203307429794222 ], [ 493541.788700559991412, 2150081.350738789886236 ], [ 493481.721797922975384, 2150057.621248519979417 ], [ 493466.479040347971022, 2150051.69081238983199 ], [ 493439.708825196023099, 2150061.990106930024922 ], [ 493432.793415658001322, 2150063.749177809804678 ], [ 493423.832687156973407, 2150067.218266540206969 ], [ 493412.939959554001689, 2150071.187011280097067 ], [ 493397.643066311022267, 2150076.417075530160218 ], [ 493347.963535452028736, 2150094.191355159971863 ], [ 493335.540034971025307, 2150098.594644169788808 ], [ 493283.853061980975326, 2150117.321130369789898 ], [ 493271.208984397992026, 2150121.624412910081446 ], [ 493208.215883473982103, 2150144.144097909796983 ], [ 493204.290018839004915, 2150150.913294250145555 ], [ 493155.608037418976892, 2150168.511619680095464 ], [ 493144.984981267014518, 2150172.596083160024136 ], [ 492985.844878782983869, 2150231.427321089897305 ], [ 492965.705059259023983, 2150239.067517530173063 ], [ 492962.212371969013475, 2150240.978977600112557 ], [ 492957.614942407992203, 2150243.495035369880497 ], [ 492949.5248255560291, 2150247.922553199809045 ], [ 492944.673460718011484, 2150251.453105960041285 ], [ 492941.030727524019312, 2150254.109668040182441 ], [ 492906.227935347007588, 2150239.837104570120573 ], [ 492894.783878832997289, 2150235.868056400213391 ], [ 492880.734295968024526, 2150230.951041829772294 ], [ 492866.61138995399233, 2150226.189977849833667 ], [ 492850.168474745005369, 2150223.730969519820064 ], [ 492836.490214549994562, 2150222.946151440031826 ], [ 492823.086193247989286, 2150223.482312479987741 ], [ 492779.702923153003212, 2150235.324431499931961 ], [ 492728.364443038008176, 2150253.149882030207664 ], [ 492681.22962572198594, 2150270.778028429951519 ], [ 492667.230248903972097, 2150275.999530289787799 ], [ 492599.26047274802113, 2150301.404060440137982 ], [ 492230.95930170599604, 2150435.050168119836599 ], [ 492183.010145447973628, 2150452.449564619921148 ], [ 492051.914487649977673, 2150500.67896337993443 ], [ 491930.095851534977555, 2150542.935386009979993 ], [ 491831.455434554023668, 2150579.098160579800606 ], [ 491814.765163266973104, 2150577.535146680194885 ], [ 491810.299202187976334, 2150576.924942160025239 ], [ 491786.645485489978455, 2150583.058301459997892 ], [ 491771.258459431002848, 2150588.164916569832712 ], [ 491759.51544751500478, 2150592.282596420031041 ], [ 491733.28430393798044, 2150595.942756520118564 ], [ 491715.593532669008709, 2150597.162810009904206 ], [ 491687.837322585983202, 2150599.602916880045086 ], [ 491668.316471547004767, 2150602.043023639824241 ], [ 491654.590873197012115, 2150606.31321018980816 ], [ 491632.01988923700992, 2150612.718490030150861 ], [ 491616.159197819011752, 2150618.208729850128293 ], [ 491597.553386730025522, 2150624.308996319770813 ], [ 491575.592429366020951, 2150630.714276160113513 ], [ 491554.222289161989465, 2150632.56557998014614 ], [ 491530.470942100975662, 2150632.439788780175149 ], [ 491487.197496530017816, 2150601.182073520030826 ], [ 491385.686186355014797, 2150527.857391669880599 ], [ 491232.859269178006798, 2150413.135275340173393 ], [ 491221.584731535986066, 2150404.652710170019418 ], [ 491135.214025303022936, 2150347.362058610189706 ], [ 491049.028931282984558, 2150290.162112520076334 ], [ 490994.026040150027256, 2150248.009416250046343 ], [ 490900.571130228985567, 2150175.756900270003825 ], [ 490897.344583059020806, 2150173.915418460033834 ], [ 490865.909727292018943, 2150149.824613419827074 ], [ 490863.153268048015889, 2150156.173075890168548 ], [ 490858.810135486011859, 2150166.200767709873617 ], [ 490855.10892467101803, 2150174.778970940038562 ], [ 490854.13236990297446, 2150177.050669080112129 ], [ 490841.348607945023105, 2150206.788733189925551 ], [ 490838.885842864983715, 2150210.841726449783891 ], [ 490834.580324081995059, 2150217.927354999817908 ], [ 490820.84852212597616, 2150239.405303279869258 ], [ 490771.755994224979077, 2150291.363876469898969 ], [ 490719.571764888998587, 2150343.338235060218722 ], [ 490697.635257121000905, 2150365.186520169954747 ], [ 490660.96779125300236, 2150397.843759779818356 ], [ 490617.274229859001935, 2150438.928473449777812 ], [ 490583.43899168598, 2150471.846172709949315 ], [ 490545.41346957400674, 2150508.840524420142174 ], [ 490508.713831001019571, 2150544.54494770988822 ], [ 490486.188407876994461, 2150566.459529790095985 ], [ 490468.820403432007879, 2150584.245116950012743 ], [ 490448.412955529987812, 2150605.143225570209324 ], [ 490414.460067857988179, 2150639.9130271198228 ], [ 490370.982294609013479, 2150684.436885070055723 ], [ 490359.417778016999364, 2150696.279646459966898 ], [ 490331.629529284022283, 2150724.586755880154669 ], [ 490295.227171188977081, 2150759.675657120067626 ], [ 490269.254782687989064, 2150780.727417840156704 ], [ 490241.42064752598526, 2150801.2620267001912 ], [ 490219.972701985971071, 2150812.692446100059897 ], [ 490189.151494022982661, 2150824.76673485012725 ], [ 490154.517353051982354, 2150834.616812670137733 ], [ 490107.491179828997701, 2150838.112002159934491 ], [ 490048.633223447017372, 2150831.059343149885535 ], [ 489987.322284592024516, 2150810.501214050222188 ], [ 489920.021974587987643, 2150784.095452710054815 ], [ 489845.500893658027053, 2150755.020940349902958 ], [ 489772.083221503009554, 2150727.622033759951591 ], [ 489715.529272662010044, 2150702.610160210169852 ], [ 489662.408415890997276, 2150679.368053390178829 ], [ 489599.791861062985845, 2150651.586706549860537 ], [ 489517.823570988024585, 2150622.615172099787742 ], [ 489456.456159316992853, 2150614.244717599824071 ], [ 489406.226235658978112, 2150618.125625940039754 ], [ 489359.162905943987425, 2150629.800823090132326 ], [ 489315.480132816999685, 2150644.074001669883728 ], [ 489297.963225583021995, 2150649.797066370025277 ], [ 489235.307287244009785, 2150677.196008219849318 ], [ 489184.971409365010913, 2150697.967646399978548 ], [ 489140.50027634302387, 2150715.505902010016143 ], [ 489075.12723806098802, 2150744.159634369891137 ], [ 489054.126923841016833, 2150753.140368389897048 ], [ 489007.294459677010309, 2150771.656019310001284 ], [ 488940.66468981502112, 2150798.116951580159366 ], [ 488874.960471018974204, 2150823.958462690003216 ], [ 488809.549773938022554, 2150851.306727509945631 ], [ 488787.659184620017186, 2150860.652709569782019 ], [ 488741.555541526002344, 2150878.592856009956449 ], [ 488674.797635781986173, 2150904.871669800020754 ], [ 488606.821811023983173, 2150929.773377030156553 ], [ 488588.424662492005154, 2150938.11128559987992 ], [ 488570.011422901006881, 2150946.442233580164611 ], [ 488562.067738292971626, 2150947.994165979791433 ], [ 488521.065940079977736, 2150989.226314689964056 ], [ 488482.448565869999584, 2151019.396416769828647 ], [ 488438.601648550014943, 2151033.91367213986814 ], [ 488413.954499806975946, 2151039.211658109910786 ], [ 488392.494556575024035, 2151043.980535020120442 ], [ 488366.272632615990005, 2151049.577282830141485 ], [ 488341.855831096996553, 2151056.718046349938959 ], [ 488298.550560552976094, 2151073.072698059957474 ], [ 488252.941818262974266, 2151094.725335299968719 ], [ 488232.243523516983259, 2151109.181288400199264 ], [ 488223.918073303007986, 2151114.995889040175825 ], [ 488190.748079118027817, 2151140.794775540009141 ], [ 488177.496046610991471, 2151152.328240450005978 ], [ 488146.610924209002405, 2151179.208077580202371 ], [ 488142.944015035987832, 2151182.399449789896607 ], [ 488097.805193368985783, 2151221.684519129805267 ], [ 488084.00043914001435, 2151233.699026979971677 ], [ 488053.684909990988672, 2151260.544418280012906 ], [ 488010.724041473993566, 2151298.587670640088618 ], [ 488006.159992654982489, 2151302.629284949973226 ], [ 487999.867567761975806, 2151307.4864282598719 ], [ 487997.166444670991041, 2151309.5714339800179 ], [ 487993.575142866990063, 2151312.343571559991688 ], [ 487991.292404860025272, 2151314.105624480172992 ], [ 487986.498777204018552, 2151317.805841300170869 ], [ 487977.805948362976778, 2151324.515864249784499 ], [ 487938.797619175980799, 2151356.952712099999189 ], [ 487893.23957066499861, 2151394.835890360176563 ], [ 487850.855021560972091, 2151430.080188179854304 ], [ 487817.009827221976593, 2151458.371127990074456 ], [ 487801.075076725974213, 2151471.697964820079505 ], [ 487753.318795536004473, 2151511.913783910218626 ], [ 487739.967940978007391, 2151523.156609749887139 ], [ 487716.017766127013601, 2151538.99462996982038 ], [ 487709.277271976985503, 2151543.452053910121322 ], [ 487688.981829472992104, 2151552.114743640180677 ], [ 487653.836063072027173, 2151561.519949920009822 ], [ 487625.574212634004653, 2151571.121237149927765 ], [ 487576.63629548199242, 2151587.746723169926554 ], [ 487526.589540607994422, 2151604.748910270165652 ], [ 487473.157123411016073, 2151622.901295119896531 ], [ 487423.051958025025669, 2151640.389420359861106 ], [ 487370.355232896981761, 2151658.803309440147132 ], [ 487321.188327796990052, 2151675.974111670162529 ], [ 487288.524900051997975, 2151687.381322619970888 ], [ 487243.263076830015052, 2151703.188333749771118 ], [ 487206.935222196974792, 2151715.875290689989924 ], [ 487198.246484022994991, 2151719.1208486398682 ], [ 487180.368193080998026, 2151725.799036900047213 ], [ 487166.209708553971723, 2151730.882127730175853 ], [ 487158.613597797986586, 2151733.419343370012939 ], [ 487113.48401615297189, 2151748.638131889980286 ], [ 487067.644544365000911, 2151764.096312580164522 ], [ 487020.810140622023027, 2151779.890008429996669 ], [ 486976.136931755987462, 2151795.769452290143818 ], [ 486930.686235942994244, 2151811.284990089945495 ], [ 486840.455583452014253, 2151843.344086579978466 ], [ 486749.368599520996213, 2151875.220184340141714 ], [ 486738.811283721006475, 2151878.901615750044584 ], [ 486728.241124176012818, 2151882.579458309803158 ], [ 486630.875390005996451, 2151917.280822160188109 ], [ 486623.342394609993789, 2151920.271021539811045 ], [ 486615.810339142975863, 2151923.272266599815339 ], [ 486586.354646380001213, 2151939.77059260988608 ], [ 486559.948020663985517, 2151954.013409799896181 ], [ 486522.100473590020556, 2151977.482196620199829 ], [ 486484.583472780010197, 2152000.620437149889767 ], [ 486445.413740682008211, 2152025.741955410223454 ], [ 486408.392559274972882, 2152048.714922789949924 ], [ 486309.959980852028821, 2152108.28457912011072 ], [ 486252.705269620986655, 2152144.573347880039364 ], [ 486212.617117910005618, 2152170.601370560005307 ], [ 486125.775504903984256, 2152225.061370249837637 ], [ 486112.718927549023647, 2152233.490300720091909 ], [ 486099.66235019400483, 2152241.91923118988052 ], [ 486072.722829815000296, 2152258.611819010227919 ], [ 486063.489357030019164, 2152264.0066575598903 ], [ 486058.013521127984859, 2152267.20602265978232 ], [ 486047.10549445997458, 2152273.486402249895036 ], [ 486044.64824020297965, 2152274.513981420081109 ], [ 486038.015472205006517, 2152277.28768469998613 ], [ 486030.247635015984997, 2152281.088967110030353 ], [ 486020.992339617980178, 2152284.559703280217946 ], [ 486010.74540541699389, 2152287.864828929770738 ], [ 486007.605215908028185, 2152289.187351529952139 ], [ 486004.960845788998995, 2152290.013717299792916 ], [ 485998.515193626983091, 2152291.996995139867067 ], [ 485991.573722063971218, 2152293.980272990185767 ], [ 485982.648972894006874, 2152295.798277739901096 ], [ 485974.054769958020188, 2152296.294097370002419 ], [ 485962.816196874016896, 2152296.294097640085965 ], [ 485951.412350672006141, 2152296.955190469976515 ], [ 485937.198861175973434, 2152296.624644530005753 ], [ 485927.11720002599759, 2152296.624644769821316 ], [ 485915.878626958001405, 2152297.285737600177526 ], [ 485907.119150869024452, 2152296.955191529821604 ], [ 485881.391757274977863, 2152294.729638979770243 ], [ 485859.355215160991065, 2152292.823364169802517 ], [ 485837.444466956018005, 2152293.672344789840281 ], [ 485710.092192922020331, 2152298.606554239988327 ], [ 485573.590681036002934, 2152303.934170159976929 ], [ 485452.528755977982655, 2152310.082047559786588 ], [ 485323.791538832010701, 2152318.325558229815215 ], [ 485276.3473563020234, 2152322.967829700093716 ], [ 485222.170987048011739, 2152325.951001110021025 ], [ 485207.213721278996672, 2152327.492770600132644 ], [ 485199.193054301023949, 2152329.057779060211033 ], [ 485193.519899630977307, 2152331.0140395401977 ], [ 485186.477362792997155, 2152333.165926080197096 ], [ 485179.521857042971533, 2152337.225802409928292 ], [ 485174.54417549201753, 2152341.577845789957792 ], [ 485169.734449687995948, 2152346.864303439855576 ], [ 485167.501638785994146, 2152349.011382210068405 ], [ 485164.958500528999139, 2152351.554773710202426 ], [ 485158.89409394399263, 2152358.792937079910189 ], [ 485154.394695473019965, 2152362.705204859841615 ], [ 485150.09092301101191, 2152366.031100519932806 ], [ 485146.374028592021205, 2152368.182733989786357 ], [ 485143.048386213020422, 2152369.747995319776237 ], [ 485139.527117806021124, 2152371.313003669958562 ], [ 485130.260347275994718, 2152372.889595380052924 ], [ 485114.867127349018119, 2152375.688616139814258 ], [ 485097.355183009000029, 2152371.519105880055577 ], [ 485079.84323860600125, 2152364.847889190074056 ], [ 485061.497392075019889, 2152357.342770390212536 ], [ 485044.778322228987236, 2152346.642565850168467 ], [ 485040.649839073012117, 2152344.000336669851094 ], [ 485037.949020134983584, 2152341.637120120227337 ], [ 485020.636188070988283, 2152326.488392219878733 ], [ 484998.954732833022717, 2152308.142545680049807 ], [ 484985.214626330009196, 2152301.354115969967097 ], [ 484988.294916930026375, 2152322.204825390130281 ], [ 484987.996542532986496, 2152337.197979279793799 ], [ 484986.224698823993094, 2152356.908026829827577 ], [ 484924.362065371999051, 2152525.130585 ], [ 484920.209455601987429, 2152537.471162229776382 ], [ 484917.446549070999026, 2152545.68186907004565 ], [ 484844.903094024979509, 2152755.3141596801579 ], [ 484838.021388770022895, 2152775.200552400201559 ], [ 484817.569598886999302, 2152835.851257849950343 ], [ 484777.238401353999507, 2152948.892233899794519 ], [ 484696.007961213996168, 2153173.270050659775734 ], [ 484691.751745548972394, 2153184.628293680027127 ], [ 484687.487112538015936, 2153195.97428866988048 ], [ 484623.86624149401905, 2153364.701251300051808 ], [ 484582.398953985015396, 2153481.718542980030179 ], [ 484565.257943990000058, 2153529.053528780117631 ], [ 484539.865860070975032, 2153600.275879160035402 ], [ 484508.446230089990422, 2153688.404915870167315 ], [ 484477.02660012000706, 2153776.533952559810132 ], [ 484470.837329429981764, 2153794.197849260177463 ], [ 484452.495921630994417, 2153846.543391889892519 ], [ 484377.982807275024243, 2154055.376225419808179 ], [ 484288.601144012005534, 2154305.880128980148584 ], [ 484208.584893480991013, 2154532.267598240170628 ], [ 484067.558845814026427, 2154931.268174210097641 ], [ 483948.950783286010846, 2155256.901259679812938 ], [ 483940.89687935798429, 2155279.826717619784176 ], [ 483927.558460532978643, 2155317.77322797011584 ], [ 483922.139917585998774, 2155333.188458130229264 ], [ 483915.604496053012554, 2155351.78109973995015 ], [ 483840.64261457498651, 2155565.040395979769528 ], [ 483818.971757885010447, 2155626.9354647397995 ], [ 483657.658132523007225, 2156086.175399689935148 ], [ 483641.159680576005485, 2156136.143698779866099 ], [ 483637.093744863988832, 2156148.458059689961374 ], [ 483590.42576386599103, 2156289.799783139955252 ], [ 483529.052871370979119, 2156463.468914260156453 ], [ 483515.400629821990151, 2156493.65081381984055 ], [ 483464.287875393987633, 2156618.238167860079557 ], [ 483423.292883065005299, 2156730.325673089828342 ], [ 483392.182383183971979, 2156815.387387149967253 ], [ 483324.184166021994315, 2157005.919329300057143 ], [ 483283.02653781697154, 2157118.101173560135067 ], [ 483272.615048227016814, 2157146.479420760180801 ], [ 483241.801870363997295, 2157232.382836970034987 ], [ 483240.5360836230102, 2157235.91169743007049 ], [ 483197.315009145007934, 2157356.406829980202019 ], [ 483194.43296006397577, 2157364.113670589867979 ], [ 483191.55091051798081, 2157371.820553460158408 ], [ 483134.116035168000963, 2157525.406899250112474 ], [ 483115.397693692008033, 2157575.461517880205065 ], [ 483089.029441534017678, 2157668.209169330075383 ], [ 483038.90636555099627, 2157811.490304700098932 ], [ 482985.251216828997713, 2157958.899681549984962 ], [ 482923.183247537002899, 2158124.254027930088341 ], [ 482908.769822406989988, 2158132.421030709985644 ], [ 482712.09322176798014, 2158255.584472740069032 ], [ 482589.274601169978268, 2158332.713137739803642 ], [ 482579.163266593997832, 2158338.828289160039276 ], [ 482537.015428229991812, 2158365.469784849788994 ], [ 482493.451495805988088, 2158392.502981000114232 ], [ 482448.224962087988388, 2158420.824887849856168 ], [ 482440.460315635020379, 2158426.368848400190473 ], [ 482401.802116814011242, 2158449.895948680117726 ], [ 482394.738073498010635, 2158454.319616199936718 ], [ 482349.939059433003422, 2158484.680507279932499 ], [ 482346.573524830979295, 2158486.979162080213428 ], [ 482304.073651894985233, 2158515.814412789884955 ], [ 482255.774769479001407, 2158548.545190580189228 ], [ 482216.956329155014828, 2158574.852700760122389 ], [ 482169.375608292000834, 2158607.094011870212853 ], [ 482163.215709556010552, 2158609.260354159865528 ], [ 482118.114752159977797, 2158624.863441300112754 ], [ 482070.774054886016529, 2158638.759549289941788 ], [ 482022.334331765014213, 2158658.037186979781836 ], [ 481972.945235571009107, 2158675.136976500041783 ], [ 481924.07770480302861, 2158692.549547330010682 ], [ 481874.127583148016129, 2158709.323878330178559 ], [ 481823.035503479011822, 2158725.685605269856751 ], [ 481774.981704985024408, 2158745.675715540070087 ], [ 481728.181364853982814, 2158760.725932570174336 ], [ 481644.929217753990088, 2158790.657061649952084 ], [ 481695.663155572023243, 2158843.279628530144691 ], [ 481749.935040275973734, 2158899.947968860156834 ], [ 481795.3103286770056, 2158943.996999050024897 ], [ 481837.37989517202368, 2158984.836929100099951 ], [ 481924.824750042986125, 2159069.725889340043068 ], [ 481962.817047575023025, 2159106.878562970086932 ], [ 482025.783394292986486, 2159168.453360610175878 ], [ 482042.221508788992651, 2159189.34412448015064 ], [ 482038.345087664027233, 2159192.242444280069321 ], [ 482031.791056965012103, 2159197.199464050121605 ], [ 481953.326664720021654, 2159256.544579039793462 ], [ 481948.691048612992745, 2159260.050616799853742 ], [ 481929.848011564987246, 2159274.302199 ], [ 481861.298361528024543, 2159326.148457639850676 ], [ 481851.304889252991416, 2159333.706835370045155 ], [ 481780.650878430984449, 2159387.117139639798552 ], [ 481764.485877720988356, 2159399.341510519850999 ], [ 481726.286892361997161, 2159428.228522209916264 ], [ 481714.938959005987272, 2159436.810108359903097 ], [ 481676.784097982977983, 2159465.699774399865419 ], [ 481649.017785443982575, 2159486.691591470036656 ], [ 481586.398311352008022, 2159534.033007190097123 ], [ 481573.760521133022849, 2159543.587397249881178 ], [ 481513.600267843983602, 2159589.069599110167474 ], [ 481502.865415005013347, 2159597.185335279908031 ], [ 481514.787339590024203, 2159650.13270623004064 ], [ 481516.67086128302617, 2159658.344793649856001 ], [ 481522.321426363021601, 2159682.981055920012295 ], [ 481650.809901356988121, 2159662.820100829936564 ], [ 481744.806427208008245, 2159631.730601760093123 ], [ 481837.598544344014954, 2159595.755505859851837 ], [ 482036.408794927003328, 2159527.354276929982007 ], [ 482138.528210639022291, 2159492.219748899806291 ], [ 482154.579076123016421, 2159486.697400350123644 ], [ 482176.227482072019484, 2159479.249201159924269 ], [ 482182.668394197011366, 2159477.085358850192279 ], [ 482243.951416973024607, 2159456.497157270088792 ], [ 482522.293083639990073, 2159361.247157270088792 ], [ 482708.559750306012575, 2159302.509657269809395 ], [ 482924.837558555998839, 2159243.611401279922575 ], [ 483140.174820028012618, 2159176.384671320207417 ], [ 483255.262814278015867, 2159140.455034899991006 ], [ 483265.052313706022687, 2159137.398824240081012 ], [ 483329.562678088026587, 2159179.750682489946485 ], [ 483460.906805036007427, 2159227.966170169878751 ], [ 483531.706624799000565, 2159253.95624990016222 ], [ 483559.34427322098054, 2159264.101828920189291 ], [ 483361.099832760985009, 2159358.071772830095142 ], [ 483362.124261166027281, 2159362.196657709777355 ], [ 483363.308015985006932, 2159366.963074109982699 ], [ 483366.659501320973504, 2159372.510400670114905 ], [ 483371.975650347012561, 2159376.786433519795537 ], [ 483395.898321289976593, 2159407.180897030048072 ], [ 483428.257489713025279, 2159448.670013580005616 ], [ 483466.502432935987599, 2159499.259086930193007 ], [ 483470.370024283009116, 2159504.274869369808584 ], [ 483485.796264104021247, 2159523.950861799996346 ], [ 483513.774474574020132, 2159555.778561810031533 ], [ 483529.598739198001567, 2159573.780059679877013 ], [ 483558.114302940026391, 2159608.163489719852805 ], [ 483661.718959819001611, 2159733.087511859834194 ], [ 483528.364608953997958, 2159806.980972080025822 ], [ 483522.397437723993789, 2159817.4317592298612 ], [ 483512.372062393988017, 2159827.609035179950297 ], [ 483486.852924845996313, 2159841.280003199819475 ], [ 483373.991501080978196, 2159902.343660349957645 ], [ 483353.170622319972608, 2159912.025465069804341 ], [ 483342.139624728995841, 2159902.103970889933407 ], [ 483304.041715390980244, 2159925.478303580079228 ], [ 483323.403614596987609, 2159948.712594579905272 ], [ 483369.529851383005735, 2160004.064065520185977 ], [ 483420.912651784019545, 2160072.815698680002242 ], [ 483431.525287014024798, 2160087.015703320037574 ], [ 483447.051674494985491, 2160108.103792270179838 ], [ 483490.028022064012475, 2160166.47464059991762 ], [ 483633.981080959027167, 2160335.364597660023719 ], [ 483711.814508886018302, 2160426.680829950142652 ], [ 483853.26888281700667, 2160612.66717346990481 ], [ 483894.10430892300792, 2160684.443660839926451 ], [ 483926.11389701400185, 2160743.270514570176601 ], [ 483960.739246232027654, 2160800.132306720130146 ], [ 483988.395470901974477, 2160847.552134959958494 ], [ 484015.627549806027673, 2160889.983748939819634 ], [ 484046.172379116993397, 2160940.557367530185729 ], [ 484053.671584990981501, 2160951.855305749922991 ], [ 484095.89311500400072, 2161021.954624040052295 ], [ 484117.324170675012283, 2161057.035483609884977 ], [ 484142.792946666013449, 2161098.728812189772725 ], [ 484151.838833576010074, 2161113.542729570064694 ], [ 483968.325200902007055, 2161215.095705439802259 ], [ 483828.266072784026619, 2161281.306479670107365 ], [ 483808.421096571022645, 2161290.687889100052416 ], [ 483779.697246388008352, 2161306.393018609844148 ], [ 483706.967857602983713, 2161346.158730729948729 ], [ 483654.265273781027645, 2161374.010286800097674 ], [ 483580.061971132992767, 2161413.224357020109892 ], [ 483527.714422427990939, 2161433.99268051981926 ], [ 483518.608489121019375, 2161437.605361029971391 ], [ 483405.72111463197507, 2161484.363450789824128 ], [ 483354.951088693982456, 2161501.072575519792736 ], [ 483350.632479437976144, 2161502.493890769779682 ], [ 483326.566357781994157, 2161510.414386969991028 ], [ 483301.244409346021712, 2161524.454272519797087 ], [ 483295.395502531027887, 2161517.664272120222449 ], [ 483266.573345759010408, 2161534.193831759970635 ], [ 483263.577756441023666, 2161535.554597809910774 ], [ 483259.981366118998267, 2161537.089363289996982 ], [ 483257.120640098990407, 2161538.89683132013306 ], [ 483200.348862627986819, 2161574.458229459822178 ], [ 483255.305825575022027, 2161625.988880729768425 ], [ 483247.948892846005037, 2161641.031707379966974 ], [ 483063.420283380022738, 2161632.313825219869614 ], [ 483236.325052572006825, 2161960.687540019862354 ], [ 483410.801206074014772, 2162076.664585730060935 ], [ 483448.187652249995153, 2162110.331066079903394 ], [ 483488.397617937007453, 2162186.626896350178868 ], [ 483502.903483634989243, 2162215.866363950073719 ], [ 483505.057950728980359, 2162281.577556710224599 ], [ 483494.285625932971016, 2162333.284725119825453 ], [ 483473.813421851024032, 2162386.507745840121061 ], [ 483429.865448763011955, 2162456.266867170110345 ], [ 483411.520670904021244, 2162529.645990420132875 ], [ 483407.444055501022376, 2162613.216658079996705 ], [ 483460.440088407020085, 2162684.557470350060612 ], [ 483535.857519896002486, 2162788.511186639778316 ], [ 483841.60385779599892, 2163002.533658150117844 ], [ 483929.251140608976129, 2163039.223178459797055 ], [ 484033.204893453978002, 2163039.223214290104806 ], [ 484104.545702352013905, 2162969.920668940059841 ], [ 484151.426806526025757, 2162967.882397400215268 ], [ 484480.737711459980346, 2163261.034051469992846 ], [ 484610.046317806991283, 2163479.497934860177338 ], [ 484601.893088382028509, 2163711.865118349902332 ], [ 484627.311514096974861, 2163874.69322645990178 ], [ 484634.5060366980033, 2163952.385613089893013 ], [ 484687.502070475020446, 2164067.550067930016667 ], [ 484987.133482513017952, 2164353.93246900010854 ], [ 485075.796322020993102, 2164405.90192587999627 ], [ 485103.317090357013512, 2164432.407323069870472 ], [ 485130.834260835021269, 2164458.905338849872351 ], [ 485293.898976362019312, 2164682.100203520152718 ], [ 485307.147986356983893, 2164774.843260739929974 ], [ 485277.592511212977115, 2164915.486579489894211 ], [ 485330.588545388018247, 2165055.110741669777781 ], [ 485434.54230433201883, 2165316.014285420067608 ], [ 485736.212020042003132, 2165429.140425090212375 ], [ 485763.729190292011481, 2165449.523513969965279 ], [ 485817.744377658003941, 2165544.304879060015082 ], [ 485819.782692959997803, 2165811.323351960163563 ], [ 486020.55611940898234, 2165928.526112009771168 ], [ 486148.930206599005032, 2165923.680047700181603 ], [ 486299.8044364710222, 2166013.11589 ], [ 486337.513144541997463, 2166029.422367149963975 ], [ 486375.322996294009499, 2166045.514168569818139 ], [ 486509.750251382007264, 2166074.265153809916228 ], [ 486643.841523389972281, 2166212.890522350091487 ], [ 486837.633790525025688, 2166529.508871309924871 ], [ 486884.034754296997562, 2166534.967807409819216 ] ] ] ] } },
{ "type": "Feature", "properties": { "ID": 2.0, "ENTIDAD": 9, "MUNICIPIO": 6, "NOMBRE": "IZTACALCO", "CONTROL": 2.0, "GEOMETRY1_": null, "ClaveEnt": "09" }, "geometry": { "type": "MultiPolygon", "coordinates": [ [ [ [ 494116.361649208003655, 2147539.020704039838165 ], [ 494124.321271280990914, 2147498.301882530096918 ], [ 494119.294476377021056, 2147364.693135720212013 ], [ 494110.305204414005857, 2147283.03541278000921 ], [ 494103.593853419995867, 2147222.070197429973632 ], [ 494090.808010768028907, 2147105.924783519934863 ], [ 494084.575706080999225, 2147049.311103289946914 ], [ 494082.056649881997146, 2147026.428326500114053 ], [ 494073.003855424991343, 2146942.660578770097345 ], [ 494063.168959095026366, 2146851.655848870053887 ], [ 494059.199253168015275, 2146812.446714169811457 ], [ 494052.682988265005406, 2146746.662665630225092 ], [ 494049.061032373982016, 2146710.097783859819174 ], [ 494043.743247764010448, 2146656.412932000122964 ], [ 494039.660987571987789, 2146615.201121100224555 ], [ 494037.256957112986129, 2146592.178482609800994 ], [ 494031.189870278001763, 2146533.376671609934419 ], [ 494026.216299459978472, 2146485.20265035983175 ], [ 494025.388987065991387, 2146477.410454810131341 ], [ 494024.288031122996472, 2146467.519311309792101 ], [ 494023.345728054002393, 2146457.697323250118643 ], [ 494022.933450998971239, 2146453.719720920082182 ], [ 494006.578560695983469, 2146292.707955699879676 ], [ 493998.349746869003866, 2146211.295478079933673 ], [ 493992.923647756979335, 2146157.787757629994303 ], [ 493989.809234530024696, 2146127.075979440007359 ], [ 493979.636126520985272, 2146034.02289697015658 ], [ 493975.565542368975002, 2145996.90320678986609 ], [ 493972.732737843005452, 2145967.054627710022032 ], [ 493962.565111314004753, 2145867.741634250152856 ], [ 493957.254557684005704, 2145816.180179560091347 ], [ 493949.454569226014428, 2145731.501805670093745 ], [ 493943.206365777004976, 2145682.020604019984603 ], [ 493937.553949970984831, 2145628.040247340220958 ], [ 493931.817434029013384, 2145570.984439500141889 ], [ 493926.845508068974596, 2145515.818843780085444 ], [ 493921.061419038975146, 2145464.004326359834522 ], [ 493914.533347573014908, 2145402.150849500205368 ], [ 493912.651955004024785, 2145384.324738089926541 ], [ 493891.727135479974095, 2145186.061990899965167 ], [ 493880.557308414019644, 2145081.56610930012539 ], [ 493873.723267983004916, 2144921.77514939988032 ], [ 493872.694452647003345, 2144903.693077300209552 ], [ 493871.726272789994255, 2144886.563097060192376 ], [ 493870.524837039993145, 2144867.8973228498362 ], [ 493865.469729610020295, 2144829.785863810218871 ], [ 493860.337774513987824, 2144772.171670690178871 ], [ 493848.275100034021307, 2144655.289353230036795 ], [ 493843.692070949007757, 2144604.638747320044786 ], [ 493826.756272297992837, 2144546.790569469798356 ], [ 493800.546439179976005, 2144457.264759739860892 ], [ 493792.399517338024452, 2144405.272152150049806 ], [ 493778.633541587973014, 2144317.419465090148151 ], [ 493764.988497650017962, 2144237.067827240098268 ], [ 493757.522424875001889, 2144193.46235084021464 ], [ 493748.911465279990807, 2144136.527950009796768 ], [ 493738.1375554149854, 2144060.485453750006855 ], [ 493723.126952346996404, 2143972.32489993982017 ], [ 493718.573290363012347, 2143947.37875840999186 ], [ 493708.980199391022325, 2143887.031437479890883 ], [ 493694.415118789998814, 2143795.406788450200111 ], [ 493688.437511028023437, 2143757.802979149855673 ], [ 493672.730363711016253, 2143658.993995650205761 ], [ 493667.104009645001497, 2143623.600224849767983 ], [ 493659.54888341401238, 2143558.200520710088313 ], [ 493651.172980698989704, 2143511.509496490005404 ], [ 493644.581787546980195, 2143463.031817120034248 ], [ 493637.227414008986671, 2143412.53389177005738 ], [ 493629.598993482999504, 2143360.154255580157042 ], [ 493617.872305646014865, 2143268.277910210192204 ], [ 493612.310185088019352, 2143222.86136707989499 ], [ 493603.256009988021106, 2143172.150134860072285 ], [ 493313.622487507003825, 2143224.978639119770378 ], [ 493082.962178313988261, 2143267.441196050029248 ], [ 493027.762974697980098, 2143278.047319709789008 ], [ 492988.335433239000849, 2143288.428852700162679 ], [ 492898.340041575022042, 2143334.026714030187577 ], [ 492755.479870318027679, 2143414.218389729969203 ], [ 492705.374309908016585, 2143442.319373779930174 ], [ 492652.525751571985893, 2143471.958728829864413 ], [ 492601.695792889979202, 2143500.465981250163168 ], [ 492551.599309624987654, 2143528.561874529812485 ], [ 492503.39190399798099, 2143555.598305739928037 ], [ 492465.101648444018792, 2143576.063313399907202 ], [ 492426.811392894014716, 2143596.528321059886366 ], [ 492380.640924595005345, 2143621.205069070216268 ], [ 492330.181225110020023, 2143648.174284129869193 ], [ 492283.530099363997579, 2143673.107929320074618 ], [ 492241.258984574989881, 2143695.700588370207697 ], [ 492193.094252721988596, 2143721.443211209960282 ], [ 492142.782454564992804, 2143748.333377410192043 ], [ 492035.514921056979802, 2143807.925764769781381 ], [ 492023.776604451995809, 2143814.446976619772613 ], [ 491987.333110436971765, 2143834.69312884984538 ], [ 491980.900878040993121, 2143838.266550110187382 ], [ 491937.780050350993406, 2143862.222289409954101 ], [ 491886.639655222010333, 2143890.633292620070279 ], [ 491880.746381426986773, 2143893.907295890152454 ], [ 491825.340970056015067, 2143923.659886879846454 ], [ 491772.97798236698145, 2143951.782426119782031 ], [ 491767.546164181025233, 2143954.693509050179273 ], [ 491722.946362848975696, 2143978.612365500070155 ], [ 491717.484695008024573, 2143981.534619740210474 ], [ 491667.888042427017353, 2144008.187113619875163 ], [ 491662.392222898022737, 2144011.14186456007883 ], [ 491606.750362012011465, 2144041.089614780154079 ], [ 491600.725826482987031, 2144044.387913700193167 ], [ 491593.43829589599045, 2144048.377674280200154 ], [ 491558.49770329502644, 2144067.506901029963046 ], [ 491551.686313450976741, 2144071.247052039951086 ], [ 491519.965746473986655, 2144088.646302879787982 ], [ 491503.608810952981003, 2144097.349094689823687 ], [ 491482.607794588024262, 2144108.208435929846019 ], [ 491449.367560632992536, 2144125.342715490143746 ], [ 491411.381173959001899, 2144147.671997390221804 ], [ 491396.016276747977827, 2144156.703841470181942 ], [ 491376.452660653972998, 2144167.528115860186517 ], [ 491348.806194171018433, 2144182.824518019799143 ], [ 491342.384626985993236, 2144186.805549529846758 ], [ 491304.694989920011722, 2144206.839009909890592 ], [ 491267.232799536024686, 2144227.806050790008157 ], [ 491260.211321482027415, 2144231.260437690187246 ], [ 491221.218328137998469, 2144252.667497950140387 ], [ 491215.600058101990726, 2144255.751914780121297 ], [ 491178.384954223001841, 2144276.182917980011553 ], [ 491175.924410948005971, 2144262.191695380024612 ], [ 491163.861049531027675, 2144193.596610500011593 ], [ 491156.504393111972604, 2144149.895801560021937 ], [ 491148.043825704022311, 2144101.064299679826945 ], [ 491147.009575287986081, 2144095.47660967009142 ], [ 491139.959558859991375, 2144057.38785886997357 ], [ 491138.904131332004908, 2144051.685756400227547 ], [ 491126.052173282019794, 2143978.048997879959643 ], [ 491116.787341910006944, 2143920.385215200018138 ], [ 491090.84697687800508, 2143946.88943151012063 ], [ 490916.182015230006073, 2143989.123975920025259 ], [ 490891.535626936994959, 2144000.58684511994943 ], [ 490880.233160600997508, 2144009.255732640158385 ], [ 490719.594894169014879, 2144057.882408100180328 ], [ 490712.587833117984701, 2144060.003509699832648 ], [ 490698.810010467015672, 2144064.393239569850266 ], [ 490673.183620825002436, 2144023.459318819921464 ], [ 490654.922743207018357, 2143993.970001690089703 ], [ 490637.868071629025508, 2143966.705010150093585 ], [ 490618.623347243992612, 2143935.757032060064375 ], [ 490599.50920531200245, 2143905.052797629963607 ], [ 490581.280547632020898, 2143875.751421300228685 ], [ 490561.67984155198792, 2143844.188338180072606 ], [ 490524.807532243023161, 2143783.407426610123366 ], [ 490506.551927727996372, 2143753.31288798013702 ], [ 490501.309235453023575, 2143744.672453800216317 ], [ 490487.985100759018678, 2143722.712876019999385 ], [ 490469.897968670993578, 2143692.887382199987769 ], [ 490451.402576398977544, 2143662.474532600026578 ], [ 490427.923107695998624, 2143624.316321909893304 ], [ 490383.311503855977207, 2143549.613730359822512 ], [ 490349.669452144997194, 2143493.279767190106213 ], [ 490313.749966692004818, 2143433.132217700127512 ], [ 490308.453627113020048, 2143424.263442359864712 ], [ 490247.567894481006078, 2143322.30965405004099 ], [ 490236.755386843986344, 2143304.33955910988152 ], [ 490213.96509142202558, 2143266.462705169804394 ], [ 490203.388464328018017, 2143248.884637299925089 ], [ 490174.781860831019003, 2143201.341236819978803 ], [ 490130.890844079025555, 2143128.395555349998176 ], [ 490093.633990698028356, 2143062.935643 ], [ 490071.20447899698047, 2143023.48935313988477 ], [ 490053.866602052992675, 2142993.031660890206695 ], [ 490034.499424580018967, 2142959.036811950150877 ], [ 490015.166658620000817, 2142925.069338859990239 ], [ 489996.594127450021915, 2142892.437590550165623 ], [ 489958.750782841991168, 2142825.947219119872898 ], [ 489938.937056729977485, 2142835.793433549813926 ], [ 489880.233846543997061, 2142848.803912180010229 ], [ 489843.139277657028288, 2142853.500971890054643 ], [ 489804.050085800990928, 2142857.720828690100461 ], [ 489776.634592342015821, 2142860.680456430185586 ], [ 489741.92841849202523, 2142864.427146430127323 ], [ 489706.411978713993449, 2142868.261308330111206 ], [ 489671.028969905979466, 2142871.709517249837518 ], [ 489627.631725450977683, 2142876.765996519941837 ], [ 489589.028240381972864, 2142880.985459280200303 ], [ 489550.424755316984374, 2142885.204922049771994 ], [ 489413.123009960982017, 2142899.194190429989249 ], [ 489385.917379295977298, 2142902.267054869793355 ], [ 489371.591317219019402, 2142903.368999470025301 ], [ 489362.963596960995346, 2142904.180152839981019 ], [ 489333.166024027974345, 2142907.564800620079041 ], [ 489181.295392972999252, 2142928.877481299918145 ], [ 489144.118178013013676, 2142934.094725119881332 ], [ 489137.752134050999302, 2142935.102850229945034 ], [ 489105.355503816972487, 2142939.534463480114937 ], [ 489055.373663026024587, 2142946.417473370209336 ], [ 488998.444046056014486, 2142954.537823580205441 ], [ 488966.625601154984906, 2142958.955527639947832 ], [ 488927.040410566027276, 2142964.451574279926717 ], [ 488905.482765680993907, 2142966.944465409964323 ], [ 488899.632122326991521, 2142967.453996879979968 ], [ 488880.176084663020447, 2142969.148419700097293 ], [ 488866.859545886982232, 2142970.431267300155014 ], [ 488835.297596935997717, 2142975.615345269907266 ], [ 488793.935764103021938, 2142981.709870419930667 ], [ 488773.679667031974532, 2142984.085398950148374 ], [ 488746.305823801027145, 2142987.031839659903198 ], [ 488722.530702880001627, 2142989.269844419788569 ], [ 488661.100275960983709, 2142994.919837339781225 ], [ 488605.11788387701381, 2143000.068753509782255 ], [ 488587.229226995026693, 2143002.19024094985798 ], [ 488580.428073715011124, 2143002.996816960163414 ], [ 488572.512198430020362, 2143004.035134459845722 ], [ 488565.798196178977378, 2143004.929293420165777 ], [ 488537.534607718000188, 2143008.693388210143894 ], [ 488505.63997948798351, 2143012.782443920150399 ], [ 488456.784015608020127, 2143019.920891679823399 ], [ 488385.66051083401544, 2143033.301013169810176 ], [ 488357.912529841996729, 2143037.779736630152911 ], [ 488333.374722369015217, 2143041.572824439965189 ], [ 488308.565594926010817, 2143045.817819740157574 ], [ 488285.947394998976961, 2143049.395426370203495 ], [ 488273.015489601006266, 2143051.372608030214906 ], [ 488238.879889176983852, 2143056.303191099781543 ], [ 488230.978980036976282, 2143057.494451710022986 ], [ 488201.925632775994018, 2143061.874973969999701 ], [ 488165.886025947984308, 2143068.107048910111189 ], [ 488156.410389260970987, 2143069.631220099981874 ], [ 488128.547330360976048, 2143073.939607029780746 ], [ 488093.158944091992453, 2143078.446976909879595 ], [ 488057.437931346008554, 2143082.481814910192043 ], [ 488019.386182783986442, 2143086.669978249818087 ], [ 487984.415484100987669, 2143091.314886270090938 ], [ 487950.171636519022286, 2143096.111121640074998 ], [ 487919.666170837997925, 2143100.352920140139759 ], [ 487885.815713524003513, 2143105.567615760024637 ], [ 487850.870795933995396, 2143108.11089444020763 ], [ 487814.734215995005798, 2143112.052439460065216 ], [ 487780.473546702007297, 2143116.906080699991435 ], [ 487746.613551409973297, 2143119.130213810130954 ], [ 487712.425840548996348, 2143122.060343699995428 ], [ 487677.063282151008025, 2143125.363267260137945 ], [ 487646.713644409028348, 2143123.692300099879503 ], [ 487638.666527259978466, 2143123.249248079955578 ], [ 487629.386403378972318, 2143123.80491812992841 ], [ 487600.851603904971853, 2143125.513508849777281 ], [ 487566.679480190970935, 2143130.136198840104043 ], [ 487527.694785378989764, 2143132.904364840127528 ], [ 487349.657901477999985, 2143138.838050430174917 ], [ 487344.23078997398261, 2143139.014372020028532 ], [ 487307.649168169009499, 2143141.548195790033787 ], [ 487280.688177670002915, 2143143.640606 ], [ 487151.789885036996566, 2143153.036578829865903 ], [ 487147.985432417015545, 2143038.907175450120121 ], [ 487139.352837771992199, 2142897.429751920048147 ], [ 487142.794678666978143, 2142631.87257880019024 ], [ 487147.951007295981981, 2142397.901565569918603 ], [ 487114.591545136005152, 2142403.664641549810767 ], [ 487063.464554935984779, 2142412.850880110170692 ], [ 487023.457287767028902, 2142421.175567930098623 ], [ 486981.368615211977158, 2142429.568877529818565 ], [ 486965.752097153977957, 2142432.895192610099912 ], [ 486927.9913666099892, 2142440.747025350108743 ], [ 486914.632218429003842, 2142443.163816149812192 ], [ 486869.427958842017688, 2142451.534976730123162 ], [ 486806.408014639979228, 2142464.337437579873949 ], [ 486776.156624520022888, 2142470.328387749847025 ], [ 486770.42384232499171, 2142471.454105400014669 ], [ 486727.779831096995622, 2142479.827717979904264 ], [ 486700.602444485994056, 2142485.164582579862326 ], [ 486682.729174433974549, 2142488.674266850110143 ], [ 486641.815800030017272, 2142496.708220679778606 ], [ 486632.341011754004285, 2142498.568737260065973 ], [ 486615.874638702021912, 2142501.802156229969114 ], [ 486597.310603155987337, 2142505.471860290039331 ], [ 486549.902703456988093, 2142514.754396149888635 ], [ 486514.594342150026932, 2142521.667824749834836 ], [ 486441.856993179011624, 2142536.442311319988221 ], [ 486401.604140145005658, 2142544.618513020221144 ], [ 486378.594120357010979, 2142548.023374049924314 ], [ 486340.049912125978153, 2142552.687671069987118 ], [ 486327.042136369971558, 2142554.041503139771521 ], [ 486288.82452220498817, 2142558.019141789991409 ], [ 486260.382917153998278, 2142561.543970790226012 ], [ 486236.771652001014445, 2142564.470002850051969 ], [ 486203.391000967996661, 2142568.742413229774684 ], [ 486184.758442120975815, 2142571.07009949022904 ], [ 486137.26604016701458, 2142576.968676370102912 ], [ 486090.476560698007233, 2142582.856721569783986 ], [ 486045.665862747002393, 2142586.443898070137948 ], [ 485998.104542723973282, 2142590.836679370142519 ], [ 485945.528784518013708, 2142594.884568119887263 ], [ 485911.927040894981474, 2142596.159732469823211 ], [ 485787.34765948401764, 2142583.314091430045664 ], [ 485762.141654166975059, 2142578.72435843013227 ], [ 485777.811063473985996, 2142662.191020439844579 ], [ 485808.805252225021832, 2142809.607118859887123 ], [ 485840.186500669980887, 2142958.366439590230584 ], [ 485854.706758580985479, 2143036.124678399879485 ], [ 485869.636155025975313, 2143110.939707309938967 ], [ 485880.427718301012646, 2143169.694045229814947 ], [ 485895.234621760027949, 2143244.256663780193776 ], [ 485921.012676214973908, 2143385.009910630062222 ], [ 485949.497985464986414, 2143519.307082970160991 ], [ 485966.441233885008842, 2143600.058941789902747 ], [ 485977.323452371987514, 2143651.923811450134963 ], [ 485987.201744412013795, 2143699.003947719931602 ], [ 486011.76422975002788, 2143816.071545610204339 ], [ 486030.90941424499033, 2143907.390272799879313 ], [ 486053.874110743985511, 2144016.92731360020116 ], [ 486075.260443607985508, 2144122.524114530067891 ], [ 486088.293605401995592, 2144121.196291700005531 ], [ 486121.843398331024218, 2144269.111826450098306 ], [ 486128.855670602002647, 2144306.783906450029463 ], [ 486131.165082685998641, 2144319.190777350217104 ], [ 486142.532705302000977, 2144371.86076213978231 ], [ 486167.783050430007279, 2144492.758958769962192 ], [ 486194.14780062698992, 2144608.567945550195873 ], [ 486203.714793391001876, 2144656.033879559952766 ], [ 486226.430693160975352, 2144714.954114350024611 ], [ 486242.83118448901223, 2144751.723384240176529 ], [ 486245.972931005991995, 2144836.193632480222732 ], [ 486248.337950445013121, 2144960.407995999790728 ], [ 486182.492229235998821, 2144962.157158279791474 ], [ 486146.512476767995395, 2144962.157159119844437 ], [ 486091.31764339300571, 2144965.13489888003096 ], [ 486036.338431452983059, 2144967.916867639869452 ], [ 485978.495118336984888, 2144969.518794879782945 ], [ 485921.175607850018423, 2144971.238638270180672 ], [ 485853.734522273007315, 2144974.841818809974939 ], [ 485793.968840649991762, 2144978.03492490015924 ], [ 485734.203159030992538, 2144981.228031000122428 ], [ 485682.061672967975028, 2144984.013798560015857 ], [ 485599.839891560026444, 2144988.406668609939516 ], [ 485613.229916224023327, 2145084.792532209772617 ], [ 485621.380030305997934, 2145143.459771770052612 ], [ 485635.442266299971379, 2145244.684436759911478 ], [ 485659.763917298987508, 2145413.088757319841534 ], [ 485663.269337153004017, 2145437.360458650160581 ], [ 485668.253156884980854, 2145472.116812909953296 ], [ 485680.865790460025892, 2145471.342940629925579 ], [ 485692.343958191981073, 2145470.638675679918379 ], [ 485901.289939375012182, 2145457.818395049776882 ], [ 485944.87379254901316, 2145455.070106610190123 ], [ 485959.002072684001178, 2145454.184257039800286 ], [ 486008.691170122008771, 2145451.150321680121124 ], [ 486085.948531339003239, 2145445.719163539819419 ], [ 486139.632443774025887, 2145441.894585759844631 ], [ 486180.758441045007203, 2145438.964665629900992 ], [ 486234.973373949993402, 2145436.262944940011948 ], [ 486292.044270046986639, 2145439.258293190039694 ], [ 486343.702043938974384, 2145447.865089610219002 ], [ 486456.380856876028702, 2145480.044098889920861 ], [ 486479.074428604973946, 2145486.524968159850687 ], [ 486485.250497860019095, 2145488.4825614602305 ], [ 486569.52040953800315, 2145515.193112790118903 ], [ 486646.472943165979814, 2145539.963240730110556 ], [ 486786.568044797983021, 2145570.200822940096259 ], [ 486804.355155616009142, 2145574.039923809934407 ], [ 487058.394227124983445, 2145622.49277839018032 ], [ 487159.815119514008984, 2145641.67841354990378 ], [ 487163.205999622005038, 2145632.130647670011967 ], [ 487174.624628578021657, 2145613.863862719852477 ], [ 487197.130651318992022, 2145613.968809019774199 ], [ 487230.165969348978251, 2145608.095862609799951 ], [ 487244.816582296974957, 2145605.491308759897947 ], [ 487284.025014774990268, 2145613.968807130120695 ], [ 487293.989561653987039, 2145638.571380250155926 ], [ 487293.438549074984621, 2145655.790535870008171 ], [ 487293.065461463993415, 2145667.44953212980181 ], [ 487355.986316666007042, 2145678.766579459886998 ], [ 487452.546768867003266, 2145697.318161780014634 ], [ 487511.085191885998938, 2145706.544751729816198 ], [ 487557.022484768996947, 2145709.702924420125782 ], [ 487694.26402112597134, 2145709.511246290057898 ], [ 487896.484441318025347, 2145710.85299316002056 ], [ 487950.921028363984078, 2145716.411658740136772 ], [ 487995.088946518022567, 2145724.452468039933592 ], [ 488040.768802426988259, 2145732.558160129934549 ], [ 488042.646175873989705, 2145726.484304159879684 ], [ 488047.061525165976491, 2145712.199348940048367 ], [ 488063.733331341005396, 2145706.610549259930849 ], [ 488082.263283399981447, 2145703.151698430068791 ], [ 488119.36670477601001, 2145725.507049739826471 ], [ 488214.766262522025499, 2145746.033592760097235 ], [ 488335.838653657003306, 2145772.084003330208361 ], [ 488636.149123687006067, 2145837.735328610055149 ], [ 488757.249209821980912, 2145864.794320879969746 ], [ 488797.615905194019433, 2145873.666121620219201 ], [ 488873.352869478985667, 2145891.263541279826313 ], [ 489091.214530075027142, 2145941.883514119777828 ], [ 489143.172561220009811, 2145953.955918780062348 ], [ 489133.812902436999138, 2145963.209218529984355 ], [ 489121.420325017999858, 2145975.460972169879824 ], [ 489113.948513926006854, 2145982.8478768998757 ], [ 489174.16257076698821, 2145999.265833599958569 ], [ 489183.017253633996006, 2146001.680150249972939 ], [ 489299.878991902980488, 2146029.394395359791815 ], [ 489351.61225155700231, 2146043.251518039964139 ], [ 489410.27407259301981, 2146049.256270550191402 ], [ 489492.493002988980152, 2146064.73005711985752 ], [ 489584.41191953397356, 2146081.127651779912412 ], [ 489590.34650350100128, 2146082.160462719853967 ], [ 489696.68269305001013, 2146100.666423860006034 ], [ 489708.680423635989428, 2146101.964406750164926 ], [ 489716.747445070010144, 2146102.837143119890243 ], [ 489762.221528380003292, 2146106.877304339781404 ], [ 489800.155646446975879, 2146107.151803609915078 ], [ 489812.352379061980173, 2146107.199396799784154 ], [ 489871.762783019978087, 2146104.46703182021156 ], [ 489894.619115779991262, 2146103.415838109795004 ], [ 490091.152080047992058, 2146074.844046560116112 ], [ 490134.544316507992335, 2146068.502103299833834 ], [ 490155.240354656998534, 2146065.477297239936888 ], [ 490228.255194297002163, 2146055.203850800171494 ], [ 490264.657288298010826, 2146050.081947300117463 ], [ 490339.15977325901622, 2146039.222727300133556 ], [ 490351.874680762994103, 2146038.191788599826396 ], [ 490423.531775630021002, 2146028.226048689801246 ], [ 490509.723061739001423, 2146015.776347199920565 ], [ 490520.974445194995496, 2146014.151167070027441 ], [ 490814.412325532990508, 2145966.673584130126983 ], [ 491016.951491612999234, 2145937.040684579871595 ], [ 491219.490657692018431, 2145907.40778501983732 ], [ 491437.255700387991965, 2145876.267239610198885 ], [ 491472.334105952992104, 2145870.475590609945357 ], [ 491494.331097558024339, 2145867.655858939979225 ], [ 491530.511351232999004, 2145863.018015319947153 ], [ 491580.785035818000324, 2145856.721388520207256 ], [ 491617.915247460012324, 2145853.87224252987653 ], [ 491657.81421278801281, 2145859.572094370145351 ], [ 491701.108956323005259, 2145868.89031059993431 ], [ 491713.919369039009325, 2145867.722719249781221 ], [ 491729.776433434977662, 2145867.975775919854641 ], [ 491741.373517993022688, 2145867.605811870191246 ], [ 491764.466539222979918, 2145867.330894620157778 ], [ 491789.071603586024139, 2145872.554315960034728 ], [ 491800.553720404976048, 2145878.313741359859705 ], [ 491816.796422848012298, 2145886.548739669844508 ], [ 491820.030537875019945, 2145890.157821159809828 ], [ 491827.422514275996946, 2145902.932636280078441 ], [ 491883.425171456008684, 2145995.624420010019094 ], [ 491893.482842352008447, 2146012.387205 ], [ 491895.714752528001554, 2146016.87873318977654 ], [ 491898.642122838005889, 2146021.986234359908849 ], [ 491903.945377768017352, 2146030.701855089981109 ], [ 491905.757381755975075, 2146033.929328879807144 ], [ 491907.65237938798964, 2146037.661480170208961 ], [ 491917.330044202972203, 2146056.736736529972404 ], [ 491926.728142672975082, 2146075.916710960213095 ], [ 491929.765490131976549, 2146081.757076589856297 ], [ 491932.511749588011298, 2146086.621399119962007 ], [ 491935.994527332019061, 2146093.480644329916686 ], [ 491937.996534265985247, 2146097.431228709872812 ], [ 491939.99108572199475, 2146101.351767910178751 ], [ 491945.816131661995314, 2146113.576195579953492 ], [ 491950.375782857008744, 2146121.804173820186406 ], [ 492062.991794775007293, 2146305.271585819777101 ], [ 492083.531791036017239, 2146338.411215220112354 ], [ 492120.177466478024144, 2146399.249864690005779 ], [ 492128.71398974902695, 2146413.469793910160661 ], [ 492170.262583471019752, 2146482.680413169786334 ], [ 492234.219949964026455, 2146588.664040519855917 ], [ 492283.942191363021266, 2146671.038273389916867 ], [ 492289.095773720007855, 2146679.598661120049655 ], [ 492292.551461479975842, 2146685.325074580032378 ], [ 492299.868971928022802, 2146697.450906880199909 ], [ 492305.653289998997934, 2146707.036089090164751 ], [ 492307.186482375022024, 2146709.576739190146327 ], [ 492318.400560497015249, 2146728.932275849860162 ], [ 492323.489761458011344, 2146735.82426779018715 ], [ 492324.759226240974385, 2146737.543425890151411 ], [ 492339.610814811021555, 2146757.656019099988043 ], [ 492375.776708251971286, 2146815.636261680163443 ], [ 492418.503130970988423, 2146890.407502260059118 ], [ 492446.422651592991315, 2146936.425320730078965 ], [ 492524.826357752026524, 2147066.062149450182915 ], [ 492526.019075826974586, 2147068.034252509940416 ], [ 492580.971462748013437, 2147156.768077029846609 ], [ 492583.944345641008113, 2147163.872097029816359 ], [ 492610.097760992997792, 2147203.796889579854906 ], [ 492623.19734429201344, 2147223.794206900056452 ], [ 492653.622619744972326, 2147277.7560168299824 ], [ 492661.659484958974645, 2147292.107562019955367 ], [ 492680.029462408972904, 2147310.477539769839495 ], [ 492693.806945473013911, 2147322.532837649807334 ], [ 492731.69502378499601, 2147346.643433270044625 ], [ 492762.120298762980383, 2147363.865287249907851 ], [ 492802.878685908974148, 2147379.939017479773611 ], [ 492836.174269710027147, 2147387.975882430095226 ], [ 492865.203488412022125, 2147391.104585339780897 ], [ 492868.720776011992712, 2147391.483670569956303 ], [ 492874.261770260985941, 2147391.550154730211943 ], [ 493096.62336177501129, 2147396.903889169916511 ], [ 493189.672000124002807, 2147398.501394759863615 ], [ 493192.86952485400252, 2147398.55629146983847 ], [ 493265.128554878989235, 2147399.796870660036802 ], [ 493313.469519904989284, 2147400.224131119903177 ], [ 493531.04683056299109, 2147401.434233400039375 ], [ 493627.203374464006629, 2147403.254708840046078 ], [ 493677.843533931009006, 2147404.087919820100069 ], [ 493698.333530485979281, 2147404.425040099769831 ], [ 493707.742076663009357, 2147404.336505829822272 ], [ 493709.817682298016734, 2147404.316974420100451 ], [ 493713.546048894000705, 2147404.574103150051087 ], [ 493717.440737502998672, 2147404.384999359957874 ], [ 493840.782398810028099, 2147405.197725410107523 ], [ 493913.07912337500602, 2147404.456829950213432 ], [ 493923.24090758501552, 2147404.352692179847509 ], [ 493955.630635308974888, 2147408.323670189827681 ], [ 493992.370589855010621, 2147419.804906039964408 ], [ 494021.073679412016645, 2147435.304574669804424 ], [ 494041.704025071987417, 2147450.548606470227242 ], [ 494070.981176529021468, 2147477.529511319939047 ], [ 494093.369586491025984, 2147500.491983559913933 ], [ 494111.739563987008296, 2147528.621012149844319 ], [ 494114.050606596982107, 2147533.820858090184629 ], [ 494116.361649208003655, 2147539.020704039838165 ] ] ] ] } },
{ "type": "Feature", "properties": { "ID": 3.0, "ENTIDAD": 9, "MUNICIPIO": 7, "NOMBRE": "IZTAPALAPA", "CONTROL": 3.0, "GEOMETRY1_": null, "ClaveEnt": "09" }, "geometry": { "type": "MultiPolygon", "coordinates": [ [ [ [ 493891.727135479974095, 2145186.061990899965167 ], [ 494082.355017494992353, 2145092.689754909835756 ], [ 494224.059643520973623, 2145023.280858349986374 ], [ 494341.838651129975915, 2144965.591110759880394 ], [ 494475.274372741987463, 2144901.455250550061464 ], [ 494593.353727112989873, 2144844.700468820054084 ], [ 494675.441590151982382, 2144805.244979130104184 ], [ 494834.539485338027589, 2144728.774705070070922 ], [ 494932.847701628983486, 2144681.480078119784594 ], [ 495054.164999056025408, 2144623.116123029962182 ], [ 495149.760884838993661, 2144577.126341269817203 ], [ 495197.939433091029059, 2144553.94832360977307 ], [ 495308.885690704977605, 2144500.573722209781408 ], [ 495444.690011391008738, 2144435.228769139852375 ], [ 495458.089077125012409, 2144428.781537069939077 ], [ 495553.052958089974709, 2144382.809337430167943 ], [ 495616.294285801006481, 2144352.194073889870197 ], [ 495696.478693283977918, 2144313.376659859903157 ], [ 495775.042955266020726, 2144275.797346170060337 ], [ 495846.373787423013709, 2144241.677974760066718 ], [ 495958.312138455978129, 2144187.919272019993514 ], [ 496010.270939983020071, 2144162.964606420136988 ], [ 496095.636352777015418, 2144121.610048620030284 ], [ 496133.436194412992336, 2144103.298187789972872 ], [ 496241.813018259999808, 2144050.795941070187837 ], [ 496350.603210231987759, 2143994.085697299800813 ], [ 496375.393940713023767, 2143981.162753120064735 ], [ 496390.808020416006912, 2143991.286499740090221 ], [ 496507.665203083015513, 2143933.47297579003498 ], [ 496548.11012397299055, 2143913.463398199994117 ], [ 496627.559376652003266, 2143875.897707560099661 ], [ 496700.44479273702018, 2143841.435588810127228 ], [ 496801.785905831027776, 2143791.419459479860961 ], [ 496850.158227542007808, 2143767.545643969904631 ], [ 496843.592297296971083, 2143754.638526699971408 ], [ 496939.879531671002042, 2143711.816902440041304 ], [ 496959.796052822028287, 2143702.719603629782796 ], [ 497085.441661713994108, 2143644.496039750054479 ], [ 497129.569123902008869, 2143624.047588460147381 ], [ 497234.686630145995878, 2143573.33174915984273 ], [ 497377.506575226027053, 2143504.073534340132028 ], [ 497526.531743399973493, 2143433.539686239790171 ], [ 497608.25819025101373, 2143392.82622238015756 ], [ 497643.429655448009726, 2143376.374190339818597 ], [ 497692.780709602986462, 2143352.457657990045846 ], [ 497777.509446432988625, 2143311.064301299862564 ], [ 497859.584661823988426, 2143271.334143970161676 ], [ 497943.833718131994829, 2143230.629603909794241 ], [ 498000.021172687993385, 2143203.346992089878768 ], [ 498025.540013024001382, 2143189.676505090203136 ], [ 498108.09454298298806, 2143145.448356989771128 ], [ 498189.908950799028389, 2143101.623742499854416 ], [ 498272.776012448011898, 2143055.896890710107982 ], [ 498336.902571038983297, 2143020.628944669850171 ], [ 498411.151029922009911, 2142979.472649349831045 ], [ 498516.146522953989916, 2142916.616251579951495 ], [ 498596.838591290987097, 2142868.309361530002207 ], [ 498678.11780450999504, 2142819.650972940027714 ], [ 498759.397017729992513, 2142770.992584359832108 ], [ 498837.420289981993847, 2142724.283388379961252 ], [ 498934.446004582976457, 2142665.839203800074756 ], [ 498992.779675727011636, 2142636.967882439959794 ], [ 499023.26008420297876, 2142618.093071210198104 ], [ 499077.079048135026824, 2142586.46486348984763 ], [ 499168.392740499984939, 2142530.095235240180045 ], [ 499232.503180610015988, 2142490.658179599791765 ], [ 499399.327770054980647, 2142388.037096600048244 ], [ 499517.18551253300393, 2142316.333840569946915 ], [ 499551.799015190976206, 2142295.774795710109174 ], [ 499684.978882480994798, 2142216.671267429832369 ], [ 499708.035866623977199, 2142202.679303950164467 ], [ 499983.545149201992899, 2142035.488495530094951 ], [ 500045.889422314998228, 2141998.367554170079529 ], [ 500168.482411012984812, 2141925.373405439779162 ], [ 500177.74097546498524, 2141919.712905650027096 ], [ 500214.050500490004197, 2141897.513993530068547 ], [ 500248.180491188017186, 2141876.647604790050536 ], [ 500285.041298475000076, 2141854.111649800091982 ], [ 500328.662014927016571, 2141827.367083979770541 ], [ 500362.336562786018476, 2141806.720674780197442 ], [ 500397.875062173989136, 2141784.931446809787303 ], [ 500428.592785676999483, 2141766.09791438980028 ], [ 500454.37093678698875, 2141750.292913590092212 ], [ 500462.128588075982407, 2141745.536699519958347 ], [ 500480.148009998025373, 2141734.48857366014272 ], [ 500562.466853150981478, 2141684.017561350017786 ], [ 500598.119446803000756, 2141662.158380330074579 ], [ 500630.928553775011096, 2141642.042586930096149 ], [ 500668.638815013982821, 2141618.921816689893603 ], [ 500713.116814128996339, 2141592.252018809784204 ], [ 500734.377185833989643, 2141579.50392250996083 ], [ 500771.785770146991126, 2141557.073071250226349 ], [ 500805.377788137004245, 2141536.930670029949397 ], [ 500871.982480208971538, 2141496.993301520124078 ], [ 500863.801314898009878, 2141444.844175570178777 ], [ 500860.262110073002987, 2141422.284236310049891 ], [ 500855.533937442989554, 2141392.145464289933443 ], [ 500848.800670802011155, 2141366.42806544015184 ], [ 500836.12474664801266, 2141318.012962560169399 ], [ 500821.254938422993291, 2141261.218421489931643 ], [ 500804.118407410976943, 2141191.164719180203974 ], [ 500790.048504302976653, 2141133.647313630208373 ], [ 500777.38474726799177, 2141081.878197430167347 ], [ 500770.3600746759912, 2141053.161514800041914 ], [ 500766.258527474012226, 2141036.3944943100214 ], [ 500758.029786231985781, 2141002.755609709769487 ], [ 500745.015152152976952, 2140949.55211709998548 ], [ 500739.943081600998994, 2140930.703264189884067 ], [ 500733.906254075991455, 2140908.269176790025085 ], [ 500728.504293007019442, 2140888.194383160211146 ], [ 500714.66233323700726, 2140836.754825879819691 ], [ 500688.998028528003488, 2140741.381013670004904 ], [ 500673.961760265985504, 2140685.503161469940096 ], [ 500671.196625593001954, 2140674.897072290070355 ], [ 500639.149139514018316, 2140551.974128089845181 ], [ 500622.201384951011278, 2140554.459798850119114 ], [ 500607.287360936985351, 2140555.13770904019475 ], [ 500594.407067473977804, 2140551.974128040019423 ], [ 500578.589163226017263, 2140543.839205500204116 ], [ 500568.646480564028025, 2140529.829061139840633 ], [ 500561.41543862898834, 2140517.62667733989656 ], [ 500559.381708092987537, 2140504.972353409975767 ], [ 500561.867378779978026, 2140485.538927370216697 ], [ 500568.194540495984256, 2140471.076842890121043 ], [ 500583.33453459199518, 2140451.64341686014086 ], [ 500626.268846198974643, 2140405.093582440167665 ], [ 500636.989228793012444, 2140379.196011379826814 ], [ 500728.515175247972365, 2140304.493025269825011 ], [ 500779.039950395992491, 2140262.493004790041596 ], [ 500872.093775516026653, 2140185.139616319909692 ], [ 500990.265463054995053, 2140068.740499639883637 ], [ 501302.63210914802039, 2139750.451690279878676 ], [ 501347.642544176022056, 2139705.797900630161166 ], [ 501453.498478688998148, 2139600.780599060002714 ], [ 501570.240287597989663, 2139481.66618224978447 ], [ 501759.711819572024979, 2139290.390576140023768 ], [ 501829.284446002973709, 2139220.85860905982554 ], [ 501959.989528139005415, 2139090.43275596993044 ], [ 501967.657746174023487, 2139082.780919780023396 ], [ 501981.636112959997263, 2139068.832415380049497 ], [ 502124.915570695011411, 2138924.804757089819759 ], [ 502153.064616905990988, 2138894.677743089850992 ], [ 502159.033701303997077, 2138888.170779239851981 ], [ 502243.448361093003768, 2138796.150125099811703 ], [ 502288.340806392021477, 2138738.676355630159378 ], [ 502390.89910758897895, 2138586.994430980179459 ], [ 502430.118789998989087, 2138522.274684390053153 ], [ 502443.867683986027259, 2138499.586463119834661 ], [ 502458.28352574800374, 2138474.146751420106739 ], [ 502460.995149218011647, 2138469.361534140072763 ], [ 502487.366498883988243, 2138422.823897889815271 ], [ 502537.688657312013675, 2138334.120429399888963 ], [ 502587.157897791010328, 2138252.240304640028626 ], [ 502620.848386252997443, 2138213.561338829807937 ], [ 502694.804287177976221, 2138128.655008819885552 ], [ 502957.745507605024613, 2137894.878763080108911 ], [ 503320.172409406979568, 2137572.617115010041744 ], [ 503633.062215628975537, 2137292.128123119939119 ], [ 503776.834459181991406, 2137163.244013289920986 ], [ 504202.333469135977793, 2136781.388037200085819 ], [ 504193.841147931001615, 2136780.701430819928646 ], [ 504182.281605229014531, 2136779.766838769894093 ], [ 503555.412998016981874, 2136771.174586390145123 ], [ 503492.204394574975595, 2136770.158165339846164 ], [ 503257.580264054995496, 2136766.38531024986878 ], [ 503227.803269545023795, 2136766.790445790160447 ], [ 502806.15590247901855, 2136773.083688110113144 ], [ 502529.746156428009272, 2136777.00627925992012 ], [ 502496.464959354023449, 2136773.980715610086918 ], [ 502480.635775137983728, 2136772.541698739863932 ], [ 502471.093339263985399, 2136775.993218190036714 ], [ 502447.076151771005243, 2136784.680286250077188 ], [ 502437.030222035013139, 2136788.313920519780368 ], [ 502429.112862850015517, 2136791.136631260160357 ], [ 502424.053804847004358, 2136792.940295469947159 ], [ 502412.266824550984893, 2136797.142610299866647 ], [ 502395.677662389993202, 2136803.057007419876754 ], [ 502374.13880675699329, 2136810.73607790004462 ], [ 502327.582581310009118, 2136826.43752225022763 ], [ 502270.030231535027269, 2136828.20836362009868 ], [ 502270.030231624026783, 2136805.013919549994171 ], [ 502275.596898084972054, 2136775.325031170155853 ], [ 502279.308009075990412, 2136751.202809350099415 ], [ 502266.319120954023674, 2136746.563920489978045 ], [ 502254.258010587014724, 2136734.50280951987952 ], [ 502247.763566719018854, 2136681.619477020110935 ], [ 502237.558011812972836, 2136665.847255010157824 ], [ 502208.605019108974375, 2136670.5605329698883 ], [ 502166.313137256016489, 2136673.106343800202012 ], [ 502159.624682940018829, 2136673.269476810004562 ], [ 502131.791351212013979, 2136672.341698939912021 ], [ 502125.977340971003287, 2136675.248704160097986 ], [ 502107.669130338006653, 2136684.402809769846499 ], [ 502065.919132716022432, 2136691.825031720101833 ], [ 502033.446912157000042, 2136752.13058617990464 ], [ 502142.924683157994878, 2136876.45280678011477 ], [ 502139.258552070998121, 2136876.367697279900312 ], [ 501628.709287927020341, 2136864.515259259846061 ], [ 501110.867511561024003, 2136852.493525499943644 ], [ 500278.277425557025708, 2136833.164888259954751 ], [ 500024.808139234024566, 2136827.280581240076572 ], [ 499855.738586322986521, 2136784.913828920107335 ], [ 499592.075892903027125, 2136718.843198109883815 ], [ 499072.422663301986177, 2136588.624485190026462 ], [ 499067.521233553008642, 2136587.396247129887342 ], [ 498896.865236560988706, 2136544.63195171020925 ], [ 498042.878834251023363, 2136330.633455940056592 ], [ 497759.684922210988589, 2136259.668542710132897 ], [ 497598.056285335973371, 2136219.166393170133233 ], [ 497266.775042890978511, 2136136.151386340148747 ], [ 497262.833903111983091, 2136135.163740839809179 ], [ 497251.664093943021726, 2136132.364723979961127 ], [ 497185.990181636996567, 2136115.907662599813193 ], [ 497130.088402135996148, 2136101.899394549895078 ], [ 496843.728934858983848, 2136030.141232570167631 ], [ 496643.741979480022565, 2135980.026960290037096 ], [ 495874.021245156007353, 2135673.826498359907418 ], [ 495827.408977087994572, 2135655.283801829908043 ], [ 495818.898695419018622, 2135664.032690019812435 ], [ 495811.642828649026342, 2135671.364934740122408 ], [ 495794.112039340019692, 2135689.080259670037776 ], [ 495789.908588073973078, 2135693.327958030160517 ], [ 495784.110566558025312, 2135692.717639990150928 ], [ 495747.796642621979117, 2135728.878986440133303 ], [ 495616.720756787981372, 2135610.420909029897302 ], [ 495609.559602584980894, 2135617.343358490150422 ], [ 495591.536538221000228, 2135594.947049980051816 ], [ 495568.193922884005588, 2135565.974114450160414 ], [ 495564.795157887972891, 2135561.751644849777222 ], [ 495545.310910517000593, 2135537.280357350129634 ], [ 495534.539503853011411, 2135523.751983149908483 ], [ 495523.910216561984271, 2135510.402104130014777 ], [ 495516.317258756025694, 2135500.865710449870676 ], [ 495501.963536792027298, 2135482.838118710089475 ], [ 495499.879442633013241, 2135480.220595620106906 ], [ 495478.416815257980488, 2135453.264556980226189 ], [ 495465.219381408998743, 2135436.689208089839667 ], [ 495454.289593152992893, 2135422.684450109954923 ], [ 495430.551215532992501, 2135392.267554040066898 ], [ 495428.725682144984603, 2135389.928427909966558 ], [ 495416.642351165006403, 2135374.445591279771179 ], [ 495314.314850281982217, 2135451.606269429903477 ], [ 495258.494617553020362, 2135501.32849641982466 ], [ 495244.740878042008262, 2135504.941931209992617 ], [ 495178.904704565007705, 2135415.998549589887261 ], [ 495106.242658651026431, 2135317.833547960035503 ], [ 495072.999579809023999, 2135340.165815940126777 ], [ 495045.981109538988676, 2135358.316472860053182 ], [ 495042.696970833989326, 2135362.100610630121082 ], [ 495039.412832127010915, 2135365.884748389944434 ], [ 495023.028789170028176, 2135378.340454310178757 ], [ 495019.943435474997386, 2135380.68604497006163 ], [ 495003.717556899995543, 2135393.021508949808776 ], [ 494990.060575085983146, 2135403.404010360129178 ], [ 494983.582528176018968, 2135408.328841640148312 ], [ 494972.222584476985503, 2135416.965056660119444 ], [ 494943.705280677997507, 2135438.650791340041906 ], [ 494859.587991027976386, 2135327.423254780005664 ], [ 494818.174082797020674, 2135272.662015900015831 ], [ 494786.510529893974308, 2135232.758757119998336 ], [ 494755.759871429007035, 2135256.835280640050769 ], [ 494707.515187871991657, 2135294.608919189777225 ], [ 494620.273397271987051, 2135362.915717420168221 ], [ 494594.210184848983772, 2135327.125763619784266 ], [ 494572.019617162994109, 2135296.653747320175171 ], [ 494532.008531674975529, 2135241.71062484011054 ], [ 494459.241466374020092, 2135295.55976392980665 ], [ 494455.448372268001549, 2135303.687823280226439 ], [ 494446.778442910988815, 2135325.362648169975728 ], [ 494427.812972120009363, 2135339.180349170230329 ], [ 494393.631010640005115, 2135360.441454240120947 ], [ 494372.542171435023192, 2135369.525104439817369 ], [ 494343.711281959025655, 2135332.090162840206176 ], [ 494336.502245906973258, 2135322.729721710085869 ], [ 494325.006219874019735, 2135307.802916780114174 ], [ 494316.148669178015552, 2135296.301991940010339 ], [ 494300.981538877007551, 2135276.176157820038497 ], [ 494288.150095369026531, 2135259.149634120054543 ], [ 494266.790334592980798, 2135230.806566350162029 ], [ 494234.149646057980135, 2135187.494412379804999 ], [ 494202.856703552999534, 2135147.134405680000782 ], [ 494151.623295309022069, 2135081.056225299835205 ], [ 494142.372083386988379, 2135069.136322170030326 ], [ 494085.614748373976909, 2134998.153182540088892 ], [ 494077.823417050996795, 2134988.409011870156974 ], [ 494060.966980741999578, 2134966.658762970007956 ], [ 494019.328096673998516, 2134912.869730229955167 ], [ 493983.804941619979218, 2134866.841250970028341 ], [ 493965.788585747010075, 2134843.465697470121086 ], [ 493865.767926510015968, 2134713.89694481017068 ], [ 493715.484955032006837, 2134522.414899540133774 ], [ 493646.182010608026758, 2134547.14771999977529 ], [ 493607.696358549001161, 2134560.80784079991281 ], [ 493423.512114275014028, 2134626.182308750227094 ], [ 493340.322628544992767, 2134655.747926540207118 ], [ 493337.943449368991423, 2134648.670019019860774 ], [ 493335.307248309021816, 2134640.827487660106272 ], [ 493306.994176399020944, 2134556.597890140023082 ], [ 493294.871762230002787, 2134520.534474980086088 ], [ 493259.458881422004197, 2134413.922762029804289 ], [ 493238.266951827972662, 2134350.123718770220876 ], [ 493230.586771499016322, 2134327.002267989795655 ], [ 493225.12954112701118, 2134309.05404367018491 ], [ 493223.307578067993745, 2134303.061809610109776 ], [ 493193.131365575012751, 2134203.815599710214883 ], [ 493213.148893809993751, 2134146.321701500099152 ], [ 493231.529351718025282, 2134093.529760189820081 ], [ 493262.909568585979287, 2134010.45696670981124 ], [ 493265.797008624009322, 2134002.848790789954364 ], [ 493305.135543521028012, 2133899.194865500088781 ], [ 493312.846520901017357, 2133885.48646032018587 ], [ 493316.560836892982479, 2133879.064490010030568 ], [ 493329.063543308002409, 2133859.093601199798286 ], [ 493330.933353787986562, 2133856.305287139955908 ], [ 493332.803164268028922, 2133853.51697308011353 ], [ 493353.114958445017692, 2133823.227453439962119 ], [ 493376.533482451981399, 2133790.669991089962423 ], [ 493398.174049053981435, 2133760.584323349874467 ], [ 493416.516328312980477, 2133734.122819649986923 ], [ 493415.321849479980301, 2133713.634803079999983 ], [ 493416.919745858001988, 2133689.543437140062451 ], [ 493417.65971651498694, 2133678.386954070068896 ], [ 493418.885514873021748, 2133673.235104210209101 ], [ 493431.386382256983779, 2133620.695800660178065 ], [ 493437.980669708980713, 2133592.980982199776918 ], [ 493449.207916582992766, 2133546.354533030185848 ], [ 493472.455151873989962, 2133458.011838019825518 ], [ 493485.5278972099768, 2133408.625906880013645 ], [ 493515.939044705999549, 2133385.243431120179594 ], [ 493532.83882102300413, 2133372.249557409901172 ], [ 493531.123847886978183, 2133326.837552890181541 ], [ 493528.796243062010035, 2133265.203234230168164 ], [ 493526.468638236983679, 2133203.568915559910238 ], [ 493480.216501687013078, 2133151.36156731005758 ], [ 493439.91806146199815, 2133105.874485849868506 ], [ 493403.784479997004382, 2133065.088511160109192 ], [ 493340.635886501986533, 2132996.317096420098096 ], [ 493326.517679919023067, 2132981.675780230201781 ], [ 493305.779657046019565, 2132960.169369460083544 ], [ 493246.611856738978531, 2132900.807575279846787 ], [ 493172.896053434989881, 2132817.614024340175092 ], [ 493134.881368118978571, 2132778.086558800190687 ], [ 493127.093388457025867, 2132769.98142196983099 ], [ 493101.11267044802662, 2132739.19318583002314 ], [ 493097.785558660980314, 2132735.250419380143285 ], [ 493073.667138125980273, 2132710.149801909923553 ], [ 493067.109876463015098, 2132703.325502759777009 ], [ 493032.689236808975693, 2132667.503119300119579 ], [ 492994.946596616995521, 2132628.22345037991181 ], [ 492969.606023245025426, 2132601.850909220054746 ], [ 492967.950839405006263, 2132599.973057679831982 ], [ 492964.886987422010861, 2132596.497033429797739 ], [ 492956.221042853023391, 2132591.218832190148532 ], [ 492943.720425384992268, 2132577.036538240034133 ], [ 492924.134898354008328, 2132554.816219760105014 ], [ 492904.54937131801853, 2132532.595901269931346 ], [ 492886.315951347991358, 2132511.909585389774293 ], [ 492865.433826214983128, 2132488.218240739777684 ], [ 492852.060729807999451, 2132473.046095469966531 ], [ 492847.850803220993839, 2132468.269818100146949 ], [ 492828.579524921020493, 2132446.406023439951241 ], [ 492809.477310264017433, 2132424.734036129899323 ], [ 492804.130077504029032, 2132418.667453660164028 ], [ 492800.347623976995237, 2132414.376156220212579 ], [ 492791.138727336016018, 2132403.928409989923239 ], [ 492777.393725175992586, 2132388.334327439777553 ], [ 492753.007574461982585, 2132360.667569510173053 ], [ 492740.324681046011392, 2132346.289391660131514 ], [ 492496.937567248998675, 2132590.987962539773434 ], [ 492431.375085968989879, 2132648.781157029792666 ], [ 492415.798242454009596, 2132662.512113050092012 ], [ 492389.59488352999324, 2132688.239049009978771 ], [ 492172.406860277988017, 2132843.103563350159675 ], [ 492115.650675737997517, 2132883.573193420190364 ], [ 492085.3364203760284, 2132926.267427019774914 ], [ 492007.98701040702872, 2133024.747736630029976 ], [ 491919.606490463018417, 2133136.415547559969127 ], [ 491911.800883416028228, 2133146.284327189903706 ], [ 491824.830882398993708, 2133259.345336500089616 ], [ 491816.12360178300878, 2133270.664802100043744 ], [ 491796.110870859003626, 2133296.645617130212486 ], [ 491731.291952132014558, 2133380.79446937981993 ], [ 491699.247368780022953, 2133422.395208229776472 ], [ 491675.466516853019129, 2133453.267852129880339 ], [ 491623.275218437018339, 2133521.023346160072833 ], [ 491593.998996036010794, 2133559.030159030109644 ], [ 491551.285434641002212, 2133614.481518600136042 ], [ 491355.437491136020981, 2133858.601739250123501 ], [ 491326.455571567988954, 2133893.726568220183253 ], [ 491267.414392133010551, 2133965.281915850006044 ], [ 491254.60062319401186, 2133979.377062689978629 ], [ 491238.711207634012681, 2133996.85542107000947 ], [ 491222.767794146027882, 2134016.862168170046061 ], [ 491197.687756412022281, 2134048.334096860140562 ], [ 491171.910719654988497, 2134080.680661540012807 ], [ 491117.429641151975375, 2134149.051676880102605 ], [ 491089.651265587017406, 2134183.904735620133579 ], [ 491061.874800531018991, 2134218.760302320122719 ], [ 491037.195684978971258, 2134249.729129930026829 ], [ 491017.218301220971625, 2134274.79794378997758 ], [ 491005.724624597991351, 2134288.752144579775631 ], [ 490979.848851127026137, 2134320.167308810167015 ], [ 490953.973077656992245, 2134351.582473040092736 ], [ 490929.05898252298357, 2134381.830086360219866 ], [ 490902.084135329991113, 2134414.579609990119934 ], [ 490899.032482762006111, 2134418.284549159929156 ], [ 490873.160501790000126, 2134449.695109019987285 ], [ 490854.088536485971417, 2134472.849930770229548 ], [ 490838.753538665012456, 2134489.771308910101652 ], [ 490791.100818097009324, 2134542.353625120129436 ], [ 490784.722507404978387, 2134549.391761580016464 ], [ 490749.017928555025719, 2134596.66471699019894 ], [ 490670.944802499026991, 2134700.033739320002496 ], [ 490636.516246837971266, 2134745.617236730176955 ], [ 490608.618855550012086, 2134782.55345549993217 ], [ 490574.722766935999971, 2134827.431965160183609 ], [ 490550.303297762991861, 2134859.763405989855528 ], [ 490498.034790925972629, 2134928.967045280151069 ], [ 490452.133253170992248, 2134989.740800910163671 ], [ 490293.560635446978267, 2135199.691360210068524 ], [ 490082.166101509996224, 2135479.578274460043758 ], [ 489962.632218633021694, 2135635.197869840078056 ], [ 489946.844724630005658, 2135653.240721509791911 ], [ 489857.758151552989148, 2135767.136222490109503 ], [ 489829.566198016982526, 2135800.966569339856505 ], [ 489786.714428793988191, 2135860.733515330124646 ], [ 489754.011762905982323, 2135911.479035439901054 ], [ 489707.776959325012285, 2135978.012050750199705 ], [ 489628.839489888981916, 2136095.290586149785668 ], [ 489626.58413410600042, 2136125.737897899933159 ], [ 489628.839491348015144, 2136176.483417380135506 ], [ 489619.818066721025389, 2136214.82447671983391 ], [ 489611.924320644990075, 2136274.591422049794346 ], [ 489623.325424003007356, 2136292.979993170127273 ], [ 489596.949812992010266, 2136290.274802660103887 ], [ 489590.224679670995101, 2136321.427066249772906 ], [ 489586.139369174023159, 2136340.321629730053246 ], [ 489580.052689953998197, 2136353.171286989934742 ], [ 489573.966010735020973, 2136366.020944260060787 ], [ 489544.636164273018949, 2136403.191445659846067 ], [ 489505.659942905011121, 2136452.587056830059737 ], [ 489466.585838174971286, 2136493.457675300072879 ], [ 489446.82204267301131, 2136514.130152659956366 ], [ 489421.619231501012109, 2136539.080963079817593 ], [ 489404.239903879992198, 2136556.286606720183045 ], [ 489400.041046247992199, 2136559.508821620140225 ], [ 489380.354339060024358, 2136574.61722601018846 ], [ 489348.156361458997708, 2136597.345212019979954 ], [ 489323.694768148998264, 2136614.612220449838787 ], [ 489284.949479295988567, 2136639.071538889780641 ], [ 489224.262775942974258, 2136677.382142489776015 ], [ 489092.612596248975024, 2136755.150187660008669 ], [ 489045.951773078006227, 2136782.92448950977996 ], [ 488981.277132179995533, 2136850.175270730163902 ], [ 488929.119638259988278, 2136907.503399179782718 ], [ 488873.195631911978126, 2136975.122655469924212 ], [ 488822.646407387976069, 2137033.44868844980374 ], [ 488783.83318324299762, 2137076.828177739866078 ], [ 488760.447383589984383, 2137100.771419830154628 ], [ 488747.100313559989445, 2137117.882564810104668 ], [ 488717.189651050022803, 2137144.699023010209203 ], [ 488698.7730327519821, 2137161.210475230123848 ], [ 488617.116593944025226, 2137293.416149340104312 ], [ 488537.126613105996512, 2137422.844393299892545 ], [ 488479.911557238025125, 2137507.833755290135741 ], [ 488464.913436031027231, 2137541.718402729835361 ], [ 488452.137258964008652, 2137583.37985438015312 ], [ 488439.916567983978894, 2137629.485194169916213 ], [ 488422.141016682027839, 2137657.259495450183749 ], [ 488406.587409108004067, 2137672.257618260104209 ], [ 488370.344627465005033, 2137696.312563870102167 ], [ 488338.039839668024797, 2137714.314195109996945 ], [ 488286.046949715004303, 2137752.803093350026757 ], [ 488234.109010160027537, 2137802.796836060006171 ], [ 488225.954819853999652, 2137814.486915189772844 ], [ 488202.724052337987814, 2137847.791204180102795 ], [ 488173.283295688976068, 2137901.673348559997976 ], [ 488141.494265005982015, 2137978.13152763992548 ], [ 488126.031095597019885, 2137994.320155169814825 ], [ 488117.354530751006678, 2138013.34680650010705 ], [ 488078.699317091028206, 2138076.966873669996858 ], [ 488070.00309232599102, 2138092.620079659856856 ], [ 488044.492851571994834, 2138153.492573599796742 ], [ 488022.323601940996014, 2138244.89547117985785 ], [ 488007.223057825001888, 2138330.160230469889939 ], [ 488004.115496155980509, 2138336.314066939987242 ], [ 488001.00327941798605, 2138342.477121740113944 ], [ 487999.221199856023304, 2138346.0061349500902 ], [ 487996.66538026498165, 2138351.067368640098721 ], [ 487997.165491292020306, 2138412.999278020113707 ], [ 487986.685701114009134, 2138495.806817640084773 ], [ 487984.878179620020092, 2138510.08920357003808 ], [ 487892.689172152022365, 2138726.310158090200275 ], [ 487869.077714736980852, 2138781.688689659815282 ], [ 487842.228926051990129, 2138842.937494880054146 ], [ 487814.119403949996922, 2138875.250312710180879 ], [ 487782.594706501986366, 2138922.5373630002141 ], [ 487748.180245528987143, 2138993.205232330132276 ], [ 487723.879958163015544, 2139041.017694119829684 ], [ 487713.765784442017321, 2139057.96222044993192 ], [ 487679.261130166996736, 2139119.687719619832933 ], [ 487664.588168367976323, 2139145.936233359854668 ], [ 487591.135315823019482, 2139277.617248170077801 ], [ 487438.439782258996274, 2139527.837370390072465 ], [ 487383.204049940977711, 2139615.75020455988124 ], [ 487364.875955159019213, 2139652.021940260194242 ], [ 487355.336392862023786, 2139663.654616579879075 ], [ 487345.796830566017888, 2139675.28729290002957 ], [ 487321.187616055016406, 2139744.066900019999593 ], [ 487295.494817116006743, 2139812.194132700096816 ], [ 487278.279241925978567, 2139858.278908200096339 ], [ 487259.902901139983442, 2139926.960490779951215 ], [ 487241.955132204981055, 2139994.040285869967192 ], [ 487225.905786475981586, 2140051.36661214986816 ], [ 487218.44077390502207, 2140108.183664340060204 ], [ 487214.547688691993244, 2140137.814374739769846 ], [ 487195.459775105991866, 2140316.388949890155345 ], [ 487190.317119108978659, 2140402.571886110119522 ], [ 487145.251539059972856, 2140406.337699360214174 ], [ 487085.653912067995407, 2140412.509734129998833 ], [ 486999.430116618983448, 2140421.936105019878596 ], [ 486915.293282939994242, 2140431.389684129972011 ], [ 486906.424078082025517, 2140432.559237129986286 ], [ 486863.125163991993759, 2140438.311739780008793 ], [ 486798.738987295015249, 2140446.808614000212401 ], [ 486780.527316368010361, 2140449.218689150176942 ], [ 486759.137060946028214, 2140452.022927959915251 ], [ 486735.55077774397796, 2140454.64360154978931 ], [ 486706.605574769026134, 2140457.859705099835992 ], [ 486689.849281757022254, 2140459.846637309994549 ], [ 486650.41992921201745, 2140464.393615679815412 ], [ 486604.258030952012632, 2140470.241273940075189 ], [ 486597.382467493007425, 2140470.964349479880184 ], [ 486568.979672836023383, 2140474.735192220192403 ], [ 486525.370383578992914, 2140480.005750509910285 ], [ 486514.489525208016858, 2140481.371885180007666 ], [ 486482.192491821013391, 2140485.429147770162672 ], [ 486463.820636018004734, 2140487.733563980087638 ], [ 486438.51669627299998, 2140490.897680209949613 ], [ 486413.200392963015474, 2140494.077298409771174 ], [ 486394.973892867972609, 2140496.361445410177112 ], [ 486364.019301567983348, 2140500.240678209811449 ], [ 486349.127226922020782, 2140502.106954639777541 ], [ 486335.934856833016966, 2140509.173128480091691 ], [ 486320.171012724982575, 2140505.469140539877117 ], [ 486313.715846884995699, 2140506.217204110231251 ], [ 486255.51632656698348, 2140512.96171570988372 ], [ 486241.81418892001966, 2140514.485848700162023 ], [ 486231.902260183007456, 2140495.794136929791421 ], [ 486221.984996067010798, 2140477.103581320028752 ], [ 486192.979206593008712, 2140423.360932580195367 ], [ 486171.945451279985718, 2140388.412539570126683 ], [ 486130.400738359021489, 2140341.043801790103316 ], [ 486086.432965842017438, 2140312.150694440118968 ], [ 486076.043170674995054, 2140305.323114830069244 ], [ 486035.574972221977077, 2140284.556539670098573 ], [ 486017.026383100019302, 2140275.038184899836779 ], [ 485978.70979495998472, 2140262.776877200230956 ], [ 485958.786132470006123, 2140256.401305459905416 ], [ 485904.606382093974389, 2140249.649807539768517 ], [ 485885.074240021000151, 2140250.46037989994511 ], [ 485863.385118569014594, 2140252.391981659922749 ], [ 485735.531840295996517, 2140263.778409540187567 ], [ 485274.269059700018261, 2140296.004694090224802 ], [ 485274.984498239005916, 2140299.467360340058804 ], [ 485278.66377346299123, 2140317.27476298995316 ], [ 485280.192681226006243, 2140324.629822220187634 ], [ 485280.623994303983636, 2140326.797884790226817 ], [ 485281.368326366995461, 2140330.539386190008372 ], [ 485283.045217346982099, 2140338.968540669884533 ], [ 485286.674617459008005, 2140357.212007210124284 ], [ 485287.918825166998431, 2140363.466491769999266 ], [ 485297.517183733987622, 2140394.316729470156133 ], [ 485341.621483403025195, 2140614.075215870048851 ], [ 485342.897018413001206, 2140620.430823950096965 ], [ 485365.028560811013449, 2140724.826671559829265 ], [ 485379.010179779026657, 2140795.688046449795365 ], [ 485394.806858632015064, 2140869.305446189828217 ], [ 485410.654795909998938, 2140943.161726019810885 ], [ 485424.641126865986735, 2141008.342345740180463 ], [ 485438.221844198997132, 2141071.632680779788643 ], [ 485452.783864983008243, 2141142.471962030045688 ], [ 485466.387699720973615, 2141210.029145809821784 ], [ 485480.224865946976934, 2141278.096855190116912 ], [ 485494.508363910019398, 2141345.368502370081842 ], [ 485507.755282557976898, 2141409.952576760202646 ], [ 485520.988140380010009, 2141470.632974079810083 ], [ 485538.613359477021731, 2141552.987571099773049 ], [ 485553.446150469011627, 2141625.694605750031769 ], [ 485578.926598881022073, 2141734.694035009946674 ], [ 485607.299753363011405, 2141861.061856450047344 ], [ 485627.737591448007151, 2141956.561209910083562 ], [ 485657.814450895006303, 2142095.226730179972947 ], [ 485680.533815896022134, 2142202.603218960110098 ], [ 485703.958283636020496, 2142317.925610580015928 ], [ 485727.832257779024076, 2142424.827855059877038 ], [ 485762.141654166975059, 2142578.72435843013227 ], [ 485787.34765948401764, 2142583.314091430045664 ], [ 485911.927040894981474, 2142596.159732469823211 ], [ 485945.528784518013708, 2142594.884568119887263 ], [ 485998.104542723973282, 2142590.836679370142519 ], [ 486045.665862747002393, 2142586.443898070137948 ], [ 486090.476560698007233, 2142582.856721569783986 ], [ 486137.26604016701458, 2142576.968676370102912 ], [ 486184.758442120975815, 2142571.07009949022904 ], [ 486203.391000967996661, 2142568.742413229774684 ], [ 486236.771652001014445, 2142564.470002850051969 ], [ 486260.382917153998278, 2142561.543970790226012 ], [ 486288.82452220498817, 2142558.019141789991409 ], [ 486327.042136369971558, 2142554.041503139771521 ], [ 486340.049912125978153, 2142552.687671069987118 ], [ 486378.594120357010979, 2142548.023374049924314 ], [ 486401.604140145005658, 2142544.618513020221144 ], [ 486441.856993179011624, 2142536.442311319988221 ], [ 486514.594342150026932, 2142521.667824749834836 ], [ 486549.902703456988093, 2142514.754396149888635 ], [ 486597.310603155987337, 2142505.471860290039331 ], [ 486615.874638702021912, 2142501.802156229969114 ], [ 486632.341011754004285, 2142498.568737260065973 ], [ 486641.815800030017272, 2142496.708220679778606 ], [ 486682.729174433974549, 2142488.674266850110143 ], [ 486700.602444485994056, 2142485.164582579862326 ], [ 486727.779831074993126, 2142479.827629129868001 ], [ 486770.42384232499171, 2142471.454105400014669 ], [ 486776.156624520022888, 2142470.328387749847025 ], [ 486806.408014639979228, 2142464.337437579873949 ], [ 486869.427958842017688, 2142451.534976730123162 ], [ 486914.632218429003842, 2142443.163816149812192 ], [ 486927.9913666099892, 2142440.747025350108743 ], [ 486965.752097153977957, 2142432.895192610099912 ], [ 486981.368615211977158, 2142429.568877529818565 ], [ 487023.457287767028902, 2142421.175567930098623 ], [ 487063.464554935984779, 2142412.850880110170692 ], [ 487114.591545136005152, 2142403.664641549810767 ], [ 487147.951007295981981, 2142397.901565569918603 ], [ 487142.794678666978143, 2142631.87257880019024 ], [ 487139.352837771992199, 2142897.429751920048147 ], [ 487147.985432395013049, 2143038.907086759805679 ], [ 487151.789885036996566, 2143153.036578829865903 ], [ 487280.688177670002915, 2143143.640606 ], [ 487307.649168169009499, 2143141.548195790033787 ], [ 487344.23078997398261, 2143139.014372020028532 ], [ 487349.657901477999985, 2143138.838050430174917 ], [ 487527.694785378989764, 2143132.904364840127528 ], [ 487566.679480190970935, 2143130.136198840104043 ], [ 487600.851603904971853, 2143125.513508849777281 ], [ 487629.386403378972318, 2143123.80491812992841 ], [ 487638.666527259978466, 2143123.249248079955578 ], [ 487646.713644409028348, 2143123.692300099879503 ], [ 487677.063282151008025, 2143125.363267260137945 ], [ 487712.425840548996348, 2143122.060343699995428 ], [ 487746.613551409973297, 2143119.130213810130954 ], [ 487780.473546702007297, 2143116.906080699991435 ], [ 487814.734215995005798, 2143112.052439460065216 ], [ 487850.870795933995396, 2143108.11089444020763 ], [ 487885.815713524003513, 2143105.567615760024637 ], [ 487919.666170837997925, 2143100.352920140139759 ], [ 487950.171636519022286, 2143096.111121640074998 ], [ 487984.415484100987669, 2143091.314886270090938 ], [ 488019.386182783986442, 2143086.669978249818087 ], [ 488057.437931346008554, 2143082.481814910192043 ], [ 488093.158944091992453, 2143078.446976909879595 ], [ 488128.547330360976048, 2143073.939607029780746 ], [ 488156.410389260970987, 2143069.631220099981874 ], [ 488165.886025924992282, 2143068.106960230041295 ], [ 488201.925632775994018, 2143061.874973969999701 ], [ 488230.978980036976282, 2143057.494451710022986 ], [ 488238.879889176983852, 2143056.303191099781543 ], [ 488273.015489601006266, 2143051.372608030214906 ], [ 488285.947394998976961, 2143049.395426370203495 ], [ 488308.565594926010817, 2143045.817819740157574 ], [ 488333.374722369015217, 2143041.572824439965189 ], [ 488357.912529841996729, 2143037.779736630152911 ], [ 488385.66051083401544, 2143033.301013169810176 ], [ 488456.784015608020127, 2143019.920891679823399 ], [ 488505.63997948798351, 2143012.782443920150399 ], [ 488537.534607718000188, 2143008.693388210143894 ], [ 488565.798196178977378, 2143004.929293420165777 ], [ 488572.512198430020362, 2143004.035134459845722 ], [ 488580.428073715011124, 2143002.996816960163414 ], [ 488587.229226995026693, 2143002.19024094985798 ], [ 488605.11788387701381, 2143000.068753509782255 ], [ 488661.100275960983709, 2142994.919837339781225 ], [ 488722.530702880001627, 2142989.269844419788569 ], [ 488746.305823801027145, 2142987.031839659903198 ], [ 488773.679667031974532, 2142984.085398950148374 ], [ 488793.935764103021938, 2142981.709870419930667 ], [ 488835.297596935997717, 2142975.615345269907266 ], [ 488866.859545886982232, 2142970.431267300155014 ], [ 488880.176084663020447, 2142969.148419700097293 ], [ 488899.632122326991521, 2142967.453996879979968 ], [ 488905.482765680993907, 2142966.944465409964323 ], [ 488927.040410566027276, 2142964.451574279926717 ], [ 488966.625601154984906, 2142958.955527639947832 ], [ 488998.444046056014486, 2142954.537823580205441 ], [ 489055.373663026024587, 2142946.417473370209336 ], [ 489105.355503816972487, 2142939.534463480114937 ], [ 489137.752134050999302, 2142935.102850229945034 ], [ 489144.118178013013676, 2142934.094725119881332 ], [ 489181.295392972999252, 2142928.877481299918145 ], [ 489333.166024027974345, 2142907.564800620079041 ], [ 489362.963596960995346, 2142904.180152839981019 ], [ 489371.591317219019402, 2142903.368999470025301 ], [ 489385.917379295977298, 2142902.267054869793355 ], [ 489413.123009960982017, 2142899.194190429989249 ], [ 489550.424755316984374, 2142885.204922049771994 ], [ 489589.028240381972864, 2142880.985459280200303 ], [ 489627.631725450977683, 2142876.765996519941837 ], [ 489671.028969905979466, 2142871.709517249837518 ], [ 489706.411978713993449, 2142868.261308330111206 ], [ 489741.92841849202523, 2142864.427146430127323 ], [ 489776.634592342015821, 2142860.680456430185586 ], [ 489804.050085800990928, 2142857.720828690100461 ], [ 489843.139277657028288, 2142853.500971890054643 ], [ 489880.233846543997061, 2142848.803912180010229 ], [ 489938.937056729977485, 2142835.793433549813926 ], [ 489958.750782841991168, 2142825.947219119872898 ], [ 489996.594127450021915, 2142892.437590550165623 ], [ 490015.166658620000817, 2142925.069338859990239 ], [ 490034.499424580018967, 2142959.036811950150877 ], [ 490053.866602052992675, 2142993.031660890206695 ], [ 490071.20447899698047, 2143023.48935313988477 ], [ 490093.633990698028356, 2143062.935643 ], [ 490130.890844079025555, 2143128.395555349998176 ], [ 490174.781860831019003, 2143201.341236819978803 ], [ 490203.388464328018017, 2143248.884637299925089 ], [ 490213.96509142202558, 2143266.462705169804394 ], [ 490236.755386843986344, 2143304.33955910988152 ], [ 490247.567894481006078, 2143322.30965405004099 ], [ 490308.453627113020048, 2143424.263442359864712 ], [ 490313.749966692004818, 2143433.132217700127512 ], [ 490349.669452144997194, 2143493.279767190106213 ], [ 490383.311503855977207, 2143549.613730359822512 ], [ 490427.923107695998624, 2143624.316321909893304 ], [ 490451.402576397988014, 2143662.474532600026578 ], [ 490469.897968670993578, 2143692.887382199987769 ], [ 490487.985100759018678, 2143722.712876019999385 ], [ 490501.309235453023575, 2143744.672453800216317 ], [ 490506.551927727996372, 2143753.31288798013702 ], [ 490524.807532243023161, 2143783.407426610123366 ], [ 490561.67984155198792, 2143844.188338180072606 ], [ 490581.280547632020898, 2143875.751421300228685 ], [ 490599.50920531200245, 2143905.052797629963607 ], [ 490618.623347243992612, 2143935.757032060064375 ], [ 490637.868071629025508, 2143966.705010150093585 ], [ 490654.922743207018357, 2143993.970001690089703 ], [ 490673.183620825002436, 2144023.459318819921464 ], [ 490698.810010467015672, 2144064.393239569850266 ], [ 490712.587833117984701, 2144060.003509699832648 ], [ 490719.594894169014879, 2144057.882408100180328 ], [ 490880.233160600997508, 2144009.255732640158385 ], [ 490891.535626936994959, 2144000.58684511994943 ], [ 490916.182015230006073, 2143989.123975920025259 ], [ 491090.84697687800508, 2143946.88943151012063 ], [ 491116.787341910006944, 2143920.385215200018138 ], [ 491126.052173282019794, 2143978.048997879959643 ], [ 491138.904131332004908, 2144051.685756400227547 ], [ 491139.959558859991375, 2144057.38785886997357 ], [ 491147.009575287986081, 2144095.47660967009142 ], [ 491148.043825704022311, 2144101.064299679826945 ], [ 491156.504393111972604, 2144149.895801560021937 ], [ 491163.861049531027675, 2144193.596610500011593 ], [ 491175.924410948005971, 2144262.191695380024612 ], [ 491178.384954223001841, 2144276.182917980011553 ], [ 491215.600058101990726, 2144255.751914780121297 ], [ 491221.218328137998469, 2144252.667497950140387 ], [ 491260.211321482027415, 2144231.260437690187246 ], [ 491267.232799536024686, 2144227.806050790008157 ], [ 491304.694989920011722, 2144206.839009909890592 ], [ 491342.384626985993236, 2144186.805549529846758 ], [ 491348.806194171018433, 2144182.824518019799143 ], [ 491376.452660653972998, 2144167.528115860186517 ], [ 491396.016276747977827, 2144156.703841470181942 ], [ 491411.381173959001899, 2144147.671997390221804 ], [ 491449.367560632992536, 2144125.342715490143746 ], [ 491482.607794588024262, 2144108.208435929846019 ], [ 491503.608810952981003, 2144097.349094689823687 ], [ 491519.965746473986655, 2144088.646302879787982 ], [ 491551.686313450976741, 2144071.247052039951086 ], [ 491558.49770329502644, 2144067.506901029963046 ], [ 491593.43829589599045, 2144048.377674280200154 ], [ 491600.725826482987031, 2144044.387913700193167 ], [ 491606.750362012011465, 2144041.089614780154079 ], [ 491662.392222898022737, 2144011.14186456007883 ], [ 491667.888042427017353, 2144008.187113619875163 ], [ 491717.484695008024573, 2143981.534619740210474 ], [ 491722.946362848975696, 2143978.612365500070155 ], [ 491767.546164181025233, 2143954.693509050179273 ], [ 491772.97798236698145, 2143951.782426119782031 ], [ 491825.340970056015067, 2143923.659886879846454 ], [ 491880.746381426986773, 2143893.907295890152454 ], [ 491886.639655222010333, 2143890.633292620070279 ], [ 491937.780050350993406, 2143862.222289409954101 ], [ 491980.900878040993121, 2143838.266550110187382 ], [ 491987.333110436971765, 2143834.69312884984538 ], [ 492023.776604451995809, 2143814.446976619772613 ], [ 492035.514921056979802, 2143807.925764769781381 ], [ 492142.782454564992804, 2143748.333377410192043 ], [ 492193.094252721988596, 2143721.443211209960282 ], [ 492241.258984574989881, 2143695.700588370207697 ], [ 492283.530099363997579, 2143673.107929320074618 ], [ 492330.181225110020023, 2143648.174284129869193 ], [ 492380.640924595005345, 2143621.205069070216268 ], [ 492426.811392894014716, 2143596.528321059886366 ], [ 492465.101648444018792, 2143576.063313399907202 ], [ 492503.39190399798099, 2143555.598305739928037 ], [ 492551.599309624987654, 2143528.561874529812485 ], [ 492601.695792889979202, 2143500.465981250163168 ], [ 492652.525751571985893, 2143471.958728829864413 ], [ 492705.374309908016585, 2143442.319373779930174 ], [ 492755.479870318027679, 2143414.218389729969203 ], [ 492898.340041575022042, 2143334.026714030187577 ], [ 492988.335433239000849, 2143288.428852700162679 ], [ 493027.762974697980098, 2143278.047319709789008 ], [ 493082.962178313988261, 2143267.441196050029248 ], [ 493313.622487507003825, 2143224.978639119770378 ], [ 493603.256009988021106, 2143172.150134860072285 ], [ 493612.310185088019352, 2143222.86136707989499 ], [ 493617.872305646014865, 2143268.277910210192204 ], [ 493629.598993482999504, 2143360.154255580157042 ], [ 493637.227414008986671, 2143412.53389177005738 ], [ 493644.581787546980195, 2143463.031817120034248 ], [ 493651.172980698989704, 2143511.509496490005404 ], [ 493659.54888341401238, 2143558.200520710088313 ], [ 493667.104009645001497, 2143623.600224849767983 ], [ 493672.730363711016253, 2143658.993995650205761 ], [ 493688.437511028023437, 2143757.802979149855673 ], [ 493694.415118789998814, 2143795.406788450200111 ], [ 493708.980199391022325, 2143887.031437479890883 ], [ 493718.573290363012347, 2143947.37875840999186 ], [ 493723.126952346996404, 2143972.32489993982017 ], [ 493738.1375554149854, 2144060.485453750006855 ], [ 493748.911465279990807, 2144136.527950009796768 ], [ 493757.522424875001889, 2144193.46235084021464 ], [ 493764.988497650017962, 2144237.067827240098268 ], [ 493778.633541587973014, 2144317.419465090148151 ], [ 493792.399517338024452, 2144405.272152150049806 ], [ 493800.546439179976005, 2144457.264759739860892 ], [ 493826.756272297992837, 2144546.790569469798356 ], [ 493843.692070949007757, 2144604.638747320044786 ], [ 493848.275100034021307, 2144655.289353230036795 ], [ 493860.337774513987824, 2144772.171670690178871 ], [ 493865.469729610020295, 2144829.785863810218871 ], [ 493870.524837039993145, 2144867.8973228498362 ], [ 493871.726272789994255, 2144886.563097060192376 ], [ 493872.694452647003345, 2144903.693077300209552 ], [ 493873.723267983004916, 2144921.77514939988032 ], [ 493880.557308414019644, 2145081.56610930012539 ], [ 493891.727135479974095, 2145186.061990899965167 ] ] ] ] } },
{ "type": "Feature", "properties": { "ID": 15.0, "ENTIDAD": 9, "MUNICIPIO": 8, "NOMBRE": "LA MAGDALENA CONTRERAS", "CONTROL": 11.0, "GEOMETRY1_": null, "ClaveEnt": "09" }, "geometry": { "type": "MultiPolygon", "coordinates": [ [ [ [ 478154.329922534001525, 2138161.410243200138211 ], [ 478161.127371006004978, 2138158.983692440204322 ], [ 478181.732474190997891, 2138107.175449760165066 ], [ 478194.415509874001145, 2138067.675103879999369 ], [ 478247.337705316022038, 2138086.621217560023069 ], [ 478266.64270857500378, 2138084.866216459777206 ], [ 478288.538460823998321, 2138064.276880760211498 ], [ 478294.767060808022507, 2138058.419912039767951 ], [ 478304.083704794989899, 2138049.659148380160332 ], [ 478265.820983382000122, 2138015.607733929995447 ], [ 478125.538221382012125, 2137885.444671520031989 ], [ 478049.423814710986335, 2137775.016541520133615 ], [ 478011.583630184002686, 2137724.260713839903474 ], [ 477975.252116940973792, 2137653.210662370081991 ], [ 477907.48491188097978, 2137483.103744530119002 ], [ 477661.981756434019189, 2137008.929816199932247 ], [ 477499.089295662997756, 2136849.535738859791309 ], [ 477500.759627251012716, 2136844.219534249976277 ], [ 476833.812884129001759, 2136369.346399470232427 ], [ 476804.337078567012213, 2136334.813024180009961 ], [ 476775.283231339999475, 2136288.578049410134554 ], [ 476741.172625696985051, 2136234.295978649985045 ], [ 476737.033774239011109, 2136223.024411070160568 ], [ 476730.094471284013707, 2136188.555434329900891 ], [ 476724.767248783027753, 2136161.919326299801469 ], [ 476727.662312218977604, 2136098.227871540002525 ], [ 476742.140121800999623, 2136016.959055790212005 ], [ 476756.857719724997878, 2135926.929159690160304 ], [ 476779.31613691302482, 2135804.914462919812649 ], [ 476795.358127853018232, 2135691.6295106401667 ], [ 476815.214876781974453, 2135590.818943850230426 ], [ 476847.571598462003749, 2135495.692546059843153 ], [ 476907.497865009005181, 2135365.453617929946631 ], [ 476968.19316380500095, 2135274.410669730044901 ], [ 477008.424975566973444, 2135217.091129459906369 ], [ 476971.118068080977537, 2135228.425445009954274 ], [ 476922.879354775010142, 2135242.143310360144824 ], [ 476877.682031301024836, 2135255.554574780166149 ], [ 476836.249173897027504, 2135261.582410859875381 ], [ 476818.407100717013236, 2135264.39683122979477 ], [ 476816.071163150016218, 2135275.709570169914514 ], [ 476700.162246133026201, 2135266.820532669778913 ], [ 476573.967605679994449, 2135254.10117261018604 ], [ 476463.769454862980638, 2135245.090596110094339 ], [ 476392.880351678992156, 2135225.520329030230641 ], [ 476354.716906170011498, 2135214.984593810047954 ], [ 476351.418899763026275, 2135189.542837209999561 ], [ 476337.50709674297832, 2135130.062937450129539 ], [ 476326.939558108977508, 2135119.901843020226806 ], [ 476316.372019474976696, 2135109.740748589858413 ], [ 476286.295178799016867, 2135082.102571790106595 ], [ 476258.457606433017645, 2135067.079484980087727 ], [ 476221.194619801011868, 2135041.461182860191911 ], [ 476175.74246843502624, 2135013.007131250109524 ], [ 476069.254194509005174, 2134912.20907458011061 ], [ 476076.570181364018936, 2134884.570896250195801 ], [ 476086.324831188016105, 2134864.248706109821796 ], [ 476103.437212829012424, 2134839.493253930006176 ], [ 476111.517133985995315, 2134825.465260189957917 ], [ 476096.161771055019926, 2134806.728900710120797 ], [ 475951.602582723018713, 2134743.298823500052094 ], [ 475918.862675389973447, 2134750.044737860094756 ], [ 475870.837046651984565, 2134729.904959579929709 ], [ 475861.32813099498162, 2134701.882836920209229 ], [ 475849.639865724020638, 2134691.926166929770261 ], [ 475837.951600452011917, 2134681.969496939796954 ], [ 475702.423858702997677, 2134616.537089219782501 ], [ 475726.286735996021889, 2134574.086280520074069 ], [ 475706.362174171023071, 2134562.589868729934096 ], [ 475700.165318739018403, 2134557.425822759978473 ], [ 475695.517677024006844, 2134550.196158240083605 ], [ 475689.837225780007429, 2134535.220424420200288 ], [ 475685.397910461004358, 2134481.948665469884872 ], [ 475681.402707529021427, 2134434.006252699997276 ], [ 475679.558018910000101, 2134411.250314389821142 ], [ 475670.255899799987674, 2134354.620371929835528 ], [ 475656.952941127994563, 2134273.633902600035071 ], [ 475648.970396364980843, 2134252.627207660116255 ], [ 475627.602476380008738, 2134225.865255020093173 ], [ 475618.219031849992462, 2134216.728663260117173 ], [ 475597.844297477975488, 2134197.857558430172503 ], [ 475582.29816992598353, 2134186.824636260047555 ], [ 475496.208761061017867, 2134125.727893989998847 ], [ 475556.712858096987475, 2134052.18112984020263 ], [ 475562.169685623026453, 2134043.909530620090663 ], [ 475571.935607347986661, 2134023.949806800112128 ], [ 475567.296542590018362, 2134025.191049059852958 ], [ 475551.572638417012058, 2134014.759006219916046 ], [ 475538.740759339008946, 2133993.706467530224472 ], [ 475536.499030178994872, 2133970.104161399882287 ], [ 475546.833712445979472, 2133954.602135930210352 ], [ 475542.958203969988972, 2133898.407295370008796 ], [ 475542.312285657972097, 2133883.551188080105931 ], [ 475546.382785169000272, 2133869.304436909966171 ], [ 475554.584720181010198, 2133849.317548950202763 ], [ 475561.043896463001147, 2133836.39919447991997 ], [ 475567.503072633990087, 2133820.897169180214405 ], [ 475572.670413167972583, 2133798.935966829769313 ], [ 475572.024494829005562, 2133783.433941829949617 ], [ 475562.98164650297258, 2133765.348246340174228 ], [ 475552.001045043987688, 2133745.324797799810767 ], [ 475535.207184494007379, 2133726.593184920027852 ], [ 475520.351077045022976, 2133709.153407379984856 ], [ 475512.600063916994259, 2133687.192205579951406 ], [ 475466.739907021983527, 2133654.250404309947044 ], [ 475447.362375679018442, 2133634.226956130005419 ], [ 475436.381774735986255, 2133626.475944070145488 ], [ 475419.273404709994793, 2133626.808471289929003 ], [ 475398.918548373971134, 2133609.036167489830405 ], [ 475388.583864065993112, 2133576.740282429847866 ], [ 475375.019592167984229, 2133563.821928809862584 ], [ 475364.684909128001891, 2133561.238258409779519 ], [ 475354.350226115027908, 2133559.300505720078945 ], [ 475325.929847116000019, 2133537.33930478990078 ], [ 475316.886999109992757, 2133527.004621809814125 ], [ 475295.954469260002952, 2133518.734324030112475 ], [ 475275.195813464990351, 2133500.846431029960513 ], [ 475261.018067403987516, 2133491.892065570224077 ], [ 475253.375059521989897, 2133489.972322919871658 ], [ 475234.528069284977391, 2133500.846432759892195 ], [ 475220.723422257986385, 2133502.711926280055195 ], [ 475202.068493622995447, 2133500.100236969999969 ], [ 475189.102147154975682, 2133479.36163969989866 ], [ 475211.395955962012522, 2133455.328406259883195 ], [ 475217.36838123499183, 2133441.894304930232465 ], [ 475217.738630698004272, 2133432.942490830086172 ], [ 475212.145000624994282, 2133427.343460300005972 ], [ 475200.205846094992012, 2133421.000784850213677 ], [ 475149.088493277027737, 2133422.495733359828591 ], [ 475130.806663178023882, 2133419.137846869882196 ], [ 475112.524832610972226, 2133404.960101389791816 ], [ 475100.585678178002127, 2133400.856017449870706 ], [ 475086.407932595000602, 2133403.094609580002725 ], [ 475073.352331512025557, 2133406.823044020216912 ], [ 475062.156525238009635, 2133396.751934660132974 ], [ 475043.501597276015673, 2133409.810385969933122 ], [ 475025.6641336689936, 2133404.332933019846678 ], [ 474991.454347369028255, 2133425.480528819840401 ], [ 474980.543742561014369, 2133434.559169969987124 ], [ 474947.242167785996571, 2133448.985741639975458 ], [ 474929.706535071018152, 2133451.224333920050412 ], [ 474916.279517897986807, 2133444.5107092699036 ], [ 474877.099636062979698, 2133438.16588567988947 ], [ 474866.652875814004801, 2133431.823210170026869 ], [ 474849.637758726021275, 2133432.29789412021637 ], [ 474832.406322547001764, 2133422.497985649853945 ], [ 474815.663652781979181, 2133419.77286275010556 ], [ 474783.824991924979258, 2133403.467721229884773 ], [ 474766.529725130007137, 2133385.000342349987477 ], [ 474740.383834691019729, 2133381.894471089821309 ], [ 474710.697671972971875, 2133400.482935729902238 ], [ 474697.266123304027133, 2133397.498147619888186 ], [ 474686.073165862006135, 2133390.036176390014589 ], [ 474651.748096948023885, 2133380.33561465004459 ], [ 474641.301336548000108, 2133370.635051869787276 ], [ 474624.884998426015954, 2133347.502940259873867 ], [ 474615.930632012023125, 2133331.086602869909257 ], [ 474577.128378601977602, 2133284.07618271978572 ], [ 474611.453445848019328, 2133255.720688680186868 ], [ 474607.954389465972781, 2133248.872755089774728 ], [ 474604.737671019975096, 2133243.03533704020083 ], [ 474583.844150606018957, 2133232.588577549904585 ], [ 474565.935418986016884, 2133227.365198129788041 ], [ 474556.981052928022109, 2133219.157029630150646 ], [ 474542.925657678977586, 2133209.693441620096564 ], [ 474539.818518086976837, 2133205.725481280125678 ], [ 474540.564713779021986, 2133172.892805669922382 ], [ 474535.341333460994065, 2133165.430834180209786 ], [ 474536.098833314026706, 2133157.885235 ], [ 474532.609959812019952, 2133141.971401839982718 ], [ 474526.715739090985153, 2133127.825273280031979 ], [ 474518.168507315975148, 2133119.117624990176409 ], [ 474501.016262717021164, 2133114.68942796997726 ], [ 474481.612789658014663, 2133122.139661979861557 ], [ 474475.645558919000905, 2133092.303513910155743 ], [ 474478.63034669298213, 2133074.394781639799476 ], [ 474483.312794892990496, 2132855.39494707994163 ], [ 474498.031462708022445, 2132855.759009240195155 ], [ 474514.447799791989382, 2132855.012811339925975 ], [ 474533.848925278987736, 2132850.535627460107207 ], [ 474549.519064761989284, 2132839.342669180128723 ], [ 474565.189204245980363, 2132828.149710900150239 ], [ 474583.844132265017834, 2132816.210555320139974 ], [ 474595.037088765006047, 2132802.032808550167829 ], [ 474603.991453614027705, 2132782.631681660190225 ], [ 474631.227647599996999, 2132744.202526070177555 ], [ 474645.778490965021774, 2132723.68210317986086 ], [ 474652.494264487002511, 2132706.519567910116166 ], [ 474666.672009135014378, 2132682.641257760114968 ], [ 474699.504681515973061, 2132640.108017470221967 ], [ 474700.79699092701776, 2132614.261805459856987 ], [ 474675.626370646990836, 2132587.128019229974598 ], [ 474621.045081092976034, 2132554.155808419920504 ], [ 474605.512743377010338, 2132513.016106879804283 ], [ 474603.833570374001283, 2132477.753505050204694 ], [ 474541.284429395978805, 2132376.163630879949778 ], [ 474514.41768386302283, 2132323.26972919004038 ], [ 474516.516647859010845, 2132316.133250140119344 ], [ 474513.158304644981399, 2132308.996771330013871 ], [ 474489.64990417700028, 2132305.218636449892074 ], [ 474473.558793793024961, 2132289.883382020052522 ], [ 474474.899049991974607, 2132264.777870899997652 ], [ 474480.548466586973518, 2132250.25079715019092 ], [ 474491.847300458990503, 2132236.530782789923251 ], [ 474539.463815475988667, 2132197.791918030008674 ], [ 474567.710901495011058, 2132193.756618590094149 ], [ 474574.479885286011267, 2132178.603725479915738 ], [ 474552.376767171022948, 2132152.596577669959515 ], [ 474533.007335531001445, 2132127.577729700133204 ], [ 474526.550858578004409, 2132125.15655107004568 ], [ 474507.988487716007512, 2132126.77067115996033 ], [ 474490.233176177018322, 2132121.928314109798521 ], [ 474475.706108740007039, 2132111.436628410127014 ], [ 474441.809599154978059, 2132106.594183099921793 ], [ 474423.247227472020313, 2132089.645931490231305 ], [ 474406.298974925011862, 2132071.08356053987518 ], [ 474397.42131858097855, 2132055.749427780043334 ], [ 474395.807198796013836, 2132042.836473620031029 ], [ 474402.263674890971743, 2132025.88822090998292 ], [ 474415.176627616980113, 2132004.097610080149025 ], [ 474422.440163641003892, 2131994.412894090171903 ], [ 474429.703699663979933, 2131984.728178089950234 ], [ 474432.124878232018091, 2131979.078760509844869 ], [ 474430.510758375981823, 2131964.551687070168555 ], [ 474425.668400096008554, 2131950.024613779969513 ], [ 474394.193074029986747, 2131917.742229590192437 ], [ 474369.174225130991545, 2131892.723381869960576 ], [ 474369.981284594978206, 2131889.495143270120025 ], [ 474348.997734012024011, 2131870.93277249019593 ], [ 474328.821243176993448, 2131855.598640230018646 ], [ 474295.772473303019069, 2131853.1204156097956 ], [ 474265.790331056981813, 2131831.421328050084412 ], [ 474261.835294430027716, 2131823.316257620230317 ], [ 474268.790935887023807, 2131781.777610050048679 ], [ 474272.327065168996342, 2131730.50439858995378 ], [ 474269.820342612976674, 2131723.088059430010617 ], [ 474238.957829884020612, 2131612.783281879965216 ], [ 474230.359958933026064, 2131580.391307440120727 ], [ 474217.043471238983329, 2131486.772389790043235 ], [ 474219.061119352991227, 2131466.595898699946702 ], [ 474234.798780562996399, 2131441.577049150131643 ], [ 474255.378799883997999, 2131427.04997471999377 ], [ 474263.449395933013875, 2131426.646444540005177 ], [ 474284.432945995999034, 2131433.10292073013261 ], [ 474317.966808272001799, 2131401.986590229906142 ], [ 474332.452991047990508, 2131398.399354069959372 ], [ 474344.155354843009263, 2131387.100518589839339 ], [ 474352.629480210016482, 2131375.801683249883354 ], [ 474360.700075612985529, 2131360.871079550124705 ], [ 474375.630678608024027, 2131366.924026189837605 ], [ 474411.550630269979592, 2131343.113563260063529 ], [ 474420.018954868020955, 2131319.307505459990352 ], [ 474403.474231600004714, 2131289.446299490053207 ], [ 474396.614223679003771, 2131260.997447470203042 ], [ 474381.280089451989625, 2131222.863880139775574 ], [ 474364.735366020002402, 2131189.37090579001233 ], [ 474347.024198920000345, 2131164.12307318020612 ], [ 474329.565799783973489, 2131127.368609460070729 ], [ 474322.768263038014993, 2131112.700241790153086 ], [ 474312.861567965010181, 2131086.899144750088453 ], [ 474294.525116512028035, 2131045.689283419866115 ], [ 474302.705235882021952, 2131027.163179669994861 ], [ 474308.729518900974654, 2131015.405714579857886 ], [ 474319.943549468996935, 2131001.729541319888085 ], [ 474346.57651534100296, 2130975.500101820100099 ], [ 474356.261230020027142, 2130961.780087490100414 ], [ 474369.981242267007474, 2130937.568297659978271 ], [ 474381.280075694026891, 2130913.356507940217853 ], [ 474389.005032802000642, 2130837.662034010048956 ], [ 474384.33336358400993, 2130799.251766880042851 ], [ 474385.555993192014284, 2130784.545469480101019 ], [ 474379.665949694986921, 2130760.822235859930515 ], [ 474382.447121458011679, 2130750.515538259875029 ], [ 474393.385960765997879, 2130709.977477860171348 ], [ 474390.157721079012845, 2130681.730390559881926 ], [ 474366.752990839013364, 2130645.412707739975303 ], [ 474334.470606169023085, 2130637.342112749814987 ], [ 474311.065876138978638, 2130605.866787780076265 ], [ 474260.221120088011958, 2130588.918537570163608 ], [ 474220.675198254990391, 2130565.513809729833156 ], [ 474196.463408862007782, 2130539.687902280129492 ], [ 474162.566904135979712, 2130513.054935620166361 ], [ 474148.846890183980577, 2130499.334922329988331 ], [ 474130.28451662597945, 2130442.03368860995397 ], [ 474128.75817253702553, 2130414.198815260082483 ], [ 474135.126871882996056, 2130388.767752049956471 ], [ 474135.12687137699686, 2130377.480990380048752 ], [ 474139.969227720983326, 2130348.414769750088453 ], [ 474139.969226379995234, 2130318.553563009947538 ], [ 474160.95277521701064, 2130296.762951740063727 ], [ 474157.724536094989162, 2130281.428818690124899 ], [ 474107.686832616978791, 2130108.718057559803128 ], [ 474133.512739147990942, 2130087.734505710192025 ], [ 474143.197453726024833, 2130071.593312439974397 ], [ 474160.952765188005287, 2130073.207430929876864 ], [ 474169.028955032001249, 2130076.428688489831984 ], [ 474175.479838358005509, 2130078.049788129981607 ], [ 474191.621030242007691, 2130071.593310279771686 ], [ 474204.533983546018135, 2130061.908594000153244 ], [ 474210.990459329972509, 2130037.696804440114647 ], [ 474220.6751747779781, 2130040.925042579881847 ], [ 474238.430486240016762, 2130042.539161080028862 ], [ 474259.414035919005983, 2130039.310921569820493 ], [ 474270.712869648006745, 2130021.555608950089663 ], [ 474280.39758415799588, 2130003.800296389963478 ], [ 474282.011702726013027, 2129989.273222759831697 ], [ 474275.555225351999979, 2129977.974388049915433 ], [ 474257.799913239025045, 2129961.83319600019604 ], [ 474240.044601846020669, 2129961.833196789957583 ], [ 474233.588124905014411, 2129960.219077790156007 ], [ 474227.131647674017586, 2129952.148481649812311 ], [ 474228.745766313979402, 2129939.235527310054749 ], [ 474241.658718971011695, 2129915.023737459909171 ], [ 474225.517523976974189, 2129852.073086080141366 ], [ 474206.148091482988093, 2129810.105985530186445 ], [ 474202.516321923001669, 2129780.648308739997447 ], [ 474198.884552362025715, 2129751.190631949808449 ], [ 474230.860501800023485, 2129490.52933515002951 ], [ 474251.363751246011816, 2129461.831328779924661 ], [ 474309.972473784000613, 2129382.094789590220898 ], [ 474407.713182633975521, 2129354.484583530109376 ], [ 474482.173726444016211, 2129418.915051000192761 ], [ 474523.434023679001257, 2129362.084633950144053 ], [ 474518.543654639972374, 2129314.5351911499165 ], [ 474515.822049973998219, 2129288.072814930230379 ], [ 474395.993088771007024, 2129158.513152149971575 ], [ 474458.76353937399108, 2129035.84225302003324 ], [ 474416.923231045017019, 2128938.28154197987169 ], [ 474479.123678771022242, 2128843.460846350062639 ], [ 474474.953644248016644, 2128748.250150780193508 ], [ 474511.533905792981386, 2128652.349448360037059 ], [ 474444.633412200026214, 2128483.898220289964229 ], [ 474050.060524657019414, 2128031.964934939984232 ], [ 473893.669377458980307, 2127797.033224860206246 ], [ 473822.578849778976291, 2127554.991458890028298 ], [ 473823.066923153004609, 2127224.547764770220965 ], [ 473759.08644867700059, 2127018.096258429810405 ], [ 473595.585243178007659, 2126647.913559509906918 ], [ 473335.653339396987576, 2126342.621339309960604 ], [ 473044.916755998972803, 2126133.301169409882277 ], [ 472786.992279611004051, 2125986.113542099948972 ], [ 472658.520311196974944, 2125912.799506640061736 ], [ 472276.827529237023555, 2125773.808508459944278 ], [ 472078.748341726022772, 2125544.688375149853528 ], [ 471809.826374738011509, 2125310.136672869790345 ], [ 471374.630928110971581, 2124948.542516970075667 ], [ 471402.103382544009946, 2124762.8526901002042 ], [ 471337.032898125005886, 2124539.151057030074298 ], [ 471170.769416394992732, 2124368.668285550083965 ], [ 470884.497322720009834, 2124142.806647679768503 ], [ 470572.205047115974594, 2124064.616091509815305 ], [ 469993.619990236009471, 2124155.231921310070902 ], [ 469696.038686215004418, 2124299.167852730024606 ], [ 469574.587804207985755, 2124325.238049829844385 ], [ 469401.096537670993712, 2124238.357423449866474 ], [ 469246.397677076980472, 2124252.479067670181394 ], [ 469036.753891759028193, 2124316.548014880158007 ], [ 468880.602755510015413, 2124307.85795971006155 ], [ 468691.203646821028087, 2124400.160177850164473 ], [ 468491.682193708023988, 2124365.409934510011226 ], [ 468300.840796990029048, 2124209.048801159951836 ], [ 468179.389903469011188, 2124026.617473269812763 ], [ 468131.6053604860208, 2123731.702507069800049 ], [ 468205.763489637989551, 2123535.050907639786601 ], [ 465439.793727095006034, 2123656.412693640217185 ], [ 465924.987579722015653, 2129104.782500150147825 ], [ 465653.905617384007201, 2129224.113388080149889 ], [ 465736.629576151026413, 2129314.87389065977186 ], [ 465817.386816014011856, 2129408.494725539814681 ], [ 466071.588683847978245, 2129767.467333170119673 ], [ 466348.050720476021525, 2130253.580868130084127 ], [ 466143.497722324973438, 2130464.432132800109684 ], [ 467237.145472735981457, 2132238.583151089958847 ], [ 467839.273705466010142, 2132166.854173750150949 ], [ 468193.936280567024369, 2132171.884190899785608 ], [ 468289.16697852301877, 2132291.705060529988259 ], [ 468351.647439245018177, 2132421.696006190031767 ], [ 468380.857658386987168, 2132551.066949110012501 ], [ 468676.03115324099781, 2132805.750850600190461 ], [ 469053.392569447983988, 2133090.68085215985775 ], [ 469105.822950151981786, 2133093.420869360212237 ], [ 469305.589400071010459, 2133092.335850839968771 ], [ 469378.824932739022188, 2133113.030998039990664 ], [ 469497.595797962974757, 2133172.531426120083779 ], [ 469558.726244586985558, 2133227.991827750112861 ], [ 469625.356732057989575, 2133301.312359460163862 ], [ 469741.367577327997424, 2133363.542807640042156 ], [ 469962.309183362987824, 2133410.833141350187361 ], [ 470060.289898831979372, 2133494.523747160099447 ], [ 470096.040160674019717, 2133540.444080490153283 ], [ 470111.170272337971255, 2133576.26434116018936 ], [ 470135.13690239097923, 2133674.593168389983475 ], [ 470181.369063051010016, 2133864.271655910182744 ], [ 470716.66421610902762, 2134438.929369309917092 ], [ 470771.455437937984243, 2134497.749625950120389 ], [ 470713.287930041027721, 2135794.442932350095361 ], [ 470782.519287655013613, 2135975.046473950147629 ], [ 470829.175202568003442, 2136002.137005189899355 ], [ 470948.28037570102606, 2135960.796297329943627 ], [ 471011.289536739001051, 2135917.234345510136336 ], [ 471116.701998737000395, 2135870.204170159995556 ], [ 471152.686847981996834, 2135854.14939126977697 ], [ 471161.64675327797886, 2135788.924608259927481 ], [ 471179.276217703998554, 2135762.133223209995776 ], [ 471183.141653480997775, 2135756.2589450199157 ], [ 471196.193712981010322, 2135680.121931270230561 ], [ 471241.875921229016967, 2135651.842469030059874 ], [ 471256.559488165017683, 2135617.580812839791179 ], [ 471261.454010477988049, 2135606.16026077978313 ], [ 471335.415680974023417, 2135545.250649780035019 ], [ 471344.117053974012379, 2135503.919128030072898 ], [ 471411.552694720972795, 2135429.957457540091127 ], [ 471470.286962468002457, 2135406.028681789990515 ], [ 471498.02258890500525, 2135302.699877419974655 ], [ 471517.056842340971343, 2135293.99850441981107 ], [ 471540.441782278008759, 2135298.349190920125693 ], [ 471548.055483651987743, 2135301.61220578989014 ], [ 471555.669185027014464, 2135304.875220669899136 ], [ 471565.976315711974166, 2135313.464113689959049 ], [ 471585.036318900994956, 2135329.347832229919732 ], [ 471606.245915587001946, 2135320.646459230221808 ], [ 471622.560989962017629, 2135320.102623419836164 ], [ 471644.858258272986859, 2135333.15468291984871 ], [ 471689.996630708978046, 2135352.18893634993583 ], [ 471710.662391583027784, 2135358.714966100174934 ], [ 471720.451436206989456, 2135372.310861410107464 ], [ 471742.204868706001434, 2135412.010875720065087 ], [ 471755.256928206013981, 2135410.923204100225121 ], [ 471775.378853267000522, 2135403.309502719901502 ], [ 471782.992554642027244, 2135396.511555070057511 ], [ 471788.430912767013069, 2135382.099906039889902 ], [ 471795.500778328976594, 2135361.977980980183929 ], [ 471951.581656510010362, 2135388.625935790129006 ], [ 471969.528238321014214, 2135306.506728100124747 ], [ 471976.598103882977739, 2135309.769742980133742 ], [ 471988.018655945023056, 2135319.558787600137293 ], [ 471997.263864758017007, 2135329.347832229919732 ], [ 471999.983043820015155, 2135357.627294479869306 ], [ 472004.877566131995991, 2135375.030040480196476 ], [ 471999.439208007010166, 2135400.590323660057038 ], [ 472014.666610757005401, 2135399.502652040217072 ], [ 472025.543327005987521, 2135400.590323660057038 ], [ 472036.420043256017379, 2135401.677995290141553 ], [ 472058.717311566986609, 2135447.360203539952636 ], [ 472072.313206879014615, 2135505.006799660157412 ], [ 472092.547712503001094, 2135565.990745740011334 ], [ 472099.386726400000043, 2135576.933167260140181 ], [ 472116.762145948014222, 2135604.733836700208485 ], [ 472144.058785632019863, 2135644.960461100097746 ], [ 472155.869763666996732, 2135662.36611186992377 ], [ 472162.769569201976992, 2135672.534245709888637 ], [ 472171.244620739016682, 2135682.623592210002244 ], [ 472179.719672275008634, 2135692.71293871011585 ], [ 472187.976874766987748, 2135700.535551169887185 ], [ 472192.246985147998203, 2135704.580918679945171 ], [ 472195.055479632981587, 2135707.241597520187497 ], [ 472215.234173694974743, 2135729.841733620036393 ], [ 472283.841732862987556, 2135793.60640277992934 ], [ 472291.426088144013193, 2135799.72788965003565 ], [ 472343.087909421010409, 2135843.337802030146122 ], [ 472356.037285219004843, 2135854.26891383016482 ], [ 472357.968328045972157, 2135856.309674880001694 ], [ 472361.12909172300715, 2135859.650027229916304 ], [ 472364.289855398994405, 2135862.990379570052028 ], [ 472370.611382754985243, 2135869.671084249857813 ], [ 472396.969135767023545, 2135897.526435359846801 ], [ 472395.274032406974584, 2135905.695118189789355 ], [ 472394.73184520000359, 2135908.307911859825253 ], [ 472393.758279818983283, 2135912.999511799775064 ], [ 472401.398117595002986, 2135931.663574459962547 ], [ 472403.211915381019935, 2135936.094667959958315 ], [ 472407.996257852006238, 2135941.565602540038526 ], [ 472420.148741726996377, 2135955.324543879833072 ], [ 472437.911586011992767, 2135961.900863409973681 ], [ 472445.187921348027885, 2135963.128557540010661 ], [ 472454.386284942971542, 2135964.680544429924339 ], [ 472501.823630188009702, 2135997.057582850102335 ], [ 472510.962656241026707, 2136040.643698589876294 ], [ 472514.369033803988714, 2136056.889496100135148 ], [ 472537.047192667028867, 2136112.450980079825968 ], [ 472541.174683680990711, 2136122.563332110177726 ], [ 472552.97027143399464, 2136151.462519379798323 ], [ 472571.305858430976514, 2136178.000867390073836 ], [ 472583.807923239015508, 2136196.095960109960288 ], [ 472589.641445425979327, 2136204.539215399883687 ], [ 472613.043880296987481, 2136249.71135376021266 ], [ 472622.090827564010397, 2136267.174064630176872 ], [ 472631.137774832022842, 2136284.636775500141084 ], [ 472639.791602796991356, 2136303.180691049899906 ], [ 472651.403424275980797, 2136328.063163610175252 ], [ 472656.459574626001995, 2136334.541355890221894 ], [ 472661.651746543007903, 2136341.193825779948384 ], [ 472666.843918460013811, 2136347.846295679919422 ], [ 472682.284412642999087, 2136367.629427750129253 ], [ 472727.64086328697158, 2136404.300598599947989 ], [ 472741.225283804989886, 2136416.186965909786522 ], [ 472743.009142111986876, 2136417.747841849923134 ], [ 472750.801604112028144, 2136424.566245739813894 ], [ 472755.581044466001913, 2136428.90111383004114 ], [ 472770.153278219979256, 2136439.974731340073049 ], [ 472788.219245504005812, 2136461.182604840025306 ], [ 472799.257677053974476, 2136474.140762920025736 ], [ 472800.815513299021404, 2136475.969527109991759 ], [ 472802.373349544010125, 2136477.798291299957782 ], [ 472847.901710230973549, 2136510.718796379864216 ], [ 472862.390797007014044, 2136512.966323470231146 ], [ 472869.635340394976083, 2136514.090087019838393 ], [ 472876.879883783985861, 2136515.213850569911301 ], [ 472882.965071511978749, 2136519.182451019994915 ], [ 472894.708011117007118, 2136526.840889430139214 ], [ 472906.450950721977279, 2136534.499327830038965 ], [ 472936.022017657000106, 2136553.784805099945515 ], [ 472953.534918016986921, 2136577.431543959770352 ], [ 472963.557871758006513, 2136593.877319249790162 ], [ 472968.106506192008965, 2136601.413116110023111 ], [ 472976.224748642009217, 2136614.86274079978466 ], [ 472992.216819139022846, 2136641.357064850162715 ], [ 473006.946971045981627, 2136665.760747789870948 ], [ 473008.334750172973145, 2136668.059904110152274 ], [ 473012.306802337989211, 2136674.640467720106244 ], [ 473043.163569203985389, 2136724.354144569952041 ], [ 473052.592025997000746, 2136744.925321349874139 ], [ 473060.164903878991026, 2136749.829460159875453 ], [ 473074.016617267974652, 2136789.705600429791957 ], [ 473076.303194869018625, 2136796.288171600084752 ], [ 473079.625047008972615, 2136803.858903729822487 ], [ 473081.143664775998332, 2136807.319939279928803 ], [ 473085.221506219008006, 2136816.613623640034348 ], [ 473097.331876478972845, 2136844.214000029955059 ], [ 473105.637086612987332, 2136868.679752780124545 ], [ 473109.976167925982736, 2136876.641984269954264 ], [ 473112.492088913975749, 2136881.258709299843758 ], [ 473119.338636273983866, 2136893.851465180050582 ], [ 473126.185183633002453, 2136906.444221059791744 ], [ 473133.031730989983771, 2136919.03697693021968 ], [ 473140.140873691998422, 2136929.03937481995672 ], [ 473159.485769117018208, 2136956.257191259879619 ], [ 473175.089092486014124, 2136978.21070312988013 ], [ 473211.232561552023981, 2136996.745814130175859 ], [ 473232.3066633020062, 2137007.553045010194182 ], [ 473302.712941900012083, 2137027.280554510187358 ], [ 473341.689261670981068, 2137034.367156549822539 ], [ 473374.611293655994814, 2137040.352979240007699 ], [ 473463.506560029985849, 2137040.848519850056618 ], [ 473503.057906789006665, 2137051.442629099823534 ], [ 473540.106947508000303, 2137048.946859870105982 ], [ 473572.23019212501822, 2137046.797830659896135 ], [ 473581.506544167990796, 2137046.158020060043782 ], [ 473610.864504105993547, 2137043.472839340101928 ], [ 473670.44485380401602, 2137038.023414169903845 ], [ 473705.21568456402747, 2137043.438542160205543 ], [ 473709.702240160026122, 2137044.1372678601183 ], [ 473719.286521609988995, 2137045.629901470150799 ], [ 473737.948404487979133, 2137048.536259530112147 ], [ 473741.39835893001873, 2137049.073547380045056 ], [ 473756.610287368006539, 2137051.442617599852383 ], [ 473766.104256791993976, 2137054.190871560014784 ], [ 473783.448701262997929, 2137059.211631160229445 ], [ 473797.842107107979245, 2137066.486817679833621 ], [ 473824.602615499985404, 2137080.012990139890462 ], [ 473847.664938797999639, 2137088.691239949781448 ], [ 473876.546211000997573, 2137099.542713460046798 ], [ 473946.576132301008329, 2137128.071269140113145 ], [ 473972.127526006021071, 2137131.230094249825925 ], [ 474011.75056890497217, 2137136.128545760177076 ], [ 474096.601632024976425, 2137146.618371579796076 ], [ 474117.35963698499836, 2137149.184607630129904 ], [ 474128.650131419999525, 2137150.580410060007125 ], [ 474157.475044690014329, 2137157.908776780124754 ], [ 474185.455287536024116, 2137158.978211840149015 ], [ 474224.620011095015798, 2137154.879577979911119 ], [ 474265.381923760985956, 2137179.424951979890466 ], [ 474316.247121130989399, 2137196.739915269892663 ], [ 474335.824390625988599, 2137204.788347609806806 ], [ 474391.728369915974326, 2137196.739911950193346 ], [ 474399.205474162008613, 2137193.350855660159141 ], [ 474468.514768439985346, 2137161.935873109847307 ], [ 474498.225386111007538, 2137128.974760659970343 ], [ 474526.226949594973121, 2137116.696779880207032 ], [ 474530.634646049002185, 2137114.764934270177037 ], [ 474564.263711047999095, 2137056.985393359791487 ], [ 474581.760306486976333, 2137026.923741269856691 ], [ 474696.218983826984186, 2136830.267371830064803 ], [ 474720.895202216983307, 2136790.173300980124623 ], [ 474728.977245473011862, 2136772.940405770204961 ], [ 474755.622788635024335, 2136751.107002379838377 ], [ 474780.082547143974807, 2136751.98503716988489 ], [ 474814.919185302976985, 2136753.235572 ], [ 474862.583315627009142, 2136772.194413289893419 ], [ 474872.093699369987007, 2136768.612786899786443 ], [ 474916.962829136988148, 2136750.281177860219032 ], [ 474921.924333781993482, 2136751.39141994016245 ], [ 474974.111944021016825, 2136755.669213959947228 ], [ 474981.388949549989775, 2136755.955224949866533 ], [ 475050.404815049027093, 2136756.76351132011041 ], [ 475088.385316026979126, 2136764.500278660096228 ], [ 475174.896459434996359, 2136835.537880959920585 ], [ 475168.331908778985962, 2136864.273734880145639 ], [ 475501.66521585197188, 2137094.561133869923651 ], [ 475527.479028330009896, 2137131.717377290129662 ], [ 475563.853035646025091, 2137156.357832639943808 ], [ 475636.435964477015659, 2137242.671971119940281 ], [ 475675.712887830974068, 2137273.693336910102516 ], [ 475713.057721390970983, 2137335.374139780178666 ], [ 475792.309585854003672, 2137378.663155820220709 ], [ 475909.735153016983531, 2137420.431006269995123 ], [ 476006.710865475004539, 2137471.400855080224574 ], [ 476103.062746719981078, 2137509.925059219822288 ], [ 476137.232547799998429, 2137529.875845610164106 ], [ 476227.379853069025557, 2137531.564214750193059 ], [ 476265.073995478975121, 2137551.757504180073738 ], [ 476328.346305440994911, 2137573.29701197007671 ], [ 476346.973814341006801, 2137604.144354119896889 ], [ 476367.085166223987471, 2137609.235834950115532 ], [ 476385.923647508025169, 2137608.47211193991825 ], [ 476433.529000196023844, 2137639.2755739800632 ], [ 476450.585463972995058, 2137662.950962950009853 ], [ 476496.001731803000439, 2137685.494565720204264 ], [ 476547.780063007026911, 2137691.7643100800924 ], [ 476555.946208290988579, 2137697.011311490088701 ], [ 476558.114193724002689, 2137698.404309310019016 ], [ 476680.799126091995277, 2137777.233180239796638 ], [ 476711.19267276400933, 2137756.696997419930995 ], [ 476768.693979670002591, 2137777.233176719862968 ], [ 476855.767386446008459, 2137787.911987680010498 ], [ 476936.735853607999161, 2137805.384037480223924 ], [ 476985.70016901101917, 2137815.949965020176023 ], [ 477025.668299718992785, 2137852.354057210031897 ], [ 477088.293522131978534, 2137871.701684989966452 ], [ 477115.278373704990372, 2137870.93796169012785 ], [ 477193.382201893022284, 2137890.592882310040295 ], [ 477209.216207764984574, 2137911.415237079840153 ], [ 477268.133901945024263, 2137945.629846040159464 ], [ 477310.849157908989582, 2137946.451291639823467 ], [ 477346.171389934024774, 2137976.023391750175506 ], [ 477384.872322059003636, 2138034.629086030181497 ], [ 477457.506643111992162, 2138059.752974450122565 ], [ 477506.794321594003122, 2138069.790447240229696 ], [ 477546.258194327005185, 2138084.968858699779958 ], [ 477587.064733711013105, 2138077.377099050208926 ], [ 477611.532747399993241, 2138072.825723140034825 ], [ 477666.167650707007851, 2138051.576345509849489 ], [ 477804.953256664972287, 2138044.588555320166051 ], [ 477851.369422991992906, 2138029.384797669947147 ], [ 477899.262644288013689, 2138057.956224539782852 ], [ 477976.482657922024373, 2138066.731223490089178 ], [ 478009.242663919983897, 2138076.091224249918014 ], [ 478015.092665460018907, 2138090.131227029953152 ], [ 478154.329922534001525, 2138161.410243200138211 ] ] ] ] } },
{ "type": "Feature", "properties": { "ID": 11.0, "ENTIDAD": 9, "MUNICIPIO": 16, "NOMBRE": "MIGUEL HIDALGO", "CONTROL": 14.0, "GEOMETRY1_": null, "ClaveEnt": "09" }, "geometry": { "type": "MultiPolygon", "coordinates": [ [ [ [ 478884.677558791008778, 2153208.641909250058234 ], [ 478922.460689291008748, 2153207.602252080105245 ], [ 478994.947419686999638, 2153184.081870220135897 ], [ 479033.43820636998862, 2153171.592439460102469 ], [ 479088.457463653001469, 2153153.739876199979335 ], [ 479223.608263415982947, 2153109.886354359798133 ], [ 479244.83978278900031, 2153102.997183890081942 ], [ 479272.317448422021698, 2153094.35950089013204 ], [ 479312.611942337010987, 2153081.692811159882694 ], [ 479360.88848936202703, 2153066.516940140165389 ], [ 479412.365225250017829, 2153050.335080590099096 ], [ 479461.479291692026891, 2153034.895932950079441 ], [ 479510.593358138983604, 2153019.456785319838673 ], [ 479516.615770875010639, 2153017.532978440169245 ], [ 479559.555734321998898, 2153003.816184080205858 ], [ 479570.013622978003696, 2153001.038306910078973 ], [ 479621.947041903971694, 2152987.243489999789745 ], [ 479698.095822828006931, 2152967.016466420143843 ], [ 479756.642284918983933, 2152953.67131430003792 ], [ 479796.22838565899292, 2152944.648010119795799 ], [ 479958.535489852016326, 2152897.999138129875064 ], [ 480007.432432423986029, 2152883.945611489936709 ], [ 480007.050996345002204, 2152875.777623909991235 ], [ 480000.7886391839711, 2152741.676896269898862 ], [ 479996.697669177025091, 2152614.646366130094975 ], [ 479987.395507037988864, 2152473.913722520228475 ], [ 479984.758623099012766, 2152395.862034 ], [ 479984.39480808499502, 2152385.093120039906353 ], [ 479977.493203006975818, 2152254.262773199938238 ], [ 479984.498661154008005, 2152251.794637959916145 ], [ 480040.213794104987755, 2152232.165303189773113 ], [ 480046.150162038975395, 2152230.073825569823384 ], [ 480054.127876652986743, 2152227.527093189768493 ], [ 480058.76802974002203, 2152226.072053050156683 ], [ 480062.447718036011793, 2152224.871143409982324 ], [ 480071.946474682015833, 2152221.838847539853305 ], [ 480076.982370047015138, 2152220.231234529986978 ], [ 480148.508921089989599, 2152197.397755010053515 ], [ 480267.967831837013364, 2152159.262789039872587 ], [ 480265.408396608021576, 2152143.053035479970276 ], [ 480241.085752104001585, 2151997.889340030029416 ], [ 480211.660257467010524, 2151822.270544149912894 ], [ 480338.108533886028454, 2151788.77343 ], [ 480343.275489590014331, 2151787.404663970228285 ], [ 480536.368061936984304, 2151742.652289419900626 ], [ 480552.177798975026235, 2151738.988123239949346 ], [ 480663.967706501018256, 2151719.067759939935058 ], [ 480670.582108885981143, 2151717.88910883013159 ], [ 480776.50647816300625, 2151699.013953090179712 ], [ 480889.045249831979163, 2151678.960146250203252 ], [ 480896.753934899985325, 2151677.594397929962724 ], [ 480987.16290602699155, 2151661.576633600052446 ], [ 481003.142156668996904, 2151658.745588549878448 ], [ 481114.839838229003362, 2151638.956101790070534 ], [ 481216.194844782992732, 2151620.999027569778264 ], [ 481229.747220746008679, 2151618.722381460014731 ], [ 481242.952625649981201, 2151616.432250489946455 ], [ 481318.511495519021992, 2151602.260291109792888 ], [ 481345.412068911013193, 2151597.214770520105958 ], [ 481413.389815867994912, 2151584.464740380179137 ], [ 481435.261298143013846, 2151580.553192969877273 ], [ 481551.430108571017627, 2151559.777289310004562 ], [ 481672.799725399003364, 2151538.071261200122535 ], [ 482038.904261175019201, 2151472.596263989806175 ], [ 482125.096512902004179, 2151457.181438779924065 ], [ 482268.8385245379759, 2151432.725327140185982 ], [ 482288.746436141023878, 2151429.338216419797391 ], [ 482302.667255185020622, 2151426.823882929980755 ], [ 482311.848629755026195, 2151425.165572629775852 ], [ 482330.821754538977984, 2151421.73870794987306 ], [ 482353.240416289016139, 2151417.689521490130574 ], [ 482362.232146184018347, 2151416.484741140156984 ], [ 482378.601619862020016, 2151413.210845760069788 ], [ 482394.971093559986912, 2151410.591729360166937 ], [ 482401.552930612990167, 2151409.565988270100206 ], [ 482408.6801595800207, 2151408.424135509878397 ], [ 482420.205969438015018, 2151406.577586459927261 ], [ 482437.328128263005055, 2151403.610278539825231 ], [ 482495.189572207978927, 2151392.725352049805224 ], [ 482570.507039276009891, 2151379.372252440080047 ], [ 482615.530931448971387, 2151371.164141689892858 ], [ 482626.470017789979465, 2151369.169884250033647 ], [ 482665.453880954999477, 2151362.421742090024054 ], [ 482686.708987976016942, 2151358.742463740054518 ], [ 482752.446064089017455, 2151347.003697670064867 ], [ 482785.721259985002689, 2151341.245138700120151 ], [ 482806.125009138020687, 2151337.714094350114465 ], [ 482813.982091144018341, 2151336.539203300140798 ], [ 482816.018276848015375, 2151336.234726860187948 ], [ 482820.014903327974025, 2151335.637100319843739 ], [ 482828.041764867026359, 2151334.436821669805795 ], [ 482813.63929162902059, 2151267.684693919960409 ], [ 482801.264554846973624, 2151190.641989139840007 ], [ 482797.073111671023071, 2151162.100261719897389 ], [ 482788.490632619010285, 2151098.031069340184331 ], [ 482780.336287670012098, 2151035.868150140158832 ], [ 482777.941198682005052, 2151017.609697219915688 ], [ 482771.692527294973843, 2150954.4981326200068 ], [ 482768.300145943998359, 2150921.467059279792011 ], [ 482765.756289539975114, 2150896.697937310207635 ], [ 482764.381293414975516, 2150881.985482870135456 ], [ 482759.507618040021043, 2150829.83717082021758 ], [ 482761.447560201981105, 2150638.065993850119412 ], [ 482761.05126521200873, 2150632.25366962980479 ], [ 482760.654970223025884, 2150626.441345400176942 ], [ 482741.632816317025572, 2150536.878713429905474 ], [ 482718.241626095026731, 2150435.7577979802154 ], [ 482678.079922356002498, 2150262.137378939893097 ], [ 482647.039045287005138, 2150093.987581579945982 ], [ 482617.233089992019814, 2149930.661309809889644 ], [ 482618.270357676025014, 2149912.235061190091074 ], [ 482618.911885603971314, 2149900.949346719775349 ], [ 482429.675548975006677, 2149559.344106070231646 ], [ 482403.790750675019808, 2149512.989828090183437 ], [ 482345.102956335002091, 2149382.924636419862509 ], [ 482312.92470614699414, 2149316.985601489897817 ], [ 482285.151893237023614, 2149260.074101659934968 ], [ 482203.91030694701476, 2149104.121458690147847 ], [ 482041.071711405005772, 2148876.036396670155227 ], [ 482010.514891990984324, 2148826.930349700152874 ], [ 481909.678233241022099, 2148666.03196397004649 ], [ 481836.852412574982736, 2148523.288244309835136 ], [ 481781.000633506977465, 2148413.814837490208447 ], [ 481733.872396807011683, 2148329.972035659942776 ], [ 481652.082036659005098, 2148201.144361999817193 ], [ 481644.858292258984875, 2148189.804426909890026 ], [ 481566.102635657996871, 2148071.024014419876039 ], [ 481446.292247229022905, 2147875.61898197978735 ], [ 481415.269914315023925, 2147819.27957470016554 ], [ 481356.656177168013528, 2147721.415088329929858 ], [ 481370.526668349979445, 2147717.841581310145557 ], [ 481357.199105784995481, 2147679.94861534005031 ], [ 481349.099391295982059, 2147657.577975320164114 ], [ 481346.39948646601988, 2147640.607144960202277 ], [ 481344.470983016013633, 2147614.765198729932308 ], [ 481344.8566837059916, 2147580.82353801978752 ], [ 481345.62808508600574, 2147556.138693859800696 ], [ 481346.39948646601988, 2147524.318386930041015 ], [ 481347.170887845975813, 2147492.498080010060221 ], [ 481346.785187155997846, 2147443.514092380180955 ], [ 481346.39948646601988, 2147391.058798550162464 ], [ 481346.785187155997846, 2147366.759655079804361 ], [ 481345.62808508600574, 2147342.8462123000063 ], [ 481342.542479566007387, 2147305.433245370164514 ], [ 481340.999676805979107, 2147280.362700520083308 ], [ 481338.299771976016928, 2147249.892346010077745 ], [ 481332.514261626987718, 2147209.393773559946567 ], [ 481327.500152656983119, 2147193.580045280046761 ], [ 481216.804054633015767, 2146979.901863030157983 ], [ 481119.607480757986195, 2146832.178498759865761 ], [ 481115.550693063996732, 2146824.669998819939792 ], [ 480979.158603669027798, 2146572.252925130072981 ], [ 480871.601937100989744, 2146373.194677690044045 ], [ 480855.402508121973369, 2146357.766650089994073 ], [ 480797.547404624987394, 2146255.941667930223048 ], [ 480737.289411087986082, 2146138.759510139934719 ], [ 480652.625231869984418, 2145974.115271039772779 ], [ 480838.129256615997292, 2145906.659252339974046 ], [ 480974.522993258025963, 2145857.061522840056568 ], [ 481027.774931214982644, 2145837.492331409826875 ], [ 481211.413396176008973, 2145770.008284620009363 ], [ 481287.970870235993061, 2145741.666218 ], [ 481331.079524344997481, 2145725.70711850002408 ], [ 481404.192377171013504, 2145699.165252009872347 ], [ 481430.366012941987719, 2145690.079429930076003 ], [ 481689.395123346010223, 2145600.160898520145565 ], [ 481736.87018382397946, 2145584.006157550029457 ], [ 481784.345214602013584, 2145567.851332160178572 ], [ 481880.151023786980659, 2145535.250582579988986 ], [ 481973.605578601011075, 2145503.457525739911944 ], [ 482013.874296614027116, 2145489.758186589926481 ], [ 482027.530958811985329, 2145485.100217029917985 ], [ 482030.779583716997877, 2145469.555277159903198 ], [ 482046.440702783002052, 2145394.615522250067443 ], [ 482055.248725356010254, 2145352.468403 ], [ 482064.952985848009121, 2145310.275670220144093 ], [ 482069.733456282003317, 2145290.708093849942088 ], [ 482098.743220582022332, 2145146.090523960068822 ], [ 482102.252414320013486, 2145128.596722039859742 ], [ 482107.475440656009596, 2145102.559234530199319 ], [ 482114.069130972027779, 2145076.965158290229738 ], [ 482098.339609325979836, 2145072.735164579935372 ], [ 482094.458987569028977, 2145071.511061820201576 ], [ 482090.053427061997354, 2145070.121372450143099 ], [ 482086.416362868971191, 2145068.974097449798137 ], [ 482077.464885667024646, 2145065.664922810159624 ], [ 482074.735797115019523, 2145064.65603563003242 ], [ 481977.985035984020215, 2145028.889294830150902 ], [ 481923.660270822001621, 2145010.088688449934125 ], [ 481848.982168157002889, 2144987.379559400025755 ], [ 481609.850221214001067, 2144911.370955150108784 ], [ 481590.210376158996951, 2144903.166321109980345 ], [ 481579.698385357973166, 2144900.36583951022476 ], [ 481569.266818602976855, 2144900.691826319787651 ], [ 481558.190428589994553, 2144902.507756750099361 ], [ 481536.949979486002121, 2144911.172964890021831 ], [ 481516.206062529992778, 2144919.252175739966333 ], [ 481500.047643048979808, 2144926.89467237982899 ], [ 481478.211941040004604, 2144936.939096559770405 ], [ 481482.797438272973523, 2144928.859886220190674 ], [ 481484.544294257997535, 2144922.52753221988678 ], [ 481483.67086582997581, 2144912.046394700184464 ], [ 481480.177153136988636, 2144902.001971319783479 ], [ 481471.006157873023767, 2144893.049333290196955 ], [ 481459.484194995020516, 2144889.645788049791008 ], [ 481345.497627427976113, 2144867.086273329798132 ], [ 481336.510538324015215, 2144865.202935909852386 ], [ 481296.983453636988997, 2144855.693594180047512 ], [ 481260.569840340991504, 2144846.9871760699898 ], [ 481218.33697119099088, 2144836.637329400051385 ], [ 481153.331640238990076, 2144819.816103970166296 ], [ 481140.850442574999761, 2144813.596867050044239 ], [ 481085.63750584499212, 2144800.113260900136083 ], [ 481003.070653475006111, 2144781.412666869815439 ], [ 480974.07933768897783, 2144776.892411069944501 ], [ 480948.084464540996123, 2144771.792272210121155 ], [ 480866.190072229015641, 2144756.662196349818259 ], [ 480855.185395683976822, 2144754.62907068990171 ], [ 480844.476015643973369, 2144743.083952280227095 ], [ 480736.878399472974706, 2144702.463769239839166 ], [ 480672.402830896025989, 2144676.280067500192672 ], [ 480643.118705319997389, 2144671.248148120008409 ], [ 480564.918283556005917, 2144657.810894660186023 ], [ 480542.21028048399603, 2144650.544334209989756 ], [ 480472.216630309005268, 2144630.923767710104585 ], [ 480417.362672941992059, 2144615.547148319892585 ], [ 480307.332583906012587, 2144622.67369282990694 ], [ 480296.52680206898367, 2144623.020453060045838 ], [ 480278.663819368986879, 2144623.593680629972368 ], [ 480206.012796312978026, 2144618.770393200218678 ], [ 480194.832448242988903, 2144618.028132040053606 ], [ 480166.302366747986525, 2144616.134025429841131 ], [ 480160.864770238986239, 2144615.771909719798714 ], [ 480158.157149905979168, 2144615.591596260201186 ], [ 480154.444057882006746, 2144615.344323600176722 ], [ 480147.143751832016278, 2144614.862088679801673 ], [ 480139.427105885988567, 2144635.540456090122461 ], [ 480128.404686690017115, 2144665.077334620058537 ], [ 480116.169707187975291, 2144694.225546699948609 ], [ 480095.958306382002775, 2144748.459480099845678 ], [ 480064.497286813973915, 2144832.879894929938018 ], [ 480058.695359452976845, 2144848.44840229023248 ], [ 480031.039646557008382, 2144916.578185 ], [ 479994.352613988972735, 2145006.956602179910988 ], [ 479984.533031116996426, 2145030.687264080159366 ], [ 479963.823711320001166, 2145062.915764539968222 ], [ 479958.177771273010876, 2145072.594240940175951 ], [ 479950.164490125025623, 2145086.331575119867921 ], [ 479936.253413855971303, 2145104.334146440029144 ], [ 479923.160636170010548, 2145120.700120369903743 ], [ 479910.849923620990012, 2145133.626369969919324 ], [ 479893.166340748022776, 2145148.849995430093259 ], [ 479868.334628863027319, 2145167.343146699946374 ], [ 479847.058864832972176, 2145185.345718270167708 ], [ 479833.966087066975888, 2145199.256796179804951 ], [ 479823.328205336991232, 2145216.44106870982796 ], [ 479813.508622389985248, 2145237.716834580060095 ], [ 479806.179126583971083, 2145261.580994029995054 ], [ 479804.507338879979216, 2145281.904963300097734 ], [ 479806.962235965998843, 2145315.455208850093186 ], [ 479811.897662254981697, 2145366.864681030157954 ], [ 479814.545766768977046, 2145394.44844936998561 ], [ 479820.873317766003311, 2145457.02087899018079 ], [ 479820.211256071983371, 2145484.788647280074656 ], [ 479819.549194376973901, 2145512.556415569968522 ], [ 479807.616475851973519, 2145511.171371339820325 ], [ 479800.560359783004969, 2145510.341984920203686 ], [ 479797.96143852401292, 2145510.026329160202295 ], [ 479792.760602310008835, 2145509.416790820192546 ], [ 479787.303805458999705, 2145508.777253860142082 ], [ 479738.855247328989208, 2145503.099079660139978 ], [ 479646.518650728976354, 2145492.145311099942774 ], [ 479559.128533417009749, 2145482.259758030064404 ], [ 479532.401991843013093, 2145476.836982230190188 ], [ 479511.750120910990518, 2145474.060260709840804 ], [ 479477.199217827990651, 2145469.414762170054018 ], [ 479432.201998703007121, 2145464.311986139975488 ], [ 479382.566601968021132, 2145457.812114260159433 ], [ 479352.386300869984552, 2145453.816838350147009 ], [ 479342.207560388022102, 2145452.25087857991457 ], [ 479250.821455469995271, 2145439.261993329972029 ], [ 479222.98812401399482, 2145435.086994450073689 ], [ 479200.257569947978482, 2145430.448106519877911 ], [ 479181.702015527000185, 2145424.417551809921861 ], [ 479164.074238766974304, 2145416.995330450125039 ], [ 479114.920403589028865, 2145394.432915490120649 ], [ 479103.552436267025769, 2145389.643648029770702 ], [ 479016.557580493972637, 2145352.050893319770694 ], [ 478954.836944171984214, 2145325.048116450197995 ], [ 478944.118837154004723, 2145320.870720610022545 ], [ 478895.482587440987118, 2145301.023121490143239 ], [ 478851.87703449401306, 2145285.714790210127831 ], [ 478842.085042988008354, 2145282.747520320117474 ], [ 478802.119307616027072, 2145271.788682790007442 ], [ 478766.375370446010493, 2145267.249771260190755 ], [ 478741.97871492797276, 2145264.412951639853418 ], [ 478678.993791987013537, 2145257.15543167013675 ], [ 478604.10924303997308, 2145248.5267617800273 ], [ 478522.408815264003351, 2145239.448939130175859 ], [ 478466.807135204027873, 2145232.0732078300789 ], [ 478349.36277018400142, 2145216.754381389822811 ], [ 478177.167771210020874, 2145194.05982366995886 ], [ 478173.303832816018257, 2145193.394866949878633 ], [ 478116.17613226902904, 2145183.563590050209314 ], [ 478048.659806444018614, 2145173.918402830138803 ], [ 477924.057340748026036, 2145152.767275829799473 ], [ 477906.073256039991975, 2145149.714497880078852 ], [ 477896.081356070993934, 2145148.018384209834039 ], [ 477893.529419954982586, 2145147.307940899860114 ], [ 477849.827258776989765, 2145134.957341429777443 ], [ 477794.104792535013985, 2145115.742699480149895 ], [ 477736.46086196199758, 2145096.528057590126991 ], [ 477706.19779839302646, 2145085.960004500113428 ], [ 477681.398897128994577, 2145075.930653649847955 ], [ 477664.129504149022978, 2145068.418418189976364 ], [ 477647.231175952998456, 2145063.639858989976346 ], [ 477636.713264704972971, 2145057.057257569860667 ], [ 477608.443298908998258, 2145039.364496360067278 ], [ 477561.847787951002829, 2145013.424728639889508 ], [ 477542.160382744972594, 2145003.756806979887187 ], [ 477508.041829905996565, 2144987.009058060124516 ], [ 477441.88162012497196, 2144958.592309730127454 ], [ 477222.018437062972225, 2144882.91515095019713 ], [ 477183.799675730988383, 2144869.795278780162334 ], [ 477078.379834047984332, 2144834.01056500012055 ], [ 476922.000157418020535, 2144780.927560179959983 ], [ 476672.991367914015427, 2144696.979127920232713 ], [ 476644.448396386986133, 2144686.913525090087205 ], [ 476583.676319558988325, 2144664.9086112100631 ], [ 476516.197449217026588, 2144645.761105290148407 ], [ 476374.778804244007915, 2144624.993153039831668 ], [ 476283.95501246501226, 2144627.619567399844527 ], [ 476197.14234184398083, 2144639.619604079984128 ], [ 476159.394719559000805, 2144641.066477870102972 ], [ 476123.247954908001702, 2144641.190016920212656 ], [ 475868.412319559021853, 2144583.899544539861381 ], [ 475793.783254306996241, 2144562.180750289931893 ], [ 475755.577396804001182, 2144546.261644199956208 ], [ 475719.14044908201322, 2144538.974255930166692 ], [ 475682.416879660973791, 2144540.828983259852976 ], [ 475639.650941480998881, 2144542.98888101009652 ], [ 475598.898522857984062, 2144545.047085760161281 ], [ 475577.302293065004051, 2144539.157205630093813 ], [ 475545.457666033005808, 2144530.472308420110494 ], [ 475466.594068543985486, 2144496.395447830203921 ], [ 475250.318386512983125, 2144402.942999599967152 ], [ 475211.452308689011261, 2144389.582786629907787 ], [ 475160.440582291979808, 2144389.582788799889386 ], [ 475092.424947510997299, 2144399.299311410170048 ], [ 475047.182404325983953, 2144396.262900929898024 ], [ 475001.939860605983995, 2144380.77719955984503 ], [ 474962.466500042006373, 2144361.040520580019802 ], [ 474925.725909903994761, 2144326.72906190995127 ], [ 474916.161210666003171, 2144314.279771429952234 ], [ 474906.596511428011581, 2144301.830480960197747 ], [ 474895.058143600006588, 2144275.413693469949067 ], [ 474892.021730264998041, 2144251.122394309844822 ], [ 474893.009592088987119, 2144222.668570369947702 ], [ 474894.147212830022909, 2144111.447423260193318 ], [ 474889.592593246023171, 2144084.726994229946285 ], [ 474877.037129751988687, 2144027.888923990074545 ], [ 474840.705131739028729, 2143941.612868249882013 ], [ 474824.048612478014547, 2143894.921474810224026 ], [ 474814.987358192971442, 2143875.365969750098884 ], [ 474787.154733702016529, 2143857.03046589018777 ], [ 474722.008786830003373, 2143818.807080899830908 ], [ 474690.765322614985052, 2143802.852972560096532 ], [ 474661.183744626003318, 2143783.907468589954078 ], [ 474617.974697600991931, 2143744.354573519900441 ], [ 474605.011983442993369, 2143731.391859950032085 ], [ 474561.466641989012714, 2143697.69306886009872 ], [ 474521.252908536989707, 2143674.887725099921227 ], [ 474514.274581074016169, 2143671.344401659909636 ], [ 474495.318212079000659, 2143663.154276949819177 ], [ 474476.269051912997384, 2143663.015881100203842 ], [ 474459.558559093973599, 2143663.935116779990494 ], [ 474442.848066275008023, 2143664.854352470021695 ], [ 474438.056654184008949, 2143665.117925609927624 ], [ 474417.551199425011873, 2143666.245920210145414 ], [ 474404.256108666013461, 2143668.572561789769679 ], [ 474385.020828982000239, 2143675.187870840076357 ], [ 474341.436805290984921, 2143690.177088090218604 ], [ 474293.897587341023609, 2143704.701446440070868 ], [ 474268.304537680989597, 2143710.351861420087516 ], [ 474223.775252041989006, 2143710.119730390142649 ], [ 474192.531788191001397, 2143702.807431490160525 ], [ 474157.63217405701289, 2143688.847587049938738 ], [ 474100.801277710997965, 2143645.290788779966533 ], [ 474033.646178408991545, 2143586.042767100036144 ], [ 474030.867944059020374, 2143608.906698970124125 ], [ 474022.560015631024726, 2143675.102155399974436 ], [ 474009.50628599798074, 2143723.40096561005339 ], [ 474006.196994616009761, 2143735.645346399862319 ], [ 474000.237461054988671, 2143767.881014610175043 ], [ 473998.858151327993255, 2143780.793782010208815 ], [ 473998.015485231007915, 2143790.952369229868054 ], [ 474004.887956188991666, 2143813.206082100048661 ], [ 474009.796864462026861, 2143839.059660430066288 ], [ 474009.796865882002749, 2143870.803927749861032 ], [ 474023.541807765024714, 2143914.65683251991868 ], [ 474048.413605129986536, 2143944.110275319777429 ], [ 474064.122110381023958, 2143999.744557550176978 ], [ 474060.849508473009337, 2144063.233092329930514 ], [ 474058.23142727999948, 2144121.485459269955754 ], [ 474064.122118911996949, 2144190.864682400133461 ], [ 474091.612000700028148, 2144234.717586529906839 ], [ 474110.593109834007919, 2144271.370760309975594 ], [ 474114.520236661017407, 2144296.89707816997543 ], [ 474112.745652473997325, 2144317.594878990203142 ], [ 474103.646417948009912, 2144328.195018180180341 ], [ 474095.916689953010064, 2144335.303967589978129 ], [ 474113.865718888991978, 2144368.23986449977383 ], [ 474131.537785625027027, 2144393.766181750223041 ], [ 474139.640063508006278, 2144410.041370620019734 ], [ 474142.991903732996434, 2144427.801271949894726 ], [ 474130.714850365999155, 2144418.155200750101358 ], [ 474119.558333938999567, 2144416.025320339947939 ], [ 474105.460554088989738, 2144417.648086360190064 ], [ 474093.575571961991955, 2144423.546887800097466 ], [ 474084.698195196979214, 2144433.796376870013773 ], [ 474078.521590972028207, 2144441.873475779779255 ], [ 474070.667340076994151, 2144452.673072210047394 ], [ 474058.558703062008135, 2144464.454450299963355 ], [ 474027.796218812, 2144471.326921899802983 ], [ 474001.952041946002282, 2144473.577016950119287 ], [ 473981.685903185978532, 2144472.252909140195698 ], [ 473968.889333398023155, 2144469.363361599855125 ], [ 473936.163284821028356, 2144443.182524050120264 ], [ 473889.692295567016117, 2144399.984141769818962 ], [ 473852.384600551973563, 2144378.384951259940863 ], [ 473828.821846329024993, 2144376.421389389783144 ], [ 473788.896069141977932, 2144390.820852629840374 ], [ 473780.778879349993076, 2144396.908745789900422 ], [ 473769.14781989302719, 2144404.265656409785151 ], [ 473750.933855095005129, 2144411.765525539871305 ], [ 473705.117388725979254, 2144411.76552759995684 ], [ 473671.082299363974016, 2144410.456487180199474 ], [ 473656.682838386972435, 2144407.838403929956257 ], [ 473630.501999986998271, 2144397.366069510113448 ], [ 473595.157868103997316, 2144382.31208867020905 ], [ 473574.86771865200717, 2144381.003047639969736 ], [ 473544.904962258995511, 2144384.236440119799227 ], [ 473483.889307308010757, 2144390.820866390131414 ], [ 473462.944637116976082, 2144394.093472210224718 ], [ 473451.817781148012727, 2144397.366077600046992 ], [ 473440.03640446998179, 2144405.874850810039788 ], [ 473400.110628732014447, 2144451.691320879850537 ], [ 473390.336610650992952, 2144463.309494869783521 ], [ 473365.421020374982618, 2144492.926143889781088 ], [ 473326.804286032973323, 2144527.615757329855114 ], [ 473294.078239685972221, 2144550.523992950096726 ], [ 473279.67877919197781, 2144558.378245309926569 ], [ 473268.551923196995631, 2144560.996329720132053 ], [ 473257.746245865011588, 2144559.807999739889055 ], [ 473250.546515077003278, 2144551.953748370055109 ], [ 473244.989167927007657, 2144536.124533739872277 ], [ 473257.425065035000443, 2144516.488903920166194 ], [ 473286.878506489971187, 2144490.3080635801889 ], [ 473296.041799162980169, 2144477.217643660027534 ], [ 473298.005361466028262, 2144465.436266019940376 ], [ 473292.114672271010932, 2144451.036804830189794 ], [ 473265.933833339018747, 2144429.110353359952569 ], [ 473241.389297168003395, 2144415.692674499936402 ], [ 473214.226677188009489, 2144401.947735259775072 ], [ 473197.209132310992572, 2144397.03882873011753 ], [ 473135.029641814995557, 2144387.875537930056453 ], [ 473122.593743618985172, 2144383.948412649799138 ], [ 473113.430450148996897, 2144379.694026739802212 ], [ 473064.668637797993142, 2144342.713593880180269 ], [ 473047.978352936974261, 2144327.98687270982191 ], [ 473038.815059449989349, 2144323.405226309783757 ], [ 473026.706421831971966, 2144321.768924430012703 ], [ 472885.984417479019612, 2144311.296595340128988 ], [ 472873.548519368981943, 2144309.333032989874482 ], [ 472856.530974197026808, 2144298.206177200190723 ], [ 472839.513428839971311, 2144283.152195559814572 ], [ 472830.022874906018842, 2144279.22507015010342 ], [ 472814.314372193010058, 2144280.206852340139449 ], [ 472806.054739100974984, 2144286.631012300029397 ], [ 472800.27831571502611, 2144300.067589520011097 ], [ 472796.903697833011393, 2144311.986020689830184 ], [ 472790.909837717015762, 2144321.027383599895984 ], [ 472784.418152778991498, 2144332.207509330008179 ], [ 472756.779673520009965, 2144421.5622473298572 ], [ 472752.437642775010318, 2144437.003302379976958 ], [ 472747.183064855984412, 2144458.605461350176483 ], [ 472747.992590776993893, 2144469.254209760110825 ], [ 472753.762978495971765, 2144482.958879369776696 ], [ 472764.448111673002131, 2144495.971356729976833 ], [ 472833.174669769010507, 2144536.506678400095552 ], [ 472877.713482840976212, 2144561.528481800109148 ], [ 472911.727329407993238, 2144583.940650019794703 ], [ 472978.447432312008459, 2144634.431535920128226 ], [ 473103.802724680979736, 2144742.008083629887551 ], [ 473134.341974226001184, 2144772.547331620007753 ], [ 473147.325345941993874, 2144789.858492960222065 ], [ 473161.390666113002226, 2144826.284062210004777 ], [ 473187.161181222007144, 2144910.911567110102624 ], [ 473188.694303237018175, 2144936.648454119917005 ], [ 473203.09376631397754, 2144985.083005580119789 ], [ 473207.020652047009207, 2145026.318330550100654 ], [ 473204.402811073989142, 2145047.262498090043664 ], [ 473201.522055441979319, 2145063.517862960230559 ], [ 473196.398213970009238, 2145079.6169668501243 ], [ 473196.026105175027624, 2145082.72045361995697 ], [ 473190.991215699003078, 2145099.503465170040727 ], [ 473186.409570002986584, 2145119.793615589849651 ], [ 473185.100529133982491, 2145142.047328770160675 ], [ 473187.718614130979404, 2145168.228167629800737 ], [ 473193.609303771983832, 2145192.44544340018183 ], [ 473200.15451475197915, 2145225.171491819899529 ], [ 473206.045204845024273, 2145259.206582210026681 ], [ 473206.699726668011863, 2145278.187690429855138 ], [ 473200.809038784995209, 2145292.096261399798095 ], [ 473209.192497130017728, 2145298.172695720102638 ], [ 473225.390649022010621, 2145309.91352964984253 ], [ 473248.706432576989755, 2145326.813377529848367 ], [ 473253.738635979010724, 2145330.460832559969276 ], [ 473258.473141469992697, 2145333.892509399913251 ], [ 473302.748260296997614, 2145365.984118590131402 ], [ 473307.617519504972734, 2145369.513467980083078 ], [ 473313.453798710019328, 2145373.743735370226204 ], [ 473342.352875121985562, 2145394.690440659876913 ], [ 473348.118897413020022, 2145398.869784249924123 ], [ 473374.191340719989967, 2145417.767681839875877 ], [ 473381.114354114979506, 2145422.785638790111989 ], [ 473416.457934246980585, 2145448.4047070001252 ], [ 473419.610702760983258, 2145450.693233800120652 ], [ 473486.507441647001542, 2145499.25213665002957 ], [ 473527.742263388005085, 2145545.068602960091084 ], [ 473564.26954442897113, 2145582.891175779979676 ], [ 473567.009835802018642, 2145585.728640470188111 ], [ 473569.772861703997478, 2145588.589645870029926 ], [ 473621.066551884985529, 2145631.622200380079448 ], [ 473625.920409508980811, 2145635.392492909915745 ], [ 473630.896999932010658, 2145638.988914330024272 ], [ 473656.001384668983519, 2145661.864207080099732 ], [ 473669.249312950996682, 2145676.522367409896106 ], [ 473674.63170381297823, 2145683.728165179956704 ], [ 473684.771999932010658, 2145697.303914349991828 ], [ 473735.13625833200058, 2145728.334452960174531 ], [ 473745.32814540702384, 2145737.102776530198753 ], [ 473785.65277852199506, 2145771.794849980156869 ], [ 473867.828534736996517, 2145839.539861869998276 ], [ 473914.817708258982748, 2145874.442471059970558 ], [ 473927.478886535973288, 2145889.192215669900179 ], [ 473954.032801887020469, 2145911.750328689813614 ], [ 473958.126541755977087, 2145915.047765760216862 ], [ 473962.004496842972003, 2145917.753158329986036 ], [ 473981.149521063023712, 2145934.529936459846795 ], [ 473985.252422815014143, 2145938.272057349793613 ], [ 473989.540485756995622, 2145941.80629504006356 ], [ 474015.308083853975404, 2145963.044046809896827 ], [ 474021.82897871901514, 2145968.418593009933829 ], [ 474044.88545407098718, 2145987.421793660148978 ], [ 474086.88698030798696, 2146022.039600899908692 ], [ 474091.992459681991022, 2146026.247315119951963 ], [ 474146.752722172997892, 2146071.381171720102429 ], [ 474150.385008660028689, 2146074.374958979897201 ], [ 474152.664453198027331, 2146076.253685790114105 ], [ 474156.327573806978762, 2146079.27284363983199 ], [ 474234.555136029026471, 2146143.748296239878982 ], [ 474242.151903654972557, 2146150.009580839890987 ], [ 474246.246558998012915, 2146152.224037160165608 ], [ 474274.223430784011725, 2146167.354385219980031 ], [ 474307.276738969027065, 2146176.517677390016615 ], [ 474323.3125023819739, 2146181.753844480030239 ], [ 474371.820704681973439, 2146202.770969539880753 ], [ 474382.935062449018005, 2146207.005294559989125 ], [ 474466.911523826012854, 2146284.041536460164934 ], [ 474482.785576900001615, 2146298.737988470122218 ], [ 474496.760558802983724, 2146311.676250049844384 ], [ 474520.650574235012755, 2146332.293659660033882 ], [ 474539.304421867011115, 2146347.674901709891856 ], [ 474548.140454896027222, 2146353.5655900798738 ], [ 474573.994032774993684, 2146365.346966470126063 ], [ 474584.57079861802049, 2146368.477647809777409 ], [ 474614.901592422975227, 2146377.455602690111846 ], [ 474657.118194076989312, 2146392.182322760112584 ], [ 474681.66273010300938, 2146404.945480669848621 ], [ 474709.479871128976811, 2146423.926587679889053 ], [ 474753.332775113987736, 2146437.998786699958146 ], [ 474800.785544226004276, 2146450.434683139901608 ], [ 474824.348298376018647, 2146452.725505529902875 ], [ 474867.219420102017466, 2146447.489335900172591 ], [ 474919.908355692983605, 2146434.726174669805914 ], [ 474957.216049409995321, 2146430.144526270218194 ], [ 474987.651273490977474, 2146432.435348370112479 ], [ 475009.904986030014697, 2146441.271380550228059 ], [ 475049.994394581008237, 2146455.670840240083635 ], [ 475078.138795644976199, 2146464.83413266018033 ], [ 475097.774424328003079, 2146472.033862529788166 ], [ 475111.519364664971363, 2146483.16071848012507 ], [ 475122.64622130402131, 2146496.251137469895184 ], [ 475150.790624433022458, 2146553.848981880117208 ], [ 475177.625985832011793, 2146615.373952169902623 ], [ 475197.261615735013038, 2146651.372604830190539 ], [ 475239.150958763028029, 2146710.279490599874407 ], [ 475250.277816226996947, 2146743.005538749974221 ], [ 475273.840572546003386, 2146796.67625749995932 ], [ 475281.040303502988536, 2146809.766676649916917 ], [ 475312.45731007901486, 2146837.911077139899135 ], [ 475344.52883737400407, 2146860.819309819955379 ], [ 475375.945843942987267, 2146888.963710309937596 ], [ 475398.199557551997714, 2146923.653320909943432 ], [ 475417.835186769021675, 2146943.943470229860395 ], [ 475432.889168745023198, 2146949.506897860206664 ], [ 475449.252192369021941, 2146949.343266929965466 ], [ 475457.270073804014828, 2146945.907031490001827 ], [ 475458.012623917020392, 2146947.797504739835858 ], [ 475461.110545938019641, 2146955.684566610027105 ], [ 475481.323721108026803, 2147006.777480899821967 ], [ 475499.525265994016081, 2147036.313571940176189 ], [ 475502.049687638995238, 2147040.410017339978367 ], [ 475505.061269112979062, 2147045.297033879905939 ], [ 475521.413131873006932, 2147075.011290580034256 ], [ 475544.975890215020627, 2147177.771082209888846 ], [ 475547.648004100017715, 2147181.026544759981334 ], [ 475637.917869149008766, 2147291.003206490073353 ], [ 475795.002903137996327, 2147464.451257510110736 ], [ 475873.545419974019751, 2147548.229938650038093 ], [ 475948.160809825989418, 2147600.591613309923559 ], [ 476030.630453419988044, 2147711.860175080131739 ], [ 476068.592668977973517, 2147730.841281699948013 ], [ 476097.391592306026723, 2147774.03966464009136 ], [ 476117.02722128102323, 2147789.748167150188237 ], [ 476152.371352811984252, 2147802.838585140183568 ], [ 476190.333568118978292, 2147815.929003019817173 ], [ 476212.587280868028756, 2147831.637505429796875 ], [ 476234.840994524012785, 2147869.599720859900117 ], [ 476259.712793074024376, 2147935.051816979888827 ], [ 476288.511717497021891, 2148005.740080699790269 ], [ 476313.383515342022292, 2148054.174631549976766 ], [ 476336.946270127024036, 2148073.810259730089456 ], [ 476377.52656918799039, 2148086.900677519850433 ], [ 476408.94357503199717, 2148099.991095670033246 ], [ 476423.343036064994521, 2148106.536304799839854 ], [ 476426.214552021992858, 2148109.509567270055413 ], [ 476587.092782034014817, 2148276.088200469966978 ], [ 476589.591362759994809, 2148278.675313480198383 ], [ 476571.224820305011235, 2148329.664284450002015 ], [ 476553.210687684011646, 2148360.688628110103309 ], [ 476526.189488133008126, 2148391.712972130160779 ], [ 476563.456432786013465, 2148395.100874830037355 ], [ 476555.462457951973192, 2148448.507534239906818 ], [ 476596.687322176992893, 2148453.463527380023152 ], [ 476647.034305541019421, 2148459.516168400179595 ], [ 476677.493926921975799, 2148477.089025999885052 ], [ 476703.497974600002635, 2148492.091360429767519 ], [ 476712.085345996019896, 2148497.045612909831107 ], [ 476704.966203588002827, 2148509.69517413014546 ], [ 476689.826981174002867, 2148531.666347720194608 ], [ 476688.563483568024822, 2148533.500030090101063 ], [ 476527.085639900004026, 2148767.848772599827498 ], [ 476521.532831021002494, 2148775.907424789853394 ], [ 476603.792606010974851, 2148838.542537160217762 ], [ 476612.954602412995882, 2148845.518761860206723 ], [ 476599.430676407995634, 2148852.990783419925719 ], [ 476186.068590305978432, 2149081.377599140163511 ], [ 476160.956967153004371, 2149095.252014810219407 ], [ 476152.432217916008085, 2149099.962068859953433 ], [ 476142.05143686599331, 2149105.305947479791939 ], [ 476044.609106859017629, 2149155.467851059976965 ], [ 476016.334350918012206, 2149170.023317560087889 ], [ 476004.372353160986677, 2149176.181184090208262 ], [ 475890.617264995991718, 2149234.740687650162727 ], [ 475853.23805414699018, 2149207.736964279785752 ], [ 475799.003828405984677, 2149168.556753839831799 ], [ 475750.800655449973419, 2149133.73348898999393 ], [ 475702.597519094997551, 2149098.910252450034022 ], [ 475687.157050070003606, 2149104.204128480050713 ], [ 475681.812599355005659, 2149105.961192050017416 ], [ 475665.783300314971711, 2149111.532272540032864 ], [ 475633.527032350015361, 2149120.648176180198789 ], [ 475624.06051896099234, 2149124.154292840044945 ], [ 475610.737278083979618, 2149133.620807319879532 ], [ 475599.517706824000925, 2149141.6848752098158 ], [ 475566.209604908013716, 2149171.837476510088891 ], [ 475535.706395981018431, 2149204.093747450038791 ], [ 475524.136213553021662, 2149222.676164160016924 ], [ 475513.617865859996527, 2149238.804299429990351 ], [ 475506.605634259991348, 2149254.231211300007999 ], [ 475504.068648857995868, 2149269.437930400017649 ], [ 475499.429761298990343, 2149292.323114910162985 ], [ 475495.718651769973803, 2149322.939780559856445 ], [ 475492.007542461971752, 2149358.813853410072625 ], [ 475487.05939687899081, 2149410.460147929843515 ], [ 475485.513101252028719, 2149423.449036379810423 ], [ 475483.039027896011248, 2149435.819406379945576 ], [ 475478.709399132989347, 2149448.189776449929923 ], [ 475470.050141201994848, 2149463.343479940202087 ], [ 475453.96866155002499, 2149476.332369000185281 ], [ 475439.124218642013147, 2149484.682369289919734 ], [ 475416.857553922978695, 2149488.702740440145135 ], [ 475320.677932692982722, 2149505.712003089953214 ], [ 475288.514972286007833, 2149505.40274519007653 ], [ 475169.45016810199013, 2149531.689786239992827 ], [ 475051.313141790975351, 2149561.687938239891082 ], [ 474994.40944432199467, 2149600.963865070138127 ], [ 474968.122416594997048, 2149622.302712690085173 ], [ 474941.835376291011926, 2149643.641643430106342 ], [ 474910.290935611003079, 2149672.402754770126194 ], [ 474882.148346473986749, 2149700.236088229808956 ], [ 474849.057609295006841, 2149721.265718449838459 ], [ 474795.246503719012253, 2149749.408312260173261 ], [ 474805.214660861995071, 2149753.569775590207428 ], [ 474858.953907156013884, 2149776.004604780115187 ], [ 474912.765014289994724, 2149784.045342899858952 ], [ 474974.616861729009543, 2149797.034228640142828 ], [ 474993.790934844000731, 2149810.641634699888527 ], [ 475012.346489623014349, 2149827.341633250005543 ], [ 475046.365006225008983, 2149846.515705119818449 ], [ 475180.763683340977877, 2149912.427671629935503 ], [ 475200.233808554010466, 2149921.976262189913541 ], [ 475207.798329935991205, 2149925.686065540183336 ], [ 475235.631661078019533, 2149926.923101350199431 ], [ 475246.2914859779994, 2149934.598174910061061 ], [ 475251.09462326799985, 2149938.056433590129018 ], [ 475274.598325286002364, 2149943.004580549895763 ], [ 475290.061286424985155, 2149929.397173029836267 ], [ 475302.431655274995137, 2149917.026802630163729 ], [ 475316.039060983981472, 2149902.800876690074801 ], [ 475330.264985658985097, 2149900.326802109833807 ], [ 475365.520538583979942, 2149905.274948580190539 ], [ 475431.702015800983645, 2149930.634204070083797 ], [ 475465.720532201987226, 2149945.478646509815007 ], [ 475502.831641204014886, 2149966.50827375985682 ], [ 475575.19830260402523, 2149980.115677610039711 ], [ 475603.031633302976843, 2149970.837899039965123 ], [ 475633.957556476991158, 2149964.652712809853256 ], [ 475680.346441467991099, 2149960.941599919926375 ], [ 475734.15754826599732, 2149961.560116189997643 ], [ 475757.094638178008609, 2149965.549174489919096 ], [ 475762.609398028987925, 2149966.508262959774584 ], [ 475799.720506722980645, 2149980.42492754990235 ], [ 475820.440875807020348, 2149989.702704110182822 ], [ 475842.70754118997138, 2150002.073073070030659 ], [ 475853.222355335019529, 2150006.402702100109309 ], [ 475923.114942412008531, 2150009.495291689876467 ], [ 475932.701978802972008, 2150012.58788377000019 ], [ 475955.896422102989163, 2150030.215659900102764 ], [ 475980.327902427001391, 2150050.00825071008876 ], [ 475998.264938496984541, 2150061.76010135980323 ], [ 476017.74827068898594, 2150072.274914959911257 ], [ 476048.983453768014442, 2150082.480468839872628 ], [ 476135.885300415975507, 2150127.013796870131046 ], [ 476214.127888682007324, 2150176.186013959813863 ], [ 476256.805664311978035, 2150208.348973909858614 ], [ 476277.8352932180278, 2150232.471194319892675 ], [ 476381.127883718989324, 2150387.719332090113312 ], [ 476433.083436621993314, 2150426.685995100066066 ], [ 476501.120470011024736, 2150473.693397889845073 ], [ 476521.531580006994773, 2150487.300803930032998 ], [ 476551.838985488982871, 2150500.908209579996765 ], [ 476578.879334387020208, 2150510.472664069849998 ], [ 476622.659351087990217, 2150525.958205739967525 ], [ 476650.801941904006526, 2150538.947092989925295 ], [ 476673.996385074977297, 2150554.410054400097579 ], [ 476690.07786582398694, 2150568.945238360203803 ], [ 476702.448236146010458, 2150593.06745911994949 ], [ 476726.261200901004486, 2150686.773009929805994 ], [ 476737.703794553992338, 2150736.873007430229336 ], [ 476739.250091845984571, 2150765.015598820056766 ], [ 476728.392381472978741, 2150806.367312700022012 ], [ 476724.71491006197175, 2150820.373004539869726 ], [ 476892.504733612993732, 2150908.026166589930654 ], [ 476904.050236549985129, 2150914.666055010166019 ], [ 476910.531734135001898, 2150918.393603390082717 ], [ 476911.104579540027771, 2150951.618561889976263 ], [ 476918.116836473986041, 2150951.488247139845043 ], [ 476928.200803974003065, 2150951.41159798996523 ], [ 476976.620198532997165, 2150953.294988300185651 ], [ 477048.813966445974074, 2150973.782406710088253 ], [ 477072.740122571995016, 2150980.572261089924723 ], [ 477102.77994363300968, 2150994.616851910017431 ], [ 477172.75680099701276, 2151027.333302730228752 ], [ 477207.82758547301637, 2151072.795428960118443 ], [ 477231.195189617981669, 2151102.39302782015875 ], [ 477391.148973830975592, 2151304.991756500210613 ], [ 477420.321991042001173, 2151367.021611810196191 ], [ 477505.958812976023182, 2151567.918042520061135 ], [ 477508.984197875019163, 2151575.015328640118241 ], [ 477510.424613739014603, 2151578.3944172100164 ], [ 477512.490726477000862, 2151587.157502400223166 ], [ 477514.341350044996943, 2151595.006779360119253 ], [ 477526.858426618971862, 2151648.096442009788007 ], [ 477538.758774983987678, 2151727.432080230209976 ], [ 477544.992290829017293, 2151769.933315 ], [ 477550.092439559986815, 2151789.200541339814663 ], [ 477556.042612693971023, 2151801.667570049874485 ], [ 477561.992785828013439, 2151814.134598750155419 ], [ 477669.424619546975009, 2151990.960192699916661 ], [ 477680.429563265992329, 2152009.073547520209104 ], [ 477676.224731207999866, 2152011.44038408016786 ], [ 477585.793485970993061, 2152062.341765659861267 ], [ 477667.833895082003437, 2152305.899253389798105 ], [ 477676.462793822982349, 2152331.516250509768724 ], [ 477705.318243094021454, 2152424.07152135996148 ], [ 477736.531210771005135, 2152524.188557739835232 ], [ 477765.432049238006584, 2152521.355140979867429 ], [ 477777.332394726981875, 2152526.455288719851524 ], [ 477795.260305044997949, 2152586.58848203998059 ], [ 477804.533187437977176, 2152617.69127203989774 ], [ 477839.66754083300475, 2152634.125081560108811 ], [ 477876.501944216026459, 2152668.126068119890988 ], [ 477878.034036586992443, 2152669.814496390055865 ], [ 477898.035315310000442, 2152691.856721160002053 ], [ 477904.269417722010985, 2152698.726956230122596 ], [ 477958.67099859402515, 2152762.195465019904077 ], [ 477976.804858980991412, 2152785.996155899949372 ], [ 478063.507376895984635, 2152845.497881560120732 ], [ 478087.308067454025149, 2152844.931197539903224 ], [ 478090.141483317012899, 2152853.431444420013577 ], [ 478185.910927611985244, 2152823.397234839852899 ], [ 478198.341742314980365, 2152833.424843300133944 ], [ 478207.251744684996083, 2152840.278691030107439 ], [ 478222.672904719016515, 2152908.131786270067096 ], [ 478226.442521648015827, 2152925.609098690096289 ], [ 478283.325207429996226, 2152980.007980850059539 ], [ 478288.866747551015578, 2152981.093739340081811 ], [ 478296.477554731012788, 2152982.584931009914726 ], [ 478319.320349721994717, 2152997.973964089993387 ], [ 478331.947414216003381, 2153006.426792060025036 ], [ 478389.1767679110053, 2153044.737349660135806 ], [ 478447.213309123995714, 2153075.756878850050271 ], [ 478466.055528056982439, 2153086.442050579935312 ], [ 478477.51332171401009, 2153091.951712400186807 ], [ 478554.934617112972774, 2153110.517721029929817 ], [ 478745.478116452984978, 2153171.560094439890236 ], [ 478786.279825502017047, 2153182.429401049856097 ], [ 478868.415138759010006, 2153204.309707640204579 ], [ 478884.677558791008778, 2153208.641909250058234 ] ] ] ] } },
{ "type": "Feature", "properties": { "ID": 4.0, "ENTIDAD": 9, "MUNICIPIO": 9, "NOMBRE": "MILPA ALTA", "CONTROL": 4.0, "GEOMETRY1_": null, "ClaveEnt": "09" }, "geometry": { "type": "MultiPolygon", "coordinates": [ [ [ [ 500441.271728837979026, 2125948.685306469909847 ], [ 500491.446084611001424, 2125940.759904180187732 ], [ 500496.04446334001841, 2125940.492958330083638 ], [ 500598.238186053000391, 2125930.913872039876878 ], [ 500669.260613048973028, 2125922.447363759856671 ], [ 500673.011715246015228, 2125922.000198840163648 ], [ 500683.25658123800531, 2125923.129059390164912 ], [ 500722.050945641996805, 2125918.836920659989119 ], [ 500755.995050367026124, 2125918.744625910185277 ], [ 500759.169464298000094, 2125918.347824150230736 ], [ 500777.967413257982116, 2125915.998080459889024 ], [ 500790.326867385010701, 2125912.42757136002183 ], [ 500889.458792763005476, 2125895.03776843007654 ], [ 500891.944970812997781, 2125894.601641059853137 ], [ 501219.392893688986078, 2125837.160460379905999 ], [ 501233.330967497022357, 2125817.385423299856484 ], [ 501549.064844242995605, 2125369.429041150026023 ], [ 501638.359291548025794, 2125561.618896489962935 ], [ 501810.842200339015108, 2125306.983216539956629 ], [ 501857.630979017994832, 2125241.761223900131881 ], [ 501883.884789186995476, 2125214.757303920108825 ], [ 501925.14077667100355, 2125150.99804833997041 ], [ 501973.897852758993395, 2125087.988901670090854 ], [ 502041.782704840006772, 2125010.727686129976064 ], [ 502109.66755692102015, 2124933.466470600105822 ], [ 502202.681055916007608, 2124835.952315090224147 ], [ 502279.192159899976104, 2124768.442515170201659 ], [ 502352.171829694998451, 2124719.925581379793584 ], [ 502354.376088837976567, 2124718.460188409779221 ], [ 502325.247033386025578, 2124628.446479570120573 ], [ 502176.274755491991527, 2124651.755712009966373 ], [ 502166.221118114015553, 2124653.583646120037884 ], [ 502047.341048165981192, 2124343.464428219944239 ], [ 502041.041878659976646, 2124327.685524110216647 ], [ 501990.594892647000961, 2124177.672110349871218 ], [ 501985.782515692990273, 2124162.737146589905024 ], [ 501980.970138738979585, 2124147.802182829938829 ], [ 501980.306362658971921, 2124130.378058460075408 ], [ 501982.629579173983075, 2124121.914912350010127 ], [ 501980.78373535501305, 2124116.717974069993943 ], [ 501972.914066092984285, 2124094.450275329872966 ], [ 501963.320978296978865, 2124051.856963059864938 ], [ 501954.354091217974201, 2124019.576167809776962 ], [ 501944.134802640997805, 2123982.786726919934154 ], [ 501947.58831432601437, 2123975.495979790110141 ], [ 501952.192996588011738, 2123960.530761990230531 ], [ 501950.586190785979852, 2123953.149040120188147 ], [ 501939.913844208989758, 2123904.12340248003602 ], [ 501989.797901568992529, 2123890.309355440083891 ], [ 501997.856095488998108, 2123877.262755319941789 ], [ 502013.205036216997541, 2123872.274349430110306 ], [ 502023.565571198996622, 2123872.274349470157176 ], [ 502025.484188809001353, 2123866.134772929828614 ], [ 502038.530788408999797, 2123868.053390650078654 ], [ 502057.716964309976902, 2123864.983602450229228 ], [ 502078.43803428899264, 2123860.378920120187104 ], [ 502102.996339443023317, 2123856.54168487014249 ], [ 502116.810386090015527, 2123855.00679078977555 ], [ 502123.333685917023104, 2123848.483490739949048 ], [ 502127.170921130978968, 2123838.890402399934828 ], [ 502124.228202429017983, 2123828.885158259887248 ], [ 502119.496450870006811, 2123812.797202069777995 ], [ 502118.345280367007945, 2123798.983154850080609 ], [ 502121.031345020979643, 2123790.924960650037974 ], [ 502129.473262441984843, 2123783.25049 ], [ 502146.726743354985956, 2123777.86272767977789 ], [ 502160.180172467022203, 2123773.661611469928175 ], [ 502201.229560350999236, 2123765.599207719787955 ], [ 502227.064557757985312, 2123766.775713639799505 ], [ 502255.569959015003406, 2123757.921763250138611 ], [ 502284.507260293001309, 2123749.283762869890779 ], [ 502322.298511961009353, 2123741.293612509965897 ], [ 502362.249263724021148, 2123732.43966211983934 ], [ 502369.807514057029039, 2123725.961161839775741 ], [ 502369.591564048023429, 2123719.26671154005453 ], [ 502364.192813810019288, 2123707.605411029886454 ], [ 502360.737613657023758, 2123689.897510250099003 ], [ 502364.624713829020038, 2123665.49515917012468 ], [ 502369.010501094977371, 2123648.852958180010319 ], [ 502374.558414267026819, 2123642.172558140009642 ], [ 502386.78829117002897, 2123632.173602059949189 ], [ 502395.374217021977529, 2123627.251800420228392 ], [ 502415.241617897991091, 2123626.819900400005281 ], [ 502429.062418507994153, 2123621.637100169900805 ], [ 502430.790018584986683, 2123612.135299750138074 ], [ 502429.062418507994153, 2123591.835998860187829 ], [ 502425.175318336987402, 2123558.579697390086949 ], [ 502418.264918031985871, 2123523.595795840024948 ], [ 502409.195017631980591, 2123492.4989944701083 ], [ 502399.261317192984279, 2123457.946992950048298 ], [ 502396.238017059979029, 2123433.328691860195249 ], [ 502401.85271730797831, 2123427.713991609867662 ], [ 502427.766718450991903, 2123421.667391350027174 ], [ 502465.342020109994337, 2123415.188891060184687 ], [ 502488.23272112000268, 2123411.301790889818221 ], [ 502501.189721692004241, 2123413.893191 ], [ 502510.691522111010272, 2123419.075991230085492 ], [ 502521.920922607008833, 2123421.235491329804063 ], [ 502537.469323293014895, 2123421.235491329804063 ], [ 502548.266823769023176, 2123426.85019158013165 ], [ 502566.406624570023268, 2123419.075991230085492 ], [ 502575.044624951027799, 2123421.667391350027174 ], [ 502591.888725695025641, 2123421.667391350027174 ], [ 502642.399476687016431, 2123448.186188019812107 ], [ 502645.817887955985498, 2123438.88051263988018 ], [ 502651.135416552016977, 2123434.322630839888006 ], [ 502657.782327288005035, 2123430.334484269842505 ], [ 502665.948531906004064, 2123425.396778999827802 ], [ 502672.785354382009245, 2123420.079250240232795 ], [ 502676.963412574026734, 2123414.761721460148692 ], [ 502687.598469789023511, 2123400.518340810202062 ], [ 502701.462026491994038, 2123386.844695399980992 ], [ 502708.095460489974357, 2123381.592190159950405 ], [ 502716.844877051014919, 2123378.298667049966753 ], [ 502724.441346438019536, 2123379.438137540128082 ], [ 502736.975520902022254, 2123386.654783819802105 ], [ 502753.497841764998157, 2123400.138517640065402 ], [ 502760.334664201014675, 2123403.746840780135244 ], [ 502767.7412218489917, 2123405.83586998982355 ], [ 502774.388132567983121, 2123405.645958280190825 ], [ 502780.27539635199355, 2123404.506487850099802 ], [ 502786.162660149973817, 2123400.328429540153593 ], [ 502790.91045354801463, 2123394.441165539901704 ], [ 502796.797717362991534, 2123387.604342829901725 ], [ 502800.026216880010907, 2123382.096902309916914 ], [ 502809.521803703974001, 2123364.814933760091662 ], [ 502817.400027924973983, 2123352.826331320218742 ], [ 502826.993683436012361, 2123338.227289869915694 ], [ 502834.590152896998916, 2123324.553644429892302 ], [ 502842.18662235699594, 2123310.879998989868909 ], [ 502849.178712119988631, 2123295.200766949914396 ], [ 502854.720796993991826, 2123282.773061119951308 ], [ 502863.45673686999362, 2123267.959945229813457 ], [ 502883.207557399990037, 2123246.689830140210688 ], [ 502886.1195509909885, 2123225.097110129892826 ], [ 502894.879281596979126, 2123204.65773815009743 ], [ 502895.849037407024298, 2123172.076443309895694 ], [ 503478.128317843016703, 2122601.064144019968808 ], [ 503485.643579608004075, 2122260.692344769835472 ], [ 503510.928565553971566, 2121115.503330000210553 ], [ 504923.748860027000774, 2119965.024854850023985 ], [ 504615.038013836019672, 2119445.993331210222095 ], [ 504445.329564897983801, 2119160.666039980016649 ], [ 504098.172858449979685, 2118576.994743059854954 ], [ 504536.276059815019835, 2117277.085222050081939 ], [ 504834.900696370983496, 2117258.717091780155897 ], [ 504919.549000494997017, 2117154.908003469929099 ], [ 505096.200153818004765, 2115667.073426240123808 ], [ 504635.556810418027453, 2113902.890486480202526 ], [ 504265.034125895006582, 2111565.703337740153074 ], [ 504096.66290267201839, 2110831.017944780178368 ], [ 503748.770370605983771, 2109808.660437880083919 ], [ 502840.923653107020073, 2109751.20879914984107 ], [ 501682.504942458996084, 2109657.038117019925267 ], [ 499691.163269001990557, 2109939.956181849818677 ], [ 496951.109403644979466, 2110338.133177740033716 ], [ 495351.39737935399171, 2109207.05490241991356 ], [ 493585.32407306501409, 2106307.803643149789423 ], [ 492645.808554269024171, 2106803.195772860199213 ], [ 488922.511253432021476, 2109183.050626379903406 ], [ 486779.856526151008438, 2110552.486037409864366 ], [ 484182.021603580971714, 2113188.922019009944052 ], [ 485036.586004081007559, 2116964.986127410084009 ], [ 485150.41069436899852, 2117522.185040379874408 ], [ 485454.339674143993761, 2117283.885787759907544 ], [ 486277.076648900983855, 2116677.976753470022231 ], [ 488022.657983131997753, 2118448.025550209917128 ], [ 489423.119543184991926, 2119868.117098299786448 ], [ 488764.863072398002259, 2120849.477506769821048 ], [ 488758.575413881975692, 2120856.564018660224974 ], [ 488751.40373164502671, 2120842.752902740146965 ], [ 488665.220716662006453, 2120961.779524470213801 ], [ 488666.682315171987284, 2121176.633888199925423 ], [ 488690.067827188991942, 2121379.795496940147132 ], [ 488696.977530073025264, 2121640.058125799987465 ], [ 488714.184139314980712, 2121734.962913820054382 ], [ 488703.952985142008401, 2122017.050615699961782 ], [ 488690.06784204102587, 2122131.054972060024738 ], [ 488697.375813856022432, 2122160.286858079954982 ], [ 488695.562582243990619, 2122218.481671479996294 ], [ 488747.113699096022174, 2122236.611587840132415 ], [ 488773.224683267006185, 2122238.717304650228471 ], [ 488783.093984703999013, 2122226.26678601000458 ], [ 488834.848601654986851, 2122210.287248140200973 ], [ 488986.257650287996512, 2122230.106995579786599 ], [ 488994.6321675759973, 2122237.065078 ], [ 488998.712398216011934, 2122241.208683229982853 ], [ 488998.053818233020138, 2122270.186228190083057 ], [ 489014.737859171000309, 2122301.578568240161985 ], [ 489014.298806755978148, 2122368.095205510035157 ], [ 489006.361354522989132, 2122431.126260770019144 ], [ 489006.497218454023823, 2122438.165695259813219 ], [ 489007.145202337007504, 2122471.739286459982395 ], [ 489007.71300347300712, 2122478.078160299919546 ], [ 489008.371584088017698, 2122482.029643690213561 ], [ 489008.33356154197827, 2122485.382396750152111 ], [ 489008.023310098971706, 2122491.277176590170711 ], [ 489008.68189078499563, 2122498.96061652014032 ], [ 489011.974793654982932, 2122507.961217539850622 ], [ 489013.950535802985542, 2122535.621601299848408 ], [ 489012.413847959018312, 2122539.792611590120941 ], [ 489009.779525856021792, 2122542.646460759919137 ], [ 489004.51088160998188, 2122546.158890550024807 ], [ 489002.791045711026527, 2122550.078445579856634 ], [ 489012.981649852998089, 2122585.646319440100342 ], [ 489015.176918526005466, 2122596.622662169858813 ], [ 489016.494080330012366, 2122634.381281310226768 ], [ 489012.98165114200674, 2122652.8215372399427 ], [ 489006.834899738023523, 2122668.188417240045965 ], [ 489001.12720188399544, 2122676.091384150087833 ], [ 488996.527431670983788, 2122686.609244369901717 ], [ 488999.198139161977451, 2122703.301164819858968 ], [ 489004.368014, 2122737.706746529787779 ], [ 489016.335177682980429, 2122747.590393569786102 ], [ 489020.341238561028149, 2122754.044602760113776 ], [ 489025.10575594502734, 2122770.306681910064071 ], [ 489025.460094344976824, 2122773.629789390135556 ], [ 489024.569858669012319, 2122776.077937739901245 ], [ 489021.899151550023817, 2122778.748645079787821 ], [ 489015.389302912983112, 2122783.311103470157832 ], [ 489007.210262252017856, 2122785.64797249995172 ], [ 488996.527433652023319, 2122789.654033619910479 ], [ 488986.512281924020499, 2122797.888714590109885 ], [ 488980.948308792023454, 2122805.010600780136883 ], [ 488978.055042781983502, 2122809.684338579885662 ], [ 488976.274571529007517, 2122819.699490909930319 ], [ 488975.606894896016456, 2122827.934171710163355 ], [ 488976.942248646984808, 2122836.613970340229571 ], [ 488979.48117652797373, 2122842.638338290154934 ], [ 488981.484206976019777, 2122846.421840230002999 ], [ 488983.48723740899004, 2122849.315106419846416 ], [ 488986.157944650971331, 2122853.098608349915594 ], [ 488989.518789853027556, 2122856.53416022984311 ], [ 488992.408000299008563, 2122858.714530770201236 ], [ 489002.126863414014224, 2122865.264199390076101 ], [ 489022.409708158986177, 2122878.152256980072707 ], [ 489033.827332374989055, 2122883.627787769772112 ], [ 489044.080730797024444, 2122891.402480009943247 ], [ 489055.970713095972314, 2122899.91192304994911 ], [ 489066.946655603998806, 2122906.963459270074964 ], [ 489137.474044753005728, 2122952.274050020147115 ], [ 489162.695988631981891, 2122966.199279639869928 ], [ 489188.901191628014203, 2122983.934583909809589 ], [ 489216.696190661983564, 2122997.676135169807822 ], [ 489237.069815014023334, 2123015.272738640196621 ], [ 489241.62371365702711, 2123020.599940849933773 ], [ 489248.267635656986386, 2123028.372076049912721 ], [ 489253.347303233982529, 2123036.566550590097904 ], [ 489262.543871460016817, 2123053.876518279779702 ], [ 489266.346905111975502, 2123070.356330039910972 ], [ 489320.848192795005161, 2123057.523038180079311 ], [ 489325.395020327006932, 2123077.601024239789695 ], [ 489335.526123762014322, 2123074.431035719811916 ], [ 489351.583375549991615, 2123068.93776480993256 ], [ 489360.668399597983807, 2123066.402408979833126 ], [ 489372.695295085024554, 2123065.8798544597812 ], [ 489384.120438584010117, 2123068.726484579965472 ], [ 489389.100370243017096, 2123072.04656489007175 ], [ 489395.016200023994315, 2123079.441352140158415 ], [ 489399.332572305982467, 2123087.741651799995452 ], [ 489400.720750269014388, 2123091.906850730068982 ], [ 489403.467385552998167, 2123096.977562020067126 ], [ 489407.14991886599455, 2123101.052268910221756 ], [ 489412.854468956997152, 2123105.277861579786986 ], [ 489420.037976455001626, 2123109.292174589820206 ], [ 489429.334280214970931, 2123111.193691169843078 ], [ 489437.996745025971904, 2123109.926013180054724 ], [ 489443.49001536500873, 2123107.601937049999833 ], [ 489457.011911583016627, 2123101.686106909997761 ], [ 489465.382635910005774, 2123096.133236079942435 ], [ 489470.956367116014007, 2123098.728191710077226 ], [ 489489.458195273997262, 2123111.344575900118798 ], [ 489491.57099176000338, 2123121.485998520161957 ], [ 489493.261229336028919, 2123150.642588660120964 ], [ 489497.90938141499646, 2123162.474248359911144 ], [ 489502.225753667007666, 2123169.295590539928526 ], [ 489514.057413084025029, 2123176.479098049923778 ], [ 489525.466513208986726, 2123181.972368449904025 ], [ 489541.523765164020006, 2123185.775401659775525 ], [ 489570.690672912984155, 2123188.311550550162792 ], [ 489590.963198593992274, 2123185.352841489948332 ], [ 489596.879028154013213, 2123180.704689329955727 ], [ 489598.055926300992724, 2123174.728465599939227 ], [ 489605.239433400973212, 2123156.980975800193846 ], [ 489615.803414629015606, 2123141.768841609824449 ], [ 489623.83204037201358, 2123130.782300250139087 ], [ 489631.438106928020716, 2123123.598792389966547 ], [ 489646.227680819982197, 2123111.76713233999908 ], [ 489657.214221373025794, 2123099.935472370125353 ], [ 489672.637634157028515, 2123088.103812309913337 ], [ 489682.356497047992889, 2123082.821821169927716 ], [ 489692.28663961001439, 2123079.863906039856374 ], [ 489703.484459967992734, 2123077.751109450124204 ], [ 489761.607079105975572, 2123074.270284330006689 ], [ 489779.002067336987238, 2123071.684392400085926 ], [ 489795.270598826988135, 2123069.994155 ], [ 489805.955080426007044, 2123069.299922079779208 ], [ 489817.877519276982639, 2123071.473112079780549 ], [ 489826.328704508021474, 2123072.952069399878383 ], [ 489831.82197496300796, 2123076.966382449958473 ], [ 489836.590627018013038, 2123081.976699879858643 ], [ 489837.103965468006209, 2123063.021926179993898 ], [ 489835.868238497001585, 2123054.973038929980248 ], [ 489835.534228264004923, 2123047.960678029805422 ], [ 489835.111668762983754, 2123034.438781139906496 ], [ 489836.470125807973091, 2123019.709600210189819 ], [ 489838.069583149976097, 2123009.930342969950289 ], [ 489843.56285334302811, 2122999.155081289820373 ], [ 489850.008453165995888, 2122990.851624090224504 ], [ 489854.971953138010576, 2122986.055743469856679 ], [ 489859.077045559999533, 2122981.679264800157398 ], [ 489861.944180712976959, 2122973.590244649909437 ], [ 489865.324654699012171, 2122968.096973979845643 ], [ 489883.58548242301913, 2122968.368647119961679 ], [ 489912.108232429018244, 2122964.565613119862974 ], [ 490008.793841945007443, 2122946.124682779889554 ], [ 490028.865406806988176, 2122945.913402790203691 ], [ 490036.97449376800796, 2122959.706179259810597 ], [ 490040.354967889026739, 2122961.81897559016943 ], [ 490070.779234591987915, 2122959.494899029843509 ], [ 490148.952697562985122, 2122948.50835647014901 ], [ 490190.705603435984813, 2122941.265247969888151 ], [ 490229.570736554975156, 2122936.40502185979858 ], [ 490235.486566157022025, 2122933.869666089769453 ], [ 490246.050547612016089, 2122930.700471329968423 ], [ 490344.597634576028213, 2122917.450246240012348 ], [ 490374.825481905019842, 2122912.952979499939829 ], [ 490382.959747666027397, 2122912.847339539788663 ], [ 490388.030458779016044, 2122912.213500539772213 ], [ 490393.946288398990873, 2122910.734542970079929 ], [ 490400.179037475027144, 2122909.889424310065806 ], [ 490403.348231941985432, 2122910.734542820136994 ], [ 490405.154427569999825, 2122912.003014369867742 ], [ 490406.834345902025234, 2122914.431936440058053 ], [ 490408.735862615983933, 2122916.967292080167681 ], [ 490411.165578402986284, 2122919.291368059813976 ], [ 490420.575242981023621, 2122921.215854050125927 ], [ 490428.490508118004072, 2122921.721083629876375 ], [ 490436.941693321976345, 2122921.509803850203753 ], [ 490457.647097086999565, 2122921.932362779974937 ], [ 490500.325582373014186, 2122921.298523160163313 ], [ 490542.370228777988814, 2122921.298522470053285 ], [ 490559.297656141978223, 2122926.298120050225407 ], [ 490565.475649309984874, 2122933.081798879895359 ], [ 490568.746351616980974, 2122939.138655019924045 ], [ 490571.16909407498315, 2122944.226414179895073 ], [ 490574.68207059398992, 2122948.829624829813838 ], [ 490577.46822435897775, 2122950.888955890201032 ], [ 490581.102337937976699, 2122951.85805281996727 ], [ 490591.64126727700932, 2122952.342601140029728 ], [ 490599.878591353015509, 2122952.463738129939884 ], [ 490610.296383550972678, 2122951.49464097013697 ], [ 490619.260530312021729, 2122949.919858220033348 ], [ 490627.134443014976569, 2122948.950761099811643 ], [ 490637.309960954007693, 2122946.770292710047215 ], [ 490644.093639575992711, 2122945.074372860137373 ], [ 490648.81798718101345, 2122943.378453049808741 ], [ 490651.84641510801157, 2122940.834573409985751 ], [ 490653.905746094009373, 2122938.896379389800131 ], [ 490654.995980107982177, 2122935.504539909772575 ], [ 490655.238254246010911, 2122929.447683710139245 ], [ 490653.663471503008623, 2122917.212834230158478 ], [ 490652.088688815012574, 2122908.369824219960719 ], [ 490650.877317504025996, 2122900.859322569798678 ], [ 490650.150494693021756, 2122894.802466390188783 ], [ 490649.42367191897938, 2122891.047215559985489 ], [ 490649.42367186298361, 2122887.655376090202481 ], [ 490649.423671816999558, 2122884.748085120227188 ], [ 490653.057785323006101, 2122881.356245600152761 ], [ 490656.934173104993533, 2122880.144874299876392 ], [ 490663.475577480974607, 2122877.964405959937721 ], [ 490670.501530310022645, 2122874.209155010059476 ], [ 490677.164071773993783, 2122870.090492689982057 ], [ 490683.826613268989604, 2122867.788887230213732 ], [ 490690.004606307018548, 2122866.57751590013504 ], [ 490698.968753057008144, 2122864.275910399854183 ], [ 490711.324739120027516, 2122861.005207859911025 ], [ 490719.440926047973335, 2122859.309287989977747 ], [ 490729.010758400021587, 2122857.371093859896064 ], [ 490735.552162787993439, 2122855.796311140060425 ], [ 490744.516309529019054, 2122852.767882899846882 ], [ 490749.604068475018721, 2122850.224003219977021 ], [ 490752.26503623399185, 2122847.391359920147806 ], [ 490755.176375843991991, 2122844.409421190153807 ], [ 490761.604182187002152, 2122845.190544379875064 ], [ 490761.354369212989695, 2122863.670223779976368 ], [ 490765.230757142999209, 2122871.665273889899254 ], [ 490770.803064704989083, 2122877.722129989881068 ], [ 490777.707880590984132, 2122884.990357310045511 ], [ 490784.007010895002168, 2122892.985407379921526 ], [ 490788.004535957996268, 2122901.949554480146617 ], [ 490789.942729979986325, 2122909.460056129842997 ], [ 490792.123198213987052, 2122915.51691228011623 ], [ 490794.788214888016228, 2122919.272163080051541 ], [ 490798.917195706977509, 2122921.332195760216564 ], [ 490803.025539021997247, 2122922.906276660040021 ], [ 490805.084870134014636, 2122928.720858570188284 ], [ 490805.811692975985352, 2122936.715908729936928 ], [ 490807.74988709797617, 2122950.525540810078382 ], [ 490807.265338921977673, 2122969.180657879915088 ], [ 490807.023064977023751, 2122987.351226460188627 ], [ 490807.26533952500904, 2123006.733166260179132 ], [ 490807.992162447015289, 2123019.815975619945675 ], [ 490807.992162654001731, 2123032.656510740052909 ], [ 490807.992162837006617, 2123044.043400379829109 ], [ 490807.62875155499205, 2123048.646611080039293 ], [ 490807.265340272977483, 2123053.249821790028363 ], [ 490807.992163097020239, 2123060.275774959940463 ], [ 490809.688082984997891, 2123074.327681289985776 ], [ 490810.657180132984649, 2123086.683667900040746 ], [ 490813.68610481498763, 2123097.474211870227009 ], [ 490814.533568153972737, 2123100.493299949914217 ], [ 490818.894504619005602, 2123112.364738009870052 ], [ 490823.50803409301443, 2123125.690523250028491 ], [ 490828.590816245996393, 2123134.915415530093014 ], [ 490832.461862429976463, 2123144.58721271995455 ], [ 490839.851226887025405, 2123158.033433340024203 ], [ 490845.797264643013477, 2123169.905573079828173 ], [ 490859.59657784900628, 2123196.433901260141283 ], [ 490867.71276509197196, 2123214.604469690006226 ], [ 490876.919186410028487, 2123233.259586600121111 ], [ 490892.219520478975028, 2123240.90222088014707 ], [ 490900.133278857974801, 2123250.722991690039635 ], [ 490969.623291791998781, 2123201.722313229925931 ], [ 490998.877900001010858, 2123189.28910367982462 ], [ 491055.954479260020889, 2123172.522119900211692 ], [ 491092.49264635599684, 2123154.183570680208504 ], [ 491118.821793581999373, 2123132.242613059934229 ], [ 491130.536229648976587, 2123103.739107740111649 ], [ 491189.032852752017789, 2123066.419740309938788 ], [ 491202.197426289028954, 2123050.329704820178449 ], [ 491219.018825644976459, 2123018.880999200046062 ], [ 491235.84022516902769, 2122998.402772199828178 ], [ 491298.92169330001343, 2122963.948560629971325 ], [ 491347.739101044018753, 2122911.37030684016645 ], [ 491362.366404924017843, 2122889.429349389858544 ], [ 491368.217326288984623, 2122868.219757319893688 ], [ 491366.023230337013956, 2122847.010165359824896 ], [ 491364.796301766997203, 2122827.120094790123403 ], [ 491374.644849724019878, 2122820.384834489785135 ], [ 491390.889647055999376, 2122817.755555340088904 ], [ 491401.860124974977225, 2122801.665519869886339 ], [ 491409.357150257972535, 2122781.448516599833965 ], [ 491445.96651431999635, 2122749.436751579865813 ], [ 491469.877088473993354, 2122728.528994750231504 ], [ 491490.355313939973712, 2122699.274384790100157 ], [ 491503.519887396018021, 2122676.602062120102346 ], [ 491514.490365157020278, 2122649.541548029985279 ], [ 491508.604935724986717, 2122631.200210969895124 ], [ 491513.385276751010679, 2122625.080647700000554 ], [ 491531.701810003025457, 2122612.869624639861286 ], [ 491534.025126686028671, 2122600.68978367978707 ], [ 491534.897342363023199, 2122587.025067680049688 ], [ 491547.401695106003899, 2122565.769965040031821 ], [ 491551.181297202012502, 2122562.862578600179404 ], [ 491561.357149003015365, 2122555.594112500082701 ], [ 491565.707909605989698, 2122553.122132469899952 ], [ 492014.178894634009339, 2123105.209098060149699 ], [ 492194.8880233290256, 2123215.601255519781262 ], [ 492146.266241554985754, 2123247.084533050190657 ], [ 492024.924827562004793, 2123353.699619149789214 ], [ 491984.283904741983861, 2123468.04526640009135 ], [ 491974.171031939971726, 2123479.635300400201231 ], [ 491861.672307080007158, 2123608.566423280164599 ], [ 491768.680365032982081, 2123702.247194520197809 ], [ 491895.954986129014287, 2123703.718253490049392 ], [ 491896.802596296998672, 2123643.007883289828897 ], [ 491928.488739514024928, 2123636.808420490007848 ], [ 491951.908932325022761, 2123631.986616089940071 ], [ 491971.196149935014546, 2123667.80573451006785 ], [ 491939.51000671897782, 2123679.515830909833312 ], [ 491934.688202316989191, 2123700.180706920102239 ], [ 491993.238684346026275, 2123745.643434150144458 ], [ 491998.749317948997486, 2123774.574260559864342 ], [ 492006.635401243984234, 2123778.971209730021656 ], [ 492418.84969138901215, 2124003.176388840191066 ], [ 492456.343719900993165, 2123998.364320309832692 ], [ 492470.378917787980754, 2124000.168845640029758 ], [ 492488.825177837978117, 2124000.369348240084946 ], [ 492561.801826841023285, 2124002.328338969964534 ], [ 492669.49891938699875, 2124039.772692359983921 ], [ 492920.6845904510119, 2124127.105228540021926 ], [ 492923.51530750002712, 2124128.089648630004376 ], [ 492923.715810432971921, 2124136.711270529776812 ], [ 492924.918827589019202, 2124152.5509944697842 ], [ 492925.520336167013738, 2124160.571107860188931 ], [ 492926.380587205989286, 2124163.532146530225873 ], [ 492928.786813703016378, 2124165.409003200009465 ], [ 492931.936426686996128, 2124166.185187160037458 ], [ 492938.753522783983499, 2124165.784181400202215 ], [ 492945.771121694007888, 2124164.180158639792353 ], [ 492954.793748850002885, 2124161.172616010066122 ], [ 492960.40782796201529, 2124158.566079080104828 ], [ 492963.816375992028043, 2124156.761553530115634 ], [ 492965.558959799003787, 2124153.699348719790578 ], [ 492967.938093132979702, 2124150.702148720156401 ], [ 492971.947059180005454, 2124153.75480466010049 ], [ 492978.252579536987469, 2124159.568593040108681 ], [ 492988.879229440994095, 2124167.388203479815274 ], [ 493000.909399099007715, 2124172.801779869943857 ], [ 493037.199831824982539, 2124179.400040190201253 ], [ 493049.43108323100023, 2124181.623904029838741 ], [ 493063.867286790977232, 2124185.633960550185293 ], [ 493085.922597809985746, 2124193.854576520156115 ], [ 493103.76734946097713, 2124201.273181200027466 ], [ 493148.078474365989678, 2124221.323464159853756 ], [ 493159.507135535997804, 2124226.135532060172409 ], [ 493206.224294373008888, 2124247.789837679825723 ], [ 493229.282119580020662, 2124261.023024510126561 ], [ 493278.806318168994039, 2124298.517054060008377 ], [ 493295.648555751016829, 2124311.750240960158408 ], [ 493321.713923420989886, 2124330.998512810096145 ], [ 493334.345601606997661, 2124341.023654410149902 ], [ 493371.238122028997168, 2124371.099079209845513 ], [ 493382.065650651988108, 2124376.573833500035107 ], [ 493385.072817133972421, 2124377.815924020018429 ], [ 493389.684382165025454, 2124379.720700900070369 ], [ 493403.368700099003036, 2124382.126734760124236 ], [ 493409.534162012976594, 2124382.126734689809382 ], [ 493424.434626897971611, 2124377.14540723990649 ], [ 493436.602043482998852, 2124373.104106820188463 ], [ 493539.476498496020213, 2124316.556650990154594 ], [ 493598.483022402971983, 2124284.900788359809667 ], [ 493624.151198034989648, 2124271.330987569876015 ], [ 493638.242783155990764, 2124263.881295570172369 ], [ 493652.93110240297392, 2124255.017654050141573 ], [ 493679.522025105019566, 2124232.225433140061796 ], [ 493707.125935256015509, 2124200.822817749809474 ], [ 493721.814254480996169, 2124189.679954169783741 ], [ 493738.022055043024011, 2124180.816312639974058 ], [ 493754.516351941972971, 2124174.094838140066713 ], [ 493836.051861157990061, 2124140.868878279812634 ], [ 493840.317413380020298, 2124138.888935570139438 ], [ 493865.572108497028239, 2124127.166455820202827 ], [ 494614.943142129981425, 2124553.67284716013819 ], [ 494610.103741281025577, 2124572.627168689854443 ], [ 494592.762554645014461, 2124612.955512430053204 ], [ 494577.43778503802605, 2124646.024754310026765 ], [ 494554.768750905990601, 2124674.902958590071648 ], [ 494543.158694870013278, 2124692.402349739801139 ], [ 494536.189654120011255, 2124715.957447129767388 ], [ 494532.714059303980321, 2124733.335422799922526 ], [ 494538.974553290987387, 2124797.539362390059978 ], [ 494539.391822992998641, 2124801.818634740076959 ], [ 494535.294669419003185, 2124819.839915489777923 ], [ 494521.583033572009299, 2124860.974826059769839 ], [ 494509.081247895024717, 2124892.834217589814216 ], [ 494484.480959805019666, 2124940.0183797897771 ], [ 494441.329634795023594, 2125021.884917609859258 ], [ 494430.440982640022412, 2125037.209688260219991 ], [ 494344.729402992001269, 2125104.368982090149075 ], [ 494313.488792125019245, 2125127.948462369851768 ], [ 494310.665808284014929, 2125136.820697980001569 ], [ 494308.649391289975028, 2125146.902783880010247 ], [ 494301.390289896982722, 2125161.017704190220684 ], [ 494278.816737484012265, 2125188.845055209938437 ], [ 494257.034273858007509, 2125223.930317429825664 ], [ 494253.802847288025077, 2125239.254691130015999 ], [ 494250.576579997024965, 2125244.900659250095487 ], [ 494246.14046242198674, 2125247.723643340170383 ], [ 494240.494494577986188, 2125249.336777139920741 ], [ 494231.218975985015277, 2125252.563044719863683 ], [ 494222.346740879002027, 2125262.645130690187216 ], [ 494198.55301957402844, 2125300.957057280000299 ], [ 494162.825356360001024, 2125394.201944809872657 ], [ 494209.650889209005982, 2125395.874710089992732 ], [ 494219.115078081027605, 2125396.988564250059426 ], [ 494236.949445491016377, 2125410.921664080116898 ], [ 494307.782956807990558, 2125408.300400239881128 ], [ 494317.310830738977529, 2125415.710969009902328 ], [ 494325.143847816972993, 2125420.803402340039611 ], [ 494327.220069786999375, 2125426.893653450068086 ], [ 494329.573121352004819, 2125431.322926990222186 ], [ 494329.711536150018219, 2125441.704036829993129 ], [ 494331.372513725014869, 2125449.87050990993157 ], [ 494335.386542866006494, 2125453.192465059924871 ], [ 494340.923134783981368, 2125454.576613040175289 ], [ 494352.025612726982217, 2125463.001897720154375 ], [ 494360.439621296012774, 2125469.386996420100331 ], [ 494365.145724426023662, 2125474.646758750081062 ], [ 494384.082976092991885, 2125475.571246679872274 ], [ 494389.377553874976002, 2125475.571246630046517 ], [ 494404.178697448980529, 2125475.062003139872104 ], [ 494420.788473204011098, 2125470.909559200052172 ], [ 494430.340866082988214, 2125464.424766229931265 ], [ 494436.750091790978331, 2125461.638146160170436 ], [ 494446.781923350004945, 2125458.572864070069045 ], [ 494450.125867229013238, 2125460.244836039841175 ], [ 494452.912487147026695, 2125463.588780010119081 ], [ 494456.535093007027172, 2125464.424765979871154 ], [ 494462.386994739994407, 2125461.638145919889212 ], [ 494465.452276594005525, 2125459.68751189019531 ], [ 494469.632206387002952, 2125456.064905850216746 ], [ 494475.484108133008704, 2125454.671595789957792 ], [ 494482.171995854005218, 2125454.114271730184555 ], [ 494485.515939727018122, 2125455.228919699788094 ], [ 494490.531855536974035, 2125456.90089165000245 ], [ 494497.77706724498421, 2125457.458215579856187 ], [ 494511.710166658973321, 2125456.064905450213701 ], [ 494520.070026293979026, 2125453.835609369911253 ], [ 494527.593899974017404, 2125452.720961300190538 ], [ 494533.167139742989093, 2125452.442299239803106 ], [ 494542.362985329004005, 2125448.541031159926206 ], [ 494548.493549052975141, 2125446.033073099795729 ], [ 494553.509464801987633, 2125441.295819050166756 ], [ 494556.017422655015253, 2125436.837227019947022 ], [ 494557.968056557991076, 2125434.886593 ], [ 494571.901155953994021, 2125431.542648870032281 ], [ 494575.523761769989505, 2125427.920042830053717 ], [ 494579.146367567998823, 2125422.068140789866447 ], [ 494585.276931207976304, 2125410.64299872983247 ], [ 494587.784889055998065, 2125405.627082699909806 ], [ 494591.964818833977915, 2125400.053842660039663 ], [ 494594.751438706996851, 2125398.939194629900157 ], [ 494603.668622308992781, 2125395.316588549874723 ], [ 494615.372425800014753, 2125392.251306440215558 ], [ 494643.238624576013535, 2125383.334122170228511 ], [ 494655.499752036004793, 2125379.432854060083628 ], [ 494668.039541481004562, 2125374.974261939991266 ], [ 494686.152570637990721, 2125364.106443759985268 ], [ 494690.33250047598267, 2125364.942429730203003 ], [ 494709.281515783979557, 2125373.859613560140133 ], [ 494735.197080827027094, 2125385.284755330067128 ], [ 494757.211377974017523, 2125390.57933314004913 ], [ 494773.373773312021513, 2125390.579332990106195 ], [ 494785.388177439977881, 2125386.588418430183083 ], [ 494800.403986100980546, 2125379.154190740082413 ], [ 494805.141239919001237, 2125380.547500700224191 ], [ 494810.714479736983776, 2125385.563416659832001 ], [ 494817.959691445983481, 2125386.120740590151399 ], [ 494822.418283261009492, 2125385.842078549787402 ], [ 494826.876875111018308, 2125389.464684510137886 ], [ 494831.335466962016653, 2125393.087290479801595 ], [ 494839.41666465200251, 2125395.595248410012573 ], [ 494842.203284525021445, 2125394.201938380021602 ], [ 494846.104552274977323, 2125384.170106340199709 ], [ 494852.513777911022771, 2125373.023626269772649 ], [ 494865.628036579000764, 2125355.468773569911718 ], [ 494872.856102957972325, 2125359.369188089855015 ], [ 494887.903850376023911, 2125363.270455949939787 ], [ 494903.23025978502119, 2125367.171723819803447 ], [ 494916.048711312992964, 2125373.302287720143795 ], [ 494926.916528921981808, 2125379.154189629945904 ], [ 494933.883078677987214, 2125383.891443570144475 ], [ 494941.685614379995968, 2125386.120739500038326 ], [ 494954.205922899011057, 2125385.188137169927359 ], [ 494961.749277521972544, 2125382.219471329823136 ], [ 494963.142587439971976, 2125379.432851309888065 ], [ 494963.142587393987924, 2125374.138273309916258 ], [ 494963.69991134799784, 2125371.6303153000772 ], [ 494966.486531217989977, 2125369.679681280162185 ], [ 494975.96103879500879, 2125365.778413190040737 ], [ 494980.69829255802324, 2125360.762497140094638 ], [ 494988.222166227991693, 2125358.254539079964161 ], [ 494994.352729976992123, 2125358.254539030138403 ], [ 495001.040617708989885, 2125358.811862969771028 ], [ 495006.892519467975944, 2125358.533200920093805 ], [ 495010.793787294998765, 2125357.139890879858285 ], [ 495012.465759205981158, 2125354.631932870019227 ], [ 495015.809703045990318, 2125352.123974840156734 ], [ 495028.081149213016033, 2125342.65026046987623 ], [ 495035.326360901992302, 2125340.978288410231471 ], [ 495043.118577822984662, 2125339.862846590112895 ], [ 495047.58748840802582, 2125341.814274310134351 ], [ 495054.265057389973663, 2125342.370804499834776 ], [ 495133.126399900997058, 2125311.439321809913963 ], [ 495136.191681857977528, 2125320.91382978996262 ], [ 495157.927316916000564, 2125314.504603600129485 ], [ 495149.010133107018191, 2125294.162277659866959 ], [ 495142.322245247021783, 2125278.557205699849874 ], [ 495133.683723475027364, 2125263.788119759876281 ], [ 495119.193299894977827, 2125244.003117859829217 ], [ 495108.120288090023678, 2125230.163320349995047 ], [ 495094.867865435022395, 2125190.86117134988308 ], [ 495087.281242687022313, 2125166.963309700135142 ], [ 495083.108600175997708, 2125154.82471329998225 ], [ 495078.508648641989566, 2125138.390220089815557 ], [ 495063.93500130897155, 2125099.452021500095725 ], [ 495045.626533348986413, 2125066.216762280091643 ], [ 495033.644067574990913, 2125036.399928350001574 ], [ 495026.374109040014446, 2125009.414221180137247 ], [ 495020.701515215972904, 2124988.357848570216447 ], [ 495030.925368233991321, 2124991.055214989930391 ], [ 495114.934125953994226, 2125011.875491189770401 ], [ 495134.176358534023166, 2125018.186984470114112 ], [ 495148.869493827980477, 2125020.023626380134374 ], [ 495164.076872165023815, 2125019.469478169921786 ], [ 495180.945896123012062, 2125017.703145669773221 ], [ 495194.383863639028277, 2125016.296074420213699 ], [ 495199.205159035976976, 2125015.791243149898946 ], [ 495212.400677455007099, 2125014.409558409824967 ], [ 495216.756336927996017, 2125014.549294049851596 ], [ 495220.888819361978676, 2125014.6500862701796 ], [ 495225.827639824012294, 2125014.045332679990679 ], [ 495230.968044786015525, 2125012.130279719829559 ], [ 495235.604488453012891, 2125007.695420309901237 ], [ 495237.922710266022477, 2125003.15976864984259 ], [ 495240.24093204899691, 2124994.894803420174867 ], [ 495240.34172425797442, 2124989.351229189895093 ], [ 495239.938555166998412, 2124980.582302690017968 ], [ 495239.031424832006451, 2124975.139520740136504 ], [ 495235.604488111974206, 2124966.975347809959203 ], [ 495232.580720440018922, 2124962.439696200191975 ], [ 495229.960121784999501, 2124957.601667799986899 ], [ 495226.331600587000139, 2124953.066016190219671 ], [ 495222.299910352972802, 2124946.514519410207868 ], [ 495217.764258873008657, 2124942.785205880180001 ], [ 495212.724646130984183, 2124940.567776230163872 ], [ 495207.886617887998, 2124937.040047219954431 ], [ 495202.242251600022428, 2124932.504395630210638 ], [ 495197.505015600996558, 2124927.76715950993821 ], [ 495194.178871173004154, 2124924.037845970131457 ], [ 495191.255895751994103, 2124918.998233059886843 ], [ 495189.240050609980244, 2124912.749113040044904 ], [ 495188.232128000992816, 2124905.088901389855891 ], [ 495188.635296972002834, 2124899.646119419950992 ], [ 495192.062233571021352, 2124893.396999349817634 ], [ 495195.489170173997991, 2124887.551048319786787 ], [ 495212.019099764991552, 2124870.617948730010539 ], [ 495554.149708434997592, 2125061.409111329820007 ], [ 496120.540816842985805, 2125383.863271479960531 ], [ 496180.38095758901909, 2125417.670143330004066 ], [ 496379.859370885998942, 2125530.331662259995937 ], [ 496663.482618712005205, 2125690.725173530168831 ], [ 496712.368280704016797, 2125692.318029469810426 ], [ 497606.163657095981762, 2125721.432460760232061 ], [ 497612.843262505019084, 2125721.650041779968888 ], [ 497879.018814318988007, 2125730.320426550228149 ], [ 498193.924613214971032, 2125740.578147150110453 ], [ 498570.776907338993624, 2125752.853708770126104 ], [ 498672.972471550980117, 2125753.770531650166959 ], [ 498828.552388666023035, 2125755.166279369965196 ], [ 498912.955891366989817, 2125755.923485049977899 ], [ 499050.796747083019, 2125757.160091060213745 ], [ 499058.982124296016991, 2125757.233524200040847 ], [ 499080.590573085006326, 2125833.295266630128026 ], [ 499094.203895754995756, 2125842.370815429836512 ], [ 499101.334683848021086, 2125864.195349469780922 ], [ 499111.058485770015977, 2125879.105179660022259 ], [ 499111.546172967995517, 2125888.850776489824057 ], [ 499125.188917200022843, 2125897.64276754995808 ], [ 499134.587252116994932, 2125904.312553879804909 ], [ 499142.166554465016816, 2125907.041102829854935 ], [ 499152.777577751025092, 2125909.466479660011828 ], [ 499164.037483572028577, 2125916.034758309833705 ], [ 499176.055131095985416, 2125900.910962789785117 ], [ 499190.738849233021028, 2125901.166734809987247 ], [ 499203.922266961017158, 2125897.321571129839867 ], [ 499211.621803232003003, 2125897.528934679925442 ], [ 499219.028266453999095, 2125902.814662059769034 ], [ 499233.035647799028084, 2125907.209134810138494 ], [ 499260.501101405010559, 2125905.01189839001745 ], [ 499279.512728294997942, 2125905.121003840118647 ], [ 499317.53919694601791, 2125905.339097610209137 ], [ 499404.00827734201448, 2125905.835468870121986 ], [ 499451.935313058027532, 2125906.110516389831901 ], [ 499480.690452397975605, 2125906.440627930220217 ], [ 499487.932384553016163, 2125906.523765959776938 ], [ 499496.154693369986489, 2125908.857061820104718 ], [ 499501.822073711024132, 2125912.425412550102919 ], [ 499503.570365848019719, 2125913.526189129799604 ], [ 499515.105856364010833, 2125914.899461850058287 ], [ 499527.190655953017995, 2125915.723425489850342 ], [ 499532.134437599976081, 2125912.976880010217428 ], [ 499540.099419142003171, 2125908.857061789836735 ], [ 499589.66642210399732, 2125907.340661100111902 ], [ 499615.423348419019021, 2125900.1787926601246 ], [ 499649.731210394005757, 2125897.151628219988197 ], [ 499651.602882569015492, 2125900.445771379861981 ], [ 499659.129545313015115, 2125913.692698339931667 ], [ 499669.43811101798201, 2125911.030596090015024 ], [ 499673.921455521020107, 2125909.872809280175716 ], [ 499727.54942342301365, 2125896.023827950004488 ], [ 499736.571824938000645, 2125902.038762540090829 ], [ 499739.203358715982176, 2125912.940831480082124 ], [ 499752.36102758499328, 2125912.940831480082124 ], [ 499766.646496639004909, 2125901.662829120177776 ], [ 499782.435699280002154, 2125895.647894519846886 ], [ 499798.224901922978461, 2125897.903494989965111 ], [ 500027.920207045972347, 2125875.347490250132978 ], [ 500031.303607611975167, 2125897.903494969941676 ], [ 500046.837038216006476, 2125901.990697959903628 ], [ 500066.612164815014694, 2125902.265352509915829 ], [ 500079.954019038996194, 2125895.265250250231475 ], [ 500105.73842007498024, 2125890.008893339894712 ], [ 500116.568743496027309, 2125887.654475110117346 ], [ 500131.721604908001609, 2125884.360374660231173 ], [ 500137.763020797981881, 2125883.047023329883814 ], [ 500148.970760648022406, 2125880.61055805021897 ], [ 500151.37382862897357, 2125881.921988499816507 ], [ 500270.126822130987421, 2125946.729265159927309 ], [ 500272.276914599991869, 2125947.902638840023428 ], [ 500343.825595389003865, 2125941.036856099963188 ], [ 500346.711727058980614, 2125940.75990406004712 ], [ 500362.220042293018196, 2125937.618069829884917 ], [ 500381.19244706898462, 2125930.503417749889195 ], [ 500417.556222898012493, 2125910.345236869994551 ], [ 500428.494925201986916, 2125912.334091919939965 ], [ 500430.599751177011058, 2125912.716787570156157 ], [ 500441.271728837979026, 2125948.685306469909847 ] ] ] ] } },
{ "type": "Feature", "properties": { "ID": 7.0, "ENTIDAD": 9, "MUNICIPIO": 11, "NOMBRE": "TLAHUAC", "CONTROL": 7.0, "GEOMETRY1_": null, "ClaveEnt": "09" }, "geometry": { "type": "MultiPolygon", "coordinates": [ [ [ [ 502142.924683157005347, 2136876.452762559987605 ], [ 502033.446912156010512, 2136752.1305419402197 ], [ 502065.919132716022432, 2136691.824987470172346 ], [ 502107.669130338006653, 2136684.402765519917011 ], [ 502125.977340971003287, 2136675.248659910168499 ], [ 502131.791351212013979, 2136672.341654689982533 ], [ 502159.624682940018829, 2136673.269432560075074 ], [ 502166.313137256016489, 2136673.106299549806863 ], [ 502208.605019108974375, 2136670.560488719958812 ], [ 502237.558011812972836, 2136665.847210760228336 ], [ 502247.763566720008384, 2136681.619432770181447 ], [ 502254.258010587014724, 2136734.502765280194581 ], [ 502266.319120955013204, 2136746.563876249827445 ], [ 502279.308009076979943, 2136751.202765120193362 ], [ 502275.596898086019792, 2136775.324986939784139 ], [ 502270.030231624026783, 2136805.013875320088118 ], [ 502270.030231533979531, 2136828.208319390192628 ], [ 502327.582581309019588, 2136826.437478019855917 ], [ 502374.13880675600376, 2136810.736033670138568 ], [ 502395.677662389993202, 2136803.056963180191815 ], [ 502412.266824550984893, 2136797.142566069960594 ], [ 502424.053804846014827, 2136792.940251240041107 ], [ 502429.112862850015517, 2136791.136587029788643 ], [ 502437.030222036002669, 2136788.313876280095428 ], [ 502447.076151769026183, 2136784.680242020171136 ], [ 502471.093339262995869, 2136775.993173960130662 ], [ 502480.635775137983728, 2136772.541654500178993 ], [ 502496.464959354023449, 2136773.980671380180866 ], [ 502529.746156425972003, 2136777.00623501976952 ], [ 502806.15590247901855, 2136773.083643869962543 ], [ 503227.803269545023795, 2136766.790401550009847 ], [ 503257.580264054995496, 2136766.385266010183841 ], [ 503492.204394576023333, 2136770.158121100161225 ], [ 503555.412998017971404, 2136771.174542149994522 ], [ 504182.281605229014531, 2136779.766794530209154 ], [ 504193.841147930012085, 2136780.701386579778045 ], [ 504202.333469133998733, 2136781.387992970179766 ], [ 504422.250178906018846, 2136584.989984729792923 ], [ 504416.053743212018162, 2136577.122837259899825 ], [ 504352.486472222022712, 2136499.062209929805249 ], [ 504325.972283284005243, 2136461.412059450056404 ], [ 504289.838143085013144, 2136416.876400549896061 ], [ 504283.554098334978335, 2136408.219294900074601 ], [ 504217.854174877982587, 2136317.70885354001075 ], [ 504112.078646457986906, 2136171.988911369815469 ], [ 504055.751801043981686, 2136094.391145839821547 ], [ 504011.004606863018125, 2136032.745899130124599 ], [ 503942.6375491960207, 2135938.136988270096481 ], [ 503928.026183955022134, 2135916.622757540084422 ], [ 503890.568403534009121, 2135861.46888731000945 ], [ 503875.203184465994127, 2135820.79624606994912 ], [ 503844.762013457017019, 2135616.627100320067257 ], [ 503841.120816893002484, 2135592.205569639801979 ], [ 503831.150469454994891, 2135518.046845720149577 ], [ 503820.864676019002218, 2135441.541731259785593 ], [ 503810.578882585978135, 2135365.036705560050905 ], [ 503795.89154119999148, 2135266.7445427197963 ], [ 503794.583905838022474, 2135257.119488120079041 ], [ 503792.66452578199096, 2135242.991591020021588 ], [ 503777.753643390024081, 2135133.237709050066769 ], [ 503768.324531323974952, 2135063.833254950121045 ], [ 503761.947648777975701, 2135017.183509550057352 ], [ 503760.715574519999791, 2135008.170335779897869 ], [ 503745.429812040005345, 2134896.348152630031109 ], [ 503729.233607058995403, 2134836.292423190083355 ], [ 503716.805856265011244, 2134810.985001930035651 ], [ 503694.20994565600995, 2134775.961338529828936 ], [ 503681.122509873006493, 2134762.680014079902321 ], [ 503663.705466229002923, 2134745.004939199890941 ], [ 503638.501326803991105, 2134725.965840029995888 ], [ 503632.297150317986961, 2134721.2792316400446 ], [ 503625.347632123972289, 2134717.378534109797329 ], [ 503597.273488648992497, 2134701.620788170024753 ], [ 503566.543049982981756, 2134690.548737459816039 ], [ 503551.833027359971311, 2134686.770015799906105 ], [ 503541.913507213001139, 2134684.221882009878755 ], [ 503485.448668959026691, 2134678.258879499975592 ], [ 503462.997344797011465, 2134680.389965849928558 ], [ 503443.108810313977301, 2134682.277737690135837 ], [ 503444.348744309972972, 2134677.058185480069369 ], [ 503445.90314947598381, 2134670.514854169916362 ], [ 503448.697488637000788, 2134658.751916899811476 ], [ 503349.189540583989583, 2133961.874272480141371 ], [ 503274.017226499971002, 2133435.424816050101072 ], [ 503263.862965788983274, 2133364.3121318500489 ], [ 503255.035497424018104, 2133302.491287569981068 ], [ 503245.869934741989709, 2133238.302689009811729 ], [ 503238.428695433016401, 2133186.18993397988379 ], [ 503215.237725238024723, 2133023.778096539899707 ], [ 503203.740272191993427, 2132939.802772810216993 ], [ 503128.987045134999789, 2132450.783054450061172 ], [ 503066.96059063100256, 2132055.82068477012217 ], [ 503050.68806872802088, 2131952.202769270166755 ], [ 502994.302072888007388, 2131568.22781985020265 ], [ 502978.434233927982859, 2131460.171387549955398 ], [ 502913.169067764014471, 2131069.265189560130239 ], [ 502896.105162710999139, 2130967.060515719931573 ], [ 502822.539549497014377, 2130575.619006350170821 ], [ 502809.553410353022628, 2130470.732606010045856 ], [ 502679.276822971994989, 2129719.139580110087991 ], [ 502484.204967994999606, 2128831.117247059941292 ], [ 503570.199187664024066, 2128490.123874600045383 ], [ 503301.984675469982903, 2126535.244254829827696 ], [ 503299.652401669009123, 2126517.403873200062662 ], [ 503310.747152557014488, 2126513.730445280205458 ], [ 503316.299343688006047, 2126510.699810729827732 ], [ 503381.516788649023511, 2126475.023728569969535 ], [ 503533.487899711006321, 2126424.676680540200323 ], [ 503564.615476238017436, 2126414.364323410205543 ], [ 503567.321764101972803, 2126413.48161786980927 ], [ 503570.83455391402822, 2126412.336458050180227 ], [ 503577.94631082599517, 2126410.017978250049055 ], [ 503583.796757971984334, 2126408.110889859963208 ], [ 503621.354617431992665, 2126395.847312020137906 ], [ 503654.817405748006422, 2126384.916784170083702 ], [ 503705.390233063022606, 2126368.2752979202196 ], [ 503784.233695729984902, 2126342.37516260985285 ], [ 503825.127844459027983, 2126328.874459200073034 ], [ 503884.996650164015591, 2126309.174068930093199 ], [ 503944.865455869992729, 2126289.473678649868816 ], [ 503961.782455020002089, 2126283.886699129827321 ], [ 503977.469547486980446, 2126278.70590650010854 ], [ 504040.672351575980429, 2126257.847335069905967 ], [ 504060.628306052996777, 2126251.261350349988788 ], [ 504148.991977329016663, 2126222.099037449806929 ], [ 504168.819832178996876, 2126215.55532894982025 ], [ 504177.208631811023224, 2126212.769543579779565 ], [ 504193.593001424975228, 2126207.312799720093608 ], [ 504225.410507288994268, 2126196.716116180177778 ], [ 504282.015326212975197, 2126177.916676079854369 ], [ 504334.930627862981055, 2126160.530219539999962 ], [ 504426.626177505997475, 2126130.401681299787015 ], [ 504550.991509644023608, 2126088.671120670158416 ], [ 504611.727906976011582, 2126068.568228289950639 ], [ 504785.6742626799969, 2126010.994433649815619 ], [ 504935.486578035983257, 2125970.88509324984625 ], [ 505018.827762275002897, 2125948.572108369786292 ], [ 505141.041120410023723, 2125909.362846360076219 ], [ 505156.690607319993433, 2125904.342079060152173 ], [ 505263.254478543996811, 2125870.153584360145032 ], [ 505298.02252772601787, 2125858.999079059809446 ], [ 505344.470460375014227, 2125844.097359740175307 ], [ 505664.87333726300858, 2125752.129784880205989 ], [ 505712.793432483973447, 2125738.34209113009274 ], [ 505711.90475291601615, 2125697.820924140047282 ], [ 505555.405685880978126, 2125146.545374810229987 ], [ 505398.992586686974391, 2124609.165717190131545 ], [ 505236.405708258971572, 2124679.390989750158042 ], [ 505168.340870275977068, 2124701.12482345988974 ], [ 505091.627510031976271, 2124712.287192480172962 ], [ 505015.853449226997327, 2124689.691487669944763 ], [ 504973.115336408023722, 2124652.527718659956008 ], [ 504871.291957476001699, 2124650.59191298019141 ], [ 504713.315763516002335, 2124651.520631069783121 ], [ 504663.38642711401917, 2124679.628998230211437 ], [ 504629.703408228990156, 2124702.471505289897323 ], [ 504610.34535139799118, 2124714.860661659855396 ], [ 504584.426598765014205, 2124731.274047940038145 ], [ 504546.154412458010484, 2124735.260733869858086 ], [ 504528.088323793024756, 2124735.723966789897531 ], [ 504515.058261103986297, 2124736.05807087989524 ], [ 504497.516842480981722, 2124724.895349270198494 ], [ 504459.244656355993357, 2124704.961917759850621 ], [ 504431.337854008015711, 2124685.825823599938303 ], [ 504417.486733185010962, 2124673.513715479988605 ], [ 504399.633293848019093, 2124656.853770529851317 ], [ 504375.389173150993884, 2124628.918270550202578 ], [ 504365.219880899996497, 2124623.268663410097361 ], [ 504341.611415479972493, 2124610.1528484900482 ], [ 504307.328922229004093, 2124600.431005769874901 ], [ 504291.320087280008011, 2124595.8911865898408 ], [ 504266.089297953993082, 2124585.916222730185837 ], [ 504263.82642370701069, 2124585.02159796981141 ], [ 504259.043563237995841, 2124583.130699519999325 ], [ 504224.515188628982287, 2124576.375147419981658 ], [ 504198.243599294975866, 2124565.11589414998889 ], [ 504159.962140524003189, 2124552.355407049879432 ], [ 504129.937466982984915, 2124541.84677061997354 ], [ 504093.157241778972093, 2124544.849237840157002 ], [ 504069.888119671028107, 2124552.355406390037388 ], [ 504065.68179758900078, 2124552.790543150156736 ], [ 504048.120231282024179, 2124554.607256860006601 ], [ 504045.434828970988747, 2124554.109960089903325 ], [ 504042.749426659021992, 2124553.612663330044597 ], [ 504038.250608460977674, 2124536.923148680012673 ], [ 504032.669248027028516, 2124527.35510165989399 ], [ 504045.979854042001534, 2124470.189558980055153 ], [ 503856.077992714010179, 2124386.35609662020579 ], [ 503810.318329936009832, 2124366.155108619946986 ], [ 503722.397740705986507, 2124403.329470360185951 ], [ 503714.80127152998466, 2124371.80412107007578 ], [ 503701.127626853005495, 2124339.519124770071357 ], [ 503696.949568710988387, 2124336.860360340215266 ], [ 503689.732922838011291, 2124330.783184539992362 ], [ 503683.275923907000106, 2124324.326185259968042 ], [ 503674.539984229020774, 2124307.234128380194306 ], [ 503668.082985471002758, 2124273.429838180076331 ], [ 503663.525104011991061, 2124246.462370720226318 ], [ 503662.765457149012946, 2124234.68784268014133 ], [ 503657.068105262005702, 2124211.138786579947919 ], [ 503654.409341083024628, 2124194.426493959967047 ], [ 503662.38563409197377, 2124169.738026749808341 ], [ 503662.38563414500095, 2124161.381910080090165 ], [ 503658.207576057990082, 2124149.607382010202855 ], [ 503624.403287763008848, 2124077.061096160206944 ], [ 503607.880967040022369, 2124047.43486422020942 ], [ 503600.284497678978369, 2124043.636629320215434 ], [ 503586.041117643995676, 2124034.141042099799961 ], [ 503574.646413627022412, 2124024.645454899873585 ], [ 503565.720562163973227, 2124014.580132490023971 ], [ 503556.035063775023445, 2124002.235869159922004 ], [ 503549.767976581002586, 2123994.259575940202922 ], [ 503542.17150723101804, 2123988.562223610002548 ], [ 503513.626101390982512, 2123938.491610410157591 ], [ 503511.148875685990788, 2123940.756689049769193 ], [ 503508.671649976982735, 2123943.021767700091004 ], [ 503506.194424271001481, 2123945.286846340168267 ], [ 503503.717198563972488, 2123947.551924979779869 ], [ 503478.367082091979682, 2123827.200986380223185 ], [ 503477.85381195199443, 2123824.482555449940264 ], [ 503476.206946058024187, 2123815.760265029966831 ], [ 503475.555330861010589, 2123812.655510049778968 ], [ 503469.749947261996567, 2123784.994562670122832 ], [ 503462.60034468001686, 2123734.947399820201099 ], [ 503461.773654741002247, 2123729.160569760017097 ], [ 503458.73506717197597, 2123697.635220460128039 ], [ 503447.11543162597809, 2123645.80010507022962 ], [ 503445.346290234010667, 2123637.907977310009301 ], [ 503444.016908147023059, 2123628.41239017015323 ], [ 503441.358143881021533, 2123624.993978780228645 ], [ 503440.978320460009854, 2123616.827773840166628 ], [ 503436.800262369972188, 2123604.293598799966276 ], [ 503434.901145063980948, 2123597.456776049919426 ], [ 503433.002027775975876, 2123587.201541940215975 ], [ 503433.571763048996218, 2123575.806837379932404 ], [ 503429.963440145016648, 2123566.311250220052898 ], [ 503427.684499414986931, 2123551.688046019989997 ], [ 503423.696353022009134, 2123545.420958490110934 ], [ 503419.518294895999134, 2123538.774047470185906 ], [ 503417.04944237798918, 2123533.266606910154223 ], [ 503414.390678171010222, 2123519.592961419839412 ], [ 503407.174032407987397, 2123492.625493910163641 ], [ 503412.871384481026325, 2123487.877700380049646 ], [ 503399.197739864990581, 2123438.880470669828355 ], [ 503386.663565316994209, 2123447.426499019842595 ], [ 503385.52409516798798, 2123403.177062950097024 ], [ 503388.56268305197591, 2123381.527124289888889 ], [ 503387.423212693014648, 2123372.981095859780908 ], [ 503379.446919849026017, 2123369.942507930099964 ], [ 503370.521068350994028, 2123363.485508630052209 ], [ 503362.924598996993154, 2123356.838597579859197 ], [ 503358.746540858992375, 2123351.521068760193884 ], [ 503351.15007150999736, 2123344.304422489833087 ], [ 503338.425985337002203, 2123333.669318819884211 ], [ 503328.360663423023652, 2123328.541747699957341 ], [ 503317.915518029010855, 2123324.933424530085176 ], [ 503312.59798945998773, 2123323.604042300023139 ], [ 503308.230019571026787, 2123321.704924849793315 ], [ 503305.381343560991809, 2123319.425983920227736 ], [ 503302.532667563995346, 2123314.868102069944143 ], [ 503300.823462017986458, 2123303.09357400983572 ], [ 503298.924344780971296, 2123283.722516499925405 ], [ 503298.924344865023158, 2123269.289224040228873 ], [ 503295.88575714599574, 2123262.072577789891511 ], [ 503289.048934758990072, 2123250.298109440132976 ], [ 503478.128317844006233, 2122601.064158020075411 ], [ 502895.849037407024298, 2123172.076397289987653 ], [ 502894.879281596979126, 2123204.657692130189389 ], [ 502886.119550991978031, 2123225.097064120229334 ], [ 502883.207557399990037, 2123246.689784119836986 ], [ 502863.45673686999362, 2123267.959899220149964 ], [ 502854.720796993002295, 2123282.773015109822154 ], [ 502849.178712119988631, 2123295.200720939785242 ], [ 502842.18662235798547, 2123310.879952980205417 ], [ 502834.590152896998916, 2123324.553598420228809 ], [ 502826.993683437001891, 2123338.227243870031089 ], [ 502817.400027926021721, 2123352.826285319868475 ], [ 502809.521803703974001, 2123364.814887769985944 ], [ 502800.026216880010907, 2123382.096856310032308 ], [ 502796.797717362991534, 2123387.604296839796007 ], [ 502790.91045354900416, 2123394.441119549795985 ], [ 502786.162660149973817, 2123400.328383550047874 ], [ 502780.27539635199355, 2123404.506441859994084 ], [ 502774.38813256699359, 2123405.645912290085107 ], [ 502767.7412218489917, 2123405.835824000183493 ], [ 502760.334664201014675, 2123403.746794790029526 ], [ 502753.497841765987687, 2123400.138471649959683 ], [ 502736.975520902022254, 2123386.654737830162048 ], [ 502724.441346436971799, 2123379.438091539777815 ], [ 502716.844877051014919, 2123378.298621050082147 ], [ 502708.095460489974357, 2123381.592144169844687 ], [ 502701.462026491994038, 2123386.844649400096387 ], [ 502687.598469789023511, 2123400.518294820096344 ], [ 502676.963412574026734, 2123414.761675470042974 ], [ 502672.785354382009245, 2123420.079204250127077 ], [ 502665.948531906004064, 2123425.396733010187745 ], [ 502657.782327287015505, 2123430.334438289981335 ], [ 502651.135416552016977, 2123434.322584849782288 ], [ 502645.817887955985498, 2123438.880466649774462 ], [ 502642.399476687016431, 2123448.18614203017205 ], [ 502591.888725693977904, 2123421.667345359921455 ], [ 502575.044624949980062, 2123421.667345359921455 ], [ 502566.406624570023268, 2123419.075945239979774 ], [ 502548.266823769023176, 2123426.850145590025932 ], [ 502537.469323293014895, 2123421.235445340164006 ], [ 502521.920922607008833, 2123421.235445340164006 ], [ 502510.691522111010272, 2123419.075945239979774 ], [ 502501.189721692004241, 2123413.893145009875298 ], [ 502488.232721118023619, 2123411.301744900178164 ], [ 502465.342020109994337, 2123415.188845070078969 ], [ 502427.766718451981433, 2123421.667345359921455 ], [ 502401.85271730797831, 2123427.713945620227605 ], [ 502396.238017059979029, 2123433.328645870089531 ], [ 502399.261317191994749, 2123457.946946959942579 ], [ 502409.19501763099106, 2123492.498948489781469 ], [ 502418.264918031985871, 2123523.595749869942665 ], [ 502425.175318336987402, 2123558.579651420004666 ], [ 502429.062418507994153, 2123591.835952890105546 ], [ 502430.790018584986683, 2123612.135253789834678 ], [ 502429.062418508983683, 2123621.63705421006307 ], [ 502415.241617897991091, 2123626.819854440167546 ], [ 502395.374217020987999, 2123627.251754459924996 ], [ 502386.78829117002897, 2123632.173556100111455 ], [ 502374.558414265979081, 2123642.172512180171907 ], [ 502369.010501094977371, 2123648.852912220172584 ], [ 502364.624713829020038, 2123665.495113209821284 ], [ 502360.737613657023758, 2123689.897464289795607 ], [ 502364.192813810019288, 2123707.605365079827607 ], [ 502369.591564046975691, 2123719.266665589995682 ], [ 502369.807514058018569, 2123725.961115890182555 ], [ 502362.24926372297341, 2123732.439616180025041 ], [ 502322.298511961009353, 2123741.293566570151597 ], [ 502284.507260291022249, 2123749.283716919831932 ], [ 502255.569959015003406, 2123757.921717300079763 ], [ 502227.064557757985312, 2123766.775667690206319 ], [ 502201.229560349020176, 2123765.599161770194769 ], [ 502160.180172467022203, 2123773.661565530113876 ], [ 502146.726743353996426, 2123777.862681739963591 ], [ 502129.473262441984843, 2123783.250444060191512 ], [ 502121.031345020979643, 2123790.924914710223675 ], [ 502118.345280367007945, 2123798.983108909800649 ], [ 502119.496450870006811, 2123812.797156129963696 ], [ 502124.228202429017983, 2123828.885112329851836 ], [ 502127.170921129989438, 2123838.890356469899416 ], [ 502123.333685917023104, 2123848.483444800134748 ], [ 502116.810386090015527, 2123855.006744860205799 ], [ 502102.996339443023317, 2123856.541638940107077 ], [ 502078.438034288003109, 2123860.378874190151691 ], [ 502057.716964307997841, 2123864.983556520193815 ], [ 502038.530788408999797, 2123868.053344720043242 ], [ 502025.484188809001353, 2123866.134726999793202 ], [ 502023.565571198996622, 2123872.274303540121764 ], [ 502013.205036216997541, 2123872.274303500074893 ], [ 501997.856095488008577, 2123877.262709389906377 ], [ 501989.797901568992529, 2123890.309309510048479 ], [ 501939.913844208000228, 2123904.123356550000608 ], [ 501950.586190785979852, 2123953.148994199931622 ], [ 501952.192996588011738, 2123960.530716069974005 ], [ 501947.588314325024839, 2123975.495933880098164 ], [ 501944.134802640997805, 2123982.78668100014329 ], [ 501954.354091216984671, 2124019.576121900230646 ], [ 501963.320978296978865, 2124051.856917149852961 ], [ 501972.914066092984285, 2124094.450229430105537 ], [ 501980.78373535501305, 2124116.717928180005401 ], [ 501982.629579173983075, 2124121.914866449777037 ], [ 501980.306362658971921, 2124130.378012559842318 ], [ 501980.970138737990055, 2124147.802136939950287 ], [ 501985.782515692990273, 2124162.737100699916482 ], [ 501990.594892647000961, 2124177.672064459882677 ], [ 502041.041878657997586, 2124327.68547823978588 ], [ 502047.341048165981192, 2124343.464382349979132 ], [ 502166.221118114015553, 2124653.583600290119648 ], [ 502176.274755491001997, 2124651.755666180048138 ], [ 502325.247033386025578, 2124628.446433740202338 ], [ 502354.376088837976567, 2124718.460142590105534 ], [ 502352.17182969400892, 2124719.925535560119897 ], [ 502279.192159901023842, 2124768.442469359841198 ], [ 502202.681055916007608, 2124835.952269290108234 ], [ 502109.66755692102015, 2124933.466424799989909 ], [ 502041.782704840006772, 2125010.727640349883586 ], [ 501973.897852757014334, 2125087.988855899777263 ], [ 501925.14077666902449, 2125150.99800257012248 ], [ 501883.884789186995476, 2125214.75725816981867 ], [ 501857.630979018984362, 2125241.761178149841726 ], [ 501810.842200339015108, 2125306.983170799911022 ], [ 501638.359291548025794, 2125561.618850780185312 ], [ 501549.064844242995605, 2125369.428995409980416 ], [ 501233.330967497022357, 2125817.385377619881183 ], [ 501219.392893689975608, 2125837.160414710175246 ], [ 500891.944970812008251, 2125894.601595390122384 ], [ 500889.458792763005476, 2125895.037722770124674 ], [ 500790.326867382973433, 2125912.427525700069964 ], [ 500777.967413257982116, 2125915.998034799937159 ], [ 500759.169464298989624, 2125918.347778489813209 ], [ 500755.995050368015654, 2125918.744580249767751 ], [ 500722.050945641996805, 2125918.836875 ], [ 500683.25658123800531, 2125923.129013730213046 ], [ 500673.011715246015228, 2125922.000153180211782 ], [ 500669.260613048973028, 2125922.447318099904805 ], [ 500598.238186053000391, 2125930.913826379925013 ], [ 500496.04446333902888, 2125940.492912670131773 ], [ 500491.446084611001424, 2125940.759858519770205 ], [ 500441.271728836989496, 2125948.685260809957981 ], [ 500430.599751176021527, 2125912.716741910204291 ], [ 500428.494925201986916, 2125912.334046259988099 ], [ 500417.556222898012493, 2125910.345191199798137 ], [ 500381.19244706898462, 2125930.503372089937329 ], [ 500362.220042292028666, 2125937.618024169933051 ], [ 500346.711727058980614, 2125940.759858400095254 ], [ 500343.825595387024805, 2125941.036810440011322 ], [ 500272.276914599991869, 2125947.902593180071563 ], [ 500270.12682212999789, 2125946.729219499975443 ], [ 500151.373828630021308, 2125881.921942830085754 ], [ 500148.970760648022406, 2125880.610512380022556 ], [ 500137.76302079699235, 2125883.046977660153061 ], [ 500131.721604908991139, 2125884.360328999813646 ], [ 500116.568743496027309, 2125887.654429439920932 ], [ 500105.73842007399071, 2125890.008847670163959 ], [ 500079.954019038006663, 2125895.265204589813948 ], [ 500066.612164815014694, 2125902.265306849963963 ], [ 500046.837038216006476, 2125901.990652290172875 ], [ 500031.303607610985637, 2125897.90344930998981 ], [ 500027.920207045972347, 2125875.347444590181112 ], [ 499798.224901921988931, 2125897.903449319768697 ], [ 499782.435699279012624, 2125895.647848850116134 ], [ 499766.646496637025848, 2125901.662783449981362 ], [ 499752.361027585982811, 2125912.940785820130259 ], [ 499739.203358714992646, 2125912.940785820130259 ], [ 499736.571824937011115, 2125902.038716869894415 ], [ 499727.54942342400318, 2125896.023782290052623 ], [ 499673.921455521020107, 2125909.872763609979302 ], [ 499669.43811101897154, 2125911.030550430063158 ], [ 499659.129545314004645, 2125913.692652679979801 ], [ 499651.602882568025962, 2125900.445725719910115 ], [ 499649.731210394005757, 2125897.151582560036331 ], [ 499615.423348419019021, 2125900.178747000172734 ], [ 499589.66642210399732, 2125907.340615440160036 ], [ 499540.099419142003171, 2125908.857016129884869 ], [ 499532.134437601023819, 2125912.976834340021014 ], [ 499527.190655953017995, 2125915.72337982011959 ], [ 499515.105856364010833, 2125914.899416190106422 ], [ 499503.570365848019719, 2125913.526143460068852 ], [ 499501.822073711024132, 2125912.425366890151054 ], [ 499496.154693369986489, 2125908.857016160152853 ], [ 499487.932384550978895, 2125906.523720290046185 ], [ 499480.690452397975605, 2125906.44058226980269 ], [ 499451.935313058027532, 2125906.110470720101148 ], [ 499404.008277343004011, 2125905.83542321017012 ], [ 499317.53919694601791, 2125905.339097610209137 ], [ 499279.512728294008411, 2125905.120958169922233 ], [ 499260.501101404021028, 2125905.011852730065584 ], [ 499233.035647797980346, 2125907.20908913994208 ], [ 499219.028266452020034, 2125902.814616399817169 ], [ 499211.621803232003003, 2125897.528889019973576 ], [ 499203.922266961017158, 2125897.321525469888002 ], [ 499190.738849233021028, 2125901.166689150035381 ], [ 499176.055131095985416, 2125900.910917120054364 ], [ 499164.037483570980839, 2125916.03471264988184 ], [ 499152.777577749977354, 2125909.466434 ], [ 499142.166554466006346, 2125907.041057160124183 ], [ 499134.587252116994932, 2125904.312508210074157 ], [ 499125.188917200022843, 2125897.642721890006214 ], [ 499111.546172967995517, 2125888.850730820093304 ], [ 499111.058485770015977, 2125879.105133989825845 ], [ 499101.334683846973348, 2125864.195303800050169 ], [ 499094.203895754995756, 2125842.370769760105759 ], [ 499080.590573085006326, 2125833.295220959931612 ], [ 499058.982124296016991, 2125757.233478520065546 ], [ 499050.796747083019, 2125757.160045379772782 ], [ 498912.955891366000287, 2125755.923439370002598 ], [ 498828.552388666023035, 2125755.166233689989895 ], [ 498672.972471552027855, 2125753.770485959947109 ], [ 498570.776907339983154, 2125752.853663090150803 ], [ 498193.924613214971032, 2125740.578101459890604 ], [ 497879.018814317998476, 2125730.320380860008299 ], [ 497612.843262505019084, 2125721.649996099993587 ], [ 497606.163657095981762, 2125721.432415070012212 ], [ 496712.368280701979529, 2125692.317983780056238 ], [ 496663.492937461996917, 2125690.725921589881182 ], [ 497853.634747440984938, 2127309.821594030130655 ], [ 497884.60071001999313, 2127312.418068389873952 ], [ 497916.790406033978797, 2127310.56808567000553 ], [ 497934.429271425993647, 2127305.808192090131342 ], [ 497950.307904423971195, 2127312.296235890127718 ], [ 497966.015799391025212, 2127307.003357959911227 ], [ 497976.260078732972033, 2127308.198523890227079 ], [ 497969.884904614009429, 2127300.763177659828216 ], [ 497949.535096671024803, 2127269.683469930198044 ], [ 497938.841807276010513, 2127237.74812246998772 ], [ 497940.980313730018679, 2127209.896409519948065 ], [ 497954.988537330995314, 2127187.42488416004926 ], [ 497981.875428739993367, 2127178.946990020107478 ], [ 497987.38255440897774, 2127177.210508950054646 ], [ 498030.574577180028427, 2127168.163576699793339 ], [ 498062.384918278024998, 2127145.400167849846184 ], [ 498078.044319907028694, 2127145.747675349935889 ], [ 498113.456566823995672, 2127191.218732560053468 ], [ 498129.517975117021706, 2127221.278748480137438 ], [ 498167.456914036010858, 2127319.336359220091254 ], [ 498186.702857260999735, 2127339.612766239792109 ], [ 498177.369087003986351, 2127388.793052989989519 ], [ 498198.683579149015713, 2127417.685716989915818 ], [ 498202.885039778018836, 2127428.428029119968414 ], [ 498210.921751064015552, 2127448.97632618015632 ], [ 498221.88424765097443, 2127449.87478232011199 ], [ 498229.368837294983678, 2127458.323563340120018 ], [ 498291.944512746995315, 2127528.960459189955145 ], [ 498293.424546763999388, 2127530.631156439892948 ], [ 498296.063334105012473, 2127533.609881720039994 ], [ 498457.495612000988331, 2127715.838438080158085 ], [ 498486.937293763970956, 2127749.072901680134237 ], [ 498512.55033011501655, 2127777.985500189941376 ], [ 498518.323666059994139, 2127784.502577750012279 ], [ 498547.297850844974164, 2127817.209319760091603 ], [ 498551.633787263010163, 2127822.103826879989356 ], [ 498575.745794045971707, 2127849.322027869988233 ], [ 498580.50873117998708, 2127854.69854346010834 ], [ 498633.388742200972047, 2127914.390745010226965 ], [ 498638.206448552024085, 2127919.829085370060056 ], [ 498663.490787715010811, 2127948.37064275983721 ], [ 498671.574296619975939, 2127957.495497949887067 ], [ 498727.597330848977435, 2128020.735618100035936 ], [ 498731.859104757022578, 2128025.546408830210567 ], [ 498771.233962515019812, 2128069.99367538979277 ], [ 498777.569299143971875, 2128077.145152539946139 ], [ 498829.462950583023485, 2128135.723928169813007 ], [ 498832.818331794987898, 2128139.511561490129679 ], [ 498855.932224176009186, 2128165.603067450225353 ], [ 498860.404801656026393, 2128170.651818220037967 ], [ 498916.785820411983877, 2128234.296039729844779 ], [ 498920.849521294992883, 2128238.883240969851613 ], [ 498956.446080504974816, 2128279.065475159790367 ], [ 498976.873429063009098, 2128302.124347189906985 ], [ 498985.47491466999054, 2128311.833906679879874 ], [ 498991.147422315028962, 2128318.237166869919747 ], [ 499037.394396017014515, 2128370.441839709877968 ], [ 499040.966875498008449, 2128374.474538660142571 ], [ 499055.714160635019653, 2128391.12162136984989 ], [ 499057.97800472099334, 2128393.677101870067418 ], [ 499060.534557602019049, 2128396.562998959794641 ], [ 499115.651459267013706, 2128458.78025534003973 ], [ 499119.974941789987497, 2128463.66070420993492 ], [ 499121.582116530975327, 2128465.474920900072902 ], [ 499210.131713573995512, 2128565.431793040130287 ], [ 499214.212289243994746, 2128570.038043030072004 ], [ 499218.517228159995284, 2128578.908826250117272 ], [ 499224.266262358985841, 2128590.755320969969034 ], [ 499259.799264346016571, 2128663.974840229842812 ], [ 498978.351789133972488, 2128978.125760510098189 ], [ 498875.418178809981328, 2129076.675107319839299 ], [ 498869.128767659014557, 2129080.190877879969776 ], [ 498821.320009033021051, 2129106.915895849931985 ], [ 498817.740554459975101, 2129108.916805109940469 ], [ 498815.483837051026057, 2129110.178306450136006 ], [ 498812.871510793978814, 2129111.638592559844255 ], [ 498793.450196173973382, 2129126.898196910042316 ], [ 498788.267345762986224, 2129130.970436519943178 ], [ 498778.033204375009518, 2129145.244370560161769 ], [ 498769.920794781995937, 2129156.559047100134194 ], [ 498766.292817160021514, 2129161.619121150113642 ], [ 498754.87597893801285, 2129177.542606039904058 ], [ 498756.358962216007058, 2129184.501219890080392 ], [ 498760.587660105025861, 2129204.343571519944817 ], [ 498766.299341273028404, 2129231.144537010230124 ], [ 498740.816456063999794, 2129249.597660779953003 ], [ 498717.834119569975883, 2129283.76920560002327 ], [ 498706.514662659028545, 2129300.599667089991271 ], [ 498683.044073375000153, 2129326.417315309867263 ], [ 498634.495843813987449, 2129379.820367829874158 ], [ 498572.853420872997958, 2129419.203026940114796 ], [ 498548.073261199984699, 2129435.034795620013028 ], [ 498538.677795636991505, 2129439.580988630186766 ], [ 498473.653815057012253, 2129471.044205049984157 ], [ 498380.029350558994338, 2129507.053614470176399 ], [ 498376.008389159978833, 2129509.351306700147688 ], [ 498312.811786302016117, 2129545.463651199825108 ], [ 498293.508253570995294, 2129559.570078969933093 ], [ 498254.340797543001827, 2129588.192450679838657 ], [ 498250.395476637000684, 2129591.075569809880108 ], [ 498156.771012137003709, 2129624.684351940173656 ], [ 498024.736510918999556, 2129679.898779729846865 ], [ 497926.310791829018854, 2129718.308816450182348 ], [ 497868.695736753987148, 2129699.103798090014607 ], [ 497864.492332415014971, 2129699.891936399973929 ], [ 497791.875663315993734, 2129713.507561860140413 ], [ 497655.039907510974444, 2129747.1163439899683 ], [ 497285.34330410201801, 2129843.141435800120234 ], [ 497254.135149269015528, 2129819.135162849910557 ], [ 497238.520178553008009, 2129814.289137450046837 ], [ 497189.905206047988031, 2129799.201732189860195 ], [ 497184.516957717016339, 2129797.529517190065235 ], [ 497169.148371581977699, 2129801.527848539873958 ], [ 496898.459113809978589, 2129871.951070089824498 ], [ 496889.239800450974144, 2129874.349590640049428 ], [ 496822.022236193995923, 2129941.567154900170863 ], [ 496791.256652584008407, 2130085.928739550057799 ], [ 496790.814081360993441, 2130088.005419909954071 ], [ 496579.558879413991235, 2130337.670658609829843 ], [ 496569.925169526017271, 2130346.676083070226014 ], [ 496469.130023850011639, 2130440.897632299922407 ], [ 496382.70744123501936, 2130539.323351399973035 ], [ 496231.467921658011619, 2130769.783571740146726 ], [ 496095.203342747001443, 2130886.307471199892461 ], [ 496083.528173792990856, 2130887.875777619890869 ], [ 496080.29764697898645, 2130889.008593029808253 ], [ 496067.833404433971737, 2130893.374988669995219 ], [ 496039.39312552701449, 2130903.34724758984521 ], [ 495965.582295642001554, 2130924.800159309990704 ], [ 495766.298024225980043, 2131047.224222269840539 ], [ 495752.845247202028986, 2131062.068666719831526 ], [ 495702.745249797008, 2131088.510333590209484 ], [ 495680.942473180999514, 2131103.818666989915073 ], [ 495633.161920107027981, 2131128.86866720020771 ], [ 495609.039699063985609, 2131131.65200068987906 ], [ 495339.520268213993404, 2131212.832557830028236 ], [ 495230.970273724000435, 2131247.16033626999706 ], [ 495155.820277587976307, 2131275.921447820030153 ], [ 495040.505657566012815, 2131319.934664519969374 ], [ 495034.281394961988553, 2131322.310337429866195 ], [ 494962.842509721987881, 2131344.577004559803754 ], [ 494932.225844657979906, 2131358.49367140000686 ], [ 494865.425848270999268, 2131401.171449489891529 ], [ 494835.736960981972516, 2131418.799227409996092 ], [ 494676.823339776019566, 2131522.63024308020249 ], [ 494543.542262951028533, 2131604.439604820217937 ], [ 494484.571351715014316, 2131638.526838920079172 ], [ 494407.375444579985924, 2131672.398514749947935 ], [ 494350.949402395985089, 2131697.156881889794022 ], [ 494280.388832206022926, 2131725.790158750023693 ], [ 494250.732940357003827, 2131734.311967419926077 ], [ 494196.478222846984863, 2131737.016379630193114 ], [ 494037.728590729995631, 2131744.929506139829755 ], [ 493964.517677767027635, 2131753.165734949987382 ], [ 493942.096835716976784, 2131760.029258570168167 ], [ 493903.471122512011789, 2131771.050868399906904 ], [ 493851.351401588006411, 2131787.863682909868658 ], [ 493808.598819456994534, 2131802.274666760116816 ], [ 493757.680013798002619, 2131821.48931183014065 ], [ 493722.192968819988891, 2131834.939563380088657 ], [ 493402.847253320971504, 2131955.81412771018222 ], [ 493217.088024214026518, 2132026.1252820501104 ], [ 493071.777282264025416, 2132121.958323290105909 ], [ 492803.733004685025662, 2132299.21342218015343 ], [ 492760.500056722026784, 2132329.476487820036709 ], [ 492740.324681046011392, 2132346.289346840232611 ], [ 492753.007574460993055, 2132360.667524689808488 ], [ 492777.393725175003055, 2132388.33428261987865 ], [ 492791.138727336016018, 2132403.928365179803222 ], [ 492800.347623976005707, 2132414.376111410092562 ], [ 492804.130077504029032, 2132418.667408850044012 ], [ 492809.477310264017433, 2132424.733991319779307 ], [ 492828.579524921020493, 2132446.405978640075773 ], [ 492847.850803219014779, 2132468.26977329980582 ], [ 492852.060729807999451, 2132473.046050670091063 ], [ 492865.433826214983128, 2132488.218195939902216 ], [ 492886.315951347991358, 2132511.909540589898825 ], [ 492904.54937131801853, 2132532.595856470055878 ], [ 492924.134898354008328, 2132554.816174960229546 ], [ 492943.720425384992268, 2132577.036493460182101 ], [ 492956.221042853023391, 2132591.218787400051951 ], [ 492964.886987421021331, 2132596.496988640166819 ], [ 492967.950839405006263, 2132599.973012890201062 ], [ 492969.606023246014956, 2132601.850864429958165 ], [ 492994.946596616995521, 2132628.223405600059777 ], [ 493032.689236810023431, 2132667.503074530046433 ], [ 493067.109876463015098, 2132703.325457990169525 ], [ 493073.667138125980273, 2132710.149757139850408 ], [ 493097.785558662028052, 2132735.250374610070139 ], [ 493101.11267044802662, 2132739.193141059949994 ], [ 493127.093388457025867, 2132769.981377210002393 ], [ 493134.881368117989041, 2132778.086514030117542 ], [ 493172.896053434989881, 2132817.613979579880834 ], [ 493246.611856738978531, 2132900.807530529797077 ], [ 493305.779657044971827, 2132960.169324719812721 ], [ 493326.517679917975329, 2132981.675735489930958 ], [ 493340.635886501986533, 2132996.317051690071821 ], [ 493403.784479997004382, 2133065.088466439861804 ], [ 493439.91806146199815, 2133105.87444113008678 ], [ 493480.216501686023548, 2133151.361522589810193 ], [ 493526.468638235004619, 2133203.568870849907398 ], [ 493528.796243062010035, 2133265.203189529944211 ], [ 493531.123847886978183, 2133326.837508200202137 ], [ 493532.83882102300413, 2133372.249512730166316 ], [ 493515.939044705999549, 2133385.243386439979076 ], [ 493485.5278972099768, 2133408.625862199813128 ], [ 493472.455151873989962, 2133458.011793340090662 ], [ 493449.207916582992766, 2133546.354488370008767 ], [ 493437.980669707991183, 2133592.980937549844384 ], [ 493431.386382256983779, 2133620.695756009779871 ], [ 493418.88551487098448, 2133673.235059559810907 ], [ 493417.65971651498694, 2133678.386909429915249 ], [ 493416.919745858001988, 2133689.543392499908805 ], [ 493415.321849479980301, 2133713.634758450090885 ], [ 493416.516328312980477, 2133734.122775009833276 ], [ 493398.174049053981435, 2133760.584278719965369 ], [ 493376.533482451981399, 2133790.669946460053325 ], [ 493353.114958445017692, 2133823.227408810053021 ], [ 493332.803164268028922, 2133853.516928459983319 ], [ 493330.933353787986562, 2133856.305242519825697 ], [ 493329.063543308002409, 2133859.093556580133736 ], [ 493316.560836892982479, 2133879.064445400144905 ], [ 493312.846520901017357, 2133885.486415709834546 ], [ 493305.135543519980274, 2133899.19482087995857 ], [ 493265.797008624009322, 2134002.848746189847589 ], [ 493262.909568585979287, 2134010.456922119949013 ], [ 493231.529351716977544, 2134093.529715599957854 ], [ 493213.148893809004221, 2134146.321656920015812 ], [ 493193.131365572975483, 2134203.815555130131543 ], [ 493223.307578067993745, 2134303.061765050049871 ], [ 493225.12954112701118, 2134309.053999110125005 ], [ 493230.586771499016322, 2134327.002223430201411 ], [ 493238.266951827972662, 2134350.123674219939858 ], [ 493259.458881422004197, 2134413.922717479988933 ], [ 493294.871762230002787, 2134520.534430449828506 ], [ 493306.994176399020944, 2134556.597845610231161 ], [ 493335.307248309021816, 2134640.827443149872124 ], [ 493337.943449368991423, 2134648.669974510092288 ], [ 493340.322628544992767, 2134655.74788202997297 ], [ 493423.512114275014028, 2134626.182264230214059 ], [ 493607.696358549990691, 2134560.807796270120889 ], [ 493646.182010609016288, 2134547.147675469983369 ], [ 493715.484955032006837, 2134522.414855009876192 ], [ 493865.767926510015968, 2134713.896900299936533 ], [ 493965.788585747999605, 2134843.465652979910374 ], [ 493983.804941621026956, 2134866.841206479817629 ], [ 494019.328096673998516, 2134912.869685749989003 ], [ 494060.966980741010047, 2134966.658718499820679 ], [ 494077.823417049017735, 2134988.408967399969697 ], [ 494085.614748373976909, 2134998.153138069901615 ], [ 494142.372083387977909, 2135069.136277710087597 ], [ 494151.623295309022069, 2135081.056180839892477 ], [ 494202.856703552999534, 2135147.134361229836941 ], [ 494234.149646057980135, 2135187.494367930106819 ], [ 494266.790334592980798, 2135230.806521909777075 ], [ 494288.150095366989262, 2135259.149589689914137 ], [ 494300.981538877007551, 2135276.176113389898092 ], [ 494316.148669178015552, 2135296.301947509869933 ], [ 494325.006219874019735, 2135307.802872349973768 ], [ 494336.502245905983727, 2135322.729677279945463 ], [ 494343.711281959025655, 2135332.09011841006577 ], [ 494372.542171435023192, 2135369.525060019921511 ], [ 494393.631010640005115, 2135360.44140982022509 ], [ 494427.812972117972095, 2135339.18030474986881 ], [ 494446.778442910988815, 2135325.36260375007987 ], [ 494455.448372268001549, 2135303.687778850086033 ], [ 494459.241466374020092, 2135295.559719500131905 ], [ 494532.008531672996469, 2135241.710580409970134 ], [ 494572.019617162994109, 2135296.653702890034765 ], [ 494594.210184848983772, 2135327.125719199888408 ], [ 494620.273397271987051, 2135362.915672999806702 ], [ 494707.515187871991657, 2135294.608874760102481 ], [ 494755.759871428017505, 2135256.835236200131476 ], [ 494786.510529893974308, 2135232.758712680079043 ], [ 494818.174082797020674, 2135272.661971469875425 ], [ 494859.587991026986856, 2135327.423210349865258 ], [ 494943.705280677997507, 2135438.650746929924935 ], [ 494972.222584476985503, 2135416.965012240223587 ], [ 494983.582528176018968, 2135408.328797219786793 ], [ 494990.060575085983146, 2135403.403965939767659 ], [ 495003.717556899995543, 2135393.021464529912919 ], [ 495019.943435474997386, 2135380.686000550165772 ], [ 495023.028789170028176, 2135378.340409889817238 ], [ 495039.412832126021385, 2135365.884703970048577 ], [ 495042.696970833989326, 2135362.100566199980676 ], [ 495045.981109538988676, 2135358.316428440157324 ], [ 495072.999579809023999, 2135340.165771520230919 ], [ 495106.242658651026431, 2135317.833503529895097 ], [ 495178.904704565007705, 2135415.998505179770291 ], [ 495244.740878042008262, 2135504.941886810120195 ], [ 495258.494617554009892, 2135501.328452019952238 ], [ 495314.314850282971747, 2135451.606225019786507 ], [ 495416.642351163027342, 2135374.445546859875321 ], [ 495428.725682143995073, 2135389.928383490070701 ], [ 495430.551215532992501, 2135392.26750962017104 ], [ 495454.289593152992893, 2135422.684405690059066 ], [ 495465.219381408998743, 2135436.689163680188358 ], [ 495478.416815256990958, 2135453.264512570109218 ], [ 495499.879442633013241, 2135480.220551219768822 ], [ 495501.963536792027298, 2135482.838074299972504 ], [ 495516.317258756025694, 2135500.865710449870676 ], [ 495523.910216561984271, 2135510.402059730142355 ], [ 495534.539503853011411, 2135523.751938750036061 ], [ 495545.310910517000593, 2135537.280312949791551 ], [ 495564.795157885993831, 2135561.751600460149348 ], [ 495568.193922884005588, 2135565.974070060066879 ], [ 495591.536538221000228, 2135594.94700558995828 ], [ 495609.559602584980894, 2135617.343314100056887 ], [ 495616.720756787981372, 2135610.420864639803767 ], [ 495747.796642621979117, 2135728.878942070063204 ], [ 495784.110566559014842, 2135692.71759560983628 ], [ 495789.908588073973078, 2135693.327913649845868 ], [ 495794.112039340019692, 2135689.080215290188789 ], [ 495811.642828649026342, 2135671.36489035980776 ], [ 495818.898695419018622, 2135664.032645639963448 ], [ 495827.408977088984102, 2135655.283757450059056 ], [ 495874.021245156996883, 2135673.826453980058432 ], [ 496643.741979480022565, 2135980.026960290037096 ], [ 496843.728934858983848, 2136030.141232570167631 ], [ 497130.088402135996148, 2136101.899305900093168 ], [ 497185.990181636996567, 2136115.907662599813193 ], [ 497251.664093943021726, 2136132.364723979961127 ], [ 497262.833903111983091, 2136135.163696520030499 ], [ 497266.775042890978511, 2136136.151342019904405 ], [ 497598.056285334983841, 2136219.166348860133439 ], [ 497759.684922209999058, 2136259.668498400133103 ], [ 498042.878834252012894, 2136330.633411639835685 ], [ 498896.865236560988706, 2136544.631907450035214 ], [ 499067.521233552019112, 2136587.396202870178968 ], [ 499072.422663301986177, 2136588.624440929852426 ], [ 499592.075892903027125, 2136718.843153870198876 ], [ 499855.738586321996991, 2136784.913784679956734 ], [ 500024.808139234024566, 2136827.280537010170519 ], [ 500278.277425557025708, 2136833.164844030048698 ], [ 501110.867511561024003, 2136852.493481279816478 ], [ 501628.709287927020341, 2136864.515215040184557 ], [ 502139.258552070008591, 2136876.367653059773147 ], [ 502142.924683157005347, 2136876.452762559987605 ] ] ] ] } },
{ "type": "Feature", "properties": { "ID": 12.0, "ENTIDAD": 9, "MUNICIPIO": 12, "NOMBRE": "TLALPAN", "CONTROL": 15.0, "GEOMETRY1_": null, "ClaveEnt": "09" }, "geometry": { "type": "MultiPolygon", "coordinates": [ [ [ [ 476816.07116314797895, 2135275.709525739774108 ], [ 476818.407100717013236, 2135264.396786789875478 ], [ 476836.249173897027504, 2135261.582366419956088 ], [ 476877.682031299977098, 2135255.554530339781195 ], [ 476922.879354775010142, 2135242.143265920225531 ], [ 476971.118068080977537, 2135228.425400570034981 ], [ 477008.424975566973444, 2135217.091085019987077 ], [ 477093.212061005004216, 2135102.308091000188142 ], [ 477148.828285387018695, 2135035.169970990158617 ], [ 477184.50879716698546, 2135000.25953799020499 ], [ 477213.889847606013063, 2134976.793509569950402 ], [ 477260.644766604003962, 2134939.90906159998849 ], [ 477302.760326972987968, 2134914.848832239862531 ], [ 477351.76214796199929, 2134887.767684930004179 ], [ 477406.453757188981399, 2134862.783347379881889 ], [ 477453.268934804014862, 2134845.719868650194257 ], [ 477560.432120262994431, 2134818.730715210083872 ], [ 477765.575685984978918, 2134779.510554930195212 ], [ 478036.927321253984701, 2134728.463133169803768 ], [ 478377.644771778024733, 2134665.253422 ], [ 478478.528331739013083, 2134645.101029380224645 ], [ 478581.272551858972292, 2134626.197284140158445 ], [ 478700.682432572008111, 2134598.185318879783154 ], [ 478781.518820710014552, 2134573.746406590100378 ], [ 478851.277909066004213, 2134548.567827329970896 ], [ 478888.606656473013572, 2134533.208379310090095 ], [ 478918.752688490028959, 2134519.228834620211273 ], [ 479036.746115886024199, 2134458.969797370024025 ], [ 479048.755628957005683, 2134451.450487080030143 ], [ 479145.036344540014397, 2134388.992909139953554 ], [ 479222.923284847987816, 2134348.123130800202489 ], [ 479286.622448888025247, 2134314.698134200181812 ], [ 479346.512014692008961, 2134294.765538160223514 ], [ 479413.774921710020863, 2134275.468799150083214 ], [ 479484.897176188998856, 2134264.44209 ], [ 479579.844662948977202, 2134255.711102670058608 ], [ 479646.705547465011477, 2134257.944297700189054 ], [ 479731.875619800994173, 2134266.068085609935224 ], [ 479970.39845531701576, 2134294.070511789992452 ], [ 480461.641820533026475, 2134350.382703079842031 ], [ 480628.297857519006357, 2134368.762361709959805 ], [ 480739.445726283011027, 2134381.935988899786025 ], [ 480859.389261676988099, 2134396.411929409950972 ], [ 480943.523403060971759, 2134402.065163389779627 ], [ 481060.503204454027582, 2134409.795990060083568 ], [ 481078.586385253001936, 2134410.091774160042405 ], [ 481159.219688413024414, 2134411.320281790103763 ], [ 481167.586691140022594, 2134411.449477570131421 ], [ 481387.790053792006802, 2134397.703839799854904 ], [ 481432.298528940998949, 2134391.664516909979284 ], [ 481579.258138370001689, 2134371.723673540167511 ], [ 481710.809870216995478, 2134351.297649580053985 ], [ 481768.983698289026506, 2134343.816965300124139 ], [ 481840.33005787600996, 2134333.565714249853045 ], [ 481915.978178100020159, 2134322.026687080040574 ], [ 481963.783952584024519, 2134314.734607260208577 ], [ 481972.987302187015302, 2134313.140605439897627 ], [ 482102.632915724010672, 2134294.124500560108572 ], [ 482294.285140816995408, 2134267.627773600164801 ], [ 482400.907569468021393, 2134251.695682580117136 ], [ 482510.984038988011889, 2134235.550349350087345 ], [ 482735.052350570971612, 2134201.491376429796219 ], [ 482800.558872251014691, 2134193.833488279953599 ], [ 482899.355973305006046, 2134178.488693729974329 ], [ 482939.149280644021928, 2134172.459403289947659 ], [ 483009.727386502025183, 2134158.449514369945973 ], [ 483016.233534596976824, 2134157.158031539991498 ], [ 483021.393487328023184, 2134156.133771060034633 ], [ 483025.564834851014894, 2134155.305750609841198 ], [ 483030.133841014001518, 2134154.398794149979949 ], [ 483137.103622786002234, 2134114.564989650156349 ], [ 483163.84078261902323, 2134100.509878110140562 ], [ 483178.810368874983396, 2134091.29998381016776 ], [ 483216.53459604998352, 2134065.414569620043039 ], [ 483258.417043243010994, 2134035.857728010043502 ], [ 483305.726068951014895, 2133996.27935791015625 ], [ 483333.755430724006146, 2133968.162407089956105 ], [ 483356.245420086022932, 2133939.571076119784266 ], [ 483406.478965370974038, 2133865.788152849767357 ], [ 483538.261348417028785, 2133683.66990206995979 ], [ 483545.207452500006184, 2133673.6852828101255 ], [ 483572.962987287028227, 2133680.88348894007504 ], [ 483712.906704525987152, 2133714.064743239898235 ], [ 483941.744536619982682, 2133766.254362490028143 ], [ 484018.344441225985065, 2133784.136126819998026 ], [ 484030.407125815981999, 2133786.952084419783205 ], [ 484048.849355922022369, 2133793.159574329853058 ], [ 484068.427917849970981, 2133805.934115489944816 ], [ 484080.141942102985922, 2133814.690828559920192 ], [ 484141.108111572975758, 2133859.77156906016171 ], [ 484168.723782412009314, 2133880.909383580088615 ], [ 484237.53317952202633, 2133932.417281889822334 ], [ 484473.308532507973723, 2134125.300883519928902 ], [ 484510.048076946986839, 2134171.073369789868593 ], [ 484532.618101241008844, 2134157.888264229986817 ], [ 484544.294989628018811, 2134151.066782610025257 ], [ 484566.384857884026133, 2134141.829200259875506 ], [ 484630.646293073019478, 2134124.558937009889632 ], [ 484654.44582384097157, 2134119.720570010133088 ], [ 484703.743675731995609, 2134109.698477469850332 ], [ 484751.010087080998346, 2134096.177100739907473 ], [ 484805.665220147988293, 2134074.382106460165232 ], [ 484813.791383271978702, 2134071.141611579805613 ], [ 484900.668741899018642, 2134035.488588420208544 ], [ 485023.469037142000161, 2133988.988204380031675 ], [ 485045.192634477978572, 2134015.799861830193549 ], [ 485074.896727390994783, 2134049.028168819844723 ], [ 485104.600820316991303, 2134083.011664620134979 ], [ 485159.676327647001017, 2134145.300219580065459 ], [ 485196.722420812002383, 2134181.036627240013331 ], [ 485222.582032455014996, 2134212.38441953016445 ], [ 485236.857546317973174, 2134227.957707230001688 ], [ 485277.755343728989828, 2134275.149102630093694 ], [ 485328.92983123101294, 2134335.800346489995718 ], [ 485355.020951181009877, 2134367.87014312017709 ], [ 485394.083507006987929, 2134413.703541520051658 ], [ 485427.416888010979164, 2134454.328599229920655 ], [ 485455.406493187998421, 2134484.317461660131812 ], [ 485473.930583612003829, 2134502.919710860121995 ], [ 485487.312806830974296, 2134520.995360469911247 ], [ 485509.39041139697656, 2134546.783461649902165 ], [ 485601.886463017028291, 2134654.82496277987957 ], [ 485663.902651668991894, 2134720.211005160119385 ], [ 485717.040162038989365, 2134780.651974500156939 ], [ 485766.794803076016251, 2134845.207046139985323 ], [ 485796.710568310983945, 2134886.459311480168253 ], [ 485837.484458145976532, 2134940.873435160145164 ], [ 486046.858720657997765, 2134841.434391099959612 ], [ 486078.772876527975313, 2134826.03787105018273 ], [ 486105.763691531028599, 2134813.944385239854455 ], [ 486136.557405160972849, 2134800.146975319832563 ], [ 486220.416716944018845, 2134760.512335780076683 ], [ 486232.806818942015525, 2134754.920668969862163 ], [ 486285.156907077005599, 2134731.295015969779342 ], [ 486336.153541320993099, 2134707.618872169870883 ], [ 486389.567886515986174, 2134682.785445149987936 ], [ 486416.736977464985102, 2134669.710880959872156 ], [ 486440.145355810003821, 2134659.186128559987992 ], [ 486509.554780812992249, 2134620.911734399851412 ], [ 486564.301196077023633, 2134601.362269970122725 ], [ 486613.807590613025241, 2134579.728854029905051 ], [ 486645.793245923006907, 2134565.751690229866654 ], [ 486757.008782721008174, 2134517.152474130038172 ], [ 486814.323781475017313, 2134493.39312874013558 ], [ 486899.85385298501933, 2134457.937514080200344 ], [ 486909.172354455979075, 2134454.074624789878726 ], [ 486918.490855931013357, 2134450.211735500022769 ], [ 487092.086518361000344, 2134377.861045270226896 ], [ 487194.697129141015466, 2134335.068661679979414 ], [ 487202.402885688003153, 2134332.181585660204291 ], [ 487211.217902665026486, 2134329.790595760103315 ], [ 487289.128473273012787, 2134304.899683259893209 ], [ 487402.678130781976506, 2134268.622775449883193 ], [ 487458.566646396007854, 2134250.767481369897723 ], [ 487619.247330655984115, 2134199.486405990086496 ], [ 487642.277789570973255, 2134192.136258679907769 ], [ 487651.84250064502703, 2134189.083690970204771 ], [ 487726.833883584011346, 2134172.73753848997876 ], [ 487782.016999122977722, 2134159.150491409935057 ], [ 487826.754852402023971, 2134148.13525039004162 ], [ 487831.116388974012807, 2134147.061363889835775 ], [ 487845.699312034994364, 2134143.470793480053544 ], [ 487998.55520045402227, 2134105.835003459826112 ], [ 488052.848520560015459, 2134094.337468329817057 ], [ 488057.930244442017283, 2134093.335707049816847 ], [ 488062.913223168987315, 2134092.353411419782788 ], [ 488070.797457749024034, 2134090.550847319886088 ], [ 488187.522788649017457, 2134058.726638820022345 ], [ 488288.64703917899169, 2134032.222324919886887 ], [ 488409.275034660007805, 2134005.308580699842423 ], [ 488499.584333010017872, 2133983.058791679795831 ], [ 488509.315665092028212, 2133975.843749030027539 ], [ 488561.965896249981597, 2133970.623376640025526 ], [ 488602.545813545992132, 2133971.732116799801588 ], [ 488633.523330704018008, 2133972.578496479894966 ], [ 488718.58209788100794, 2133976.810545209795237 ], [ 488754.293254490999971, 2133978.740466970019042 ], [ 488818.320481765025761, 2133982.641955520026386 ], [ 488847.541978308989201, 2133984.422562609892339 ], [ 488970.502950627997052, 2133991.910597139969468 ], [ 489086.207000027992763, 2134008.788862170185894 ], [ 489399.771655888005625, 2134027.129030390176922 ], [ 489387.834160714992322, 2133872.95327564002946 ], [ 489379.69985093397554, 2133793.478881659917533 ], [ 489370.861757859005593, 2133665.573549489956349 ], [ 489361.762097043974791, 2133657.44018648006022 ], [ 489359.609357618028298, 2133627.541034230031073 ], [ 489351.476786952989642, 2133541.90986223006621 ], [ 489353.15113888902124, 2133513.685062429867685 ], [ 489354.151541522005573, 2133494.377283940091729 ], [ 489355.507925359997898, 2133467.525623970199376 ], [ 489343.104485411022324, 2133463.403165900148451 ], [ 489237.309230160026345, 2133418.44411659007892 ], [ 489185.40528024698142, 2133396.087759349960834 ], [ 489092.362960922997445, 2133353.586947139818221 ], [ 489013.03425809199689, 2133319.716981269884855 ], [ 488901.758333250007126, 2133272.206916919909418 ], [ 488888.811817827983759, 2133267.549128660000861 ], [ 488852.17042203102028, 2133254.366595929954201 ], [ 488658.16116586298449, 2133184.567579989787191 ], [ 488409.354805729992222, 2133072.788424400147051 ], [ 488401.973724894982297, 2133069.76184866996482 ], [ 488388.962380659009796, 2133064.426435519941151 ], [ 488134.822071601985954, 2132949.451933740172535 ], [ 488031.776450538018253, 2132903.057177090086043 ], [ 487951.060593219008297, 2132865.148741799872369 ], [ 487818.943712920998223, 2132803.459234099835157 ], [ 487607.384824378998019, 2132704.696369620040059 ], [ 487146.521440665994305, 2132499.868202520068735 ], [ 486924.136569828027859, 2132407.6955277598463 ], [ 486873.125451177009381, 2132396.170427820179611 ], [ 486863.836737671983428, 2132394.071800029836595 ], [ 486850.574941792991012, 2132390.174721720162779 ], [ 486598.986211028008256, 2132316.198965560179204 ], [ 486557.511531601019669, 2132304.003980659879744 ], [ 486524.84993362298701, 2132294.421990689821541 ], [ 486487.685143096023239, 2132283.518891269806772 ], [ 486420.724085277994163, 2132263.874408950097859 ], [ 486385.44708311202703, 2132253.525133289862424 ], [ 486300.969362189993262, 2132228.737484519835562 ], [ 486132.091537614993285, 2132179.197775110136718 ], [ 485878.28506402799394, 2132104.662206649780273 ], [ 485748.481075636984315, 2132076.983417170122266 ], [ 485533.731830819975585, 2132059.32626164983958 ], [ 485401.077288345026318, 2132062.435160799883306 ], [ 485307.138343453989364, 2132074.625348600093275 ], [ 485233.657920821977314, 2132084.223410440143198 ], [ 485182.260758885007817, 2132092.239483240060508 ], [ 485180.609004629019182, 2132080.928920770063996 ], [ 485179.098653034016024, 2132069.096538090147078 ], [ 485172.553951689973474, 2132021.196919499896467 ], [ 485168.261767158983275, 2131950.365873409900814 ], [ 485165.110835969971959, 2131927.295324159786105 ], [ 485146.165486001991667, 2131788.580892350059003 ], [ 485141.103197304997593, 2131750.73250380018726 ], [ 485138.012378864979837, 2131727.623885490000248 ], [ 485135.200529570982326, 2131698.625965289771557 ], [ 485135.712206423981115, 2131685.443907440174371 ], [ 485130.762853311025538, 2131643.721738830208778 ], [ 485125.370563190022949, 2131598.265689820051193 ], [ 485118.728599874011707, 2131542.275117509998381 ], [ 485116.061013239028398, 2131519.787835469935089 ], [ 485095.671633997990284, 2131347.908986050169915 ], [ 485095.025488200015388, 2131342.462091589812189 ], [ 485092.722638718027156, 2131323.04947907011956 ], [ 485087.974893664999399, 2131284.061254269909114 ], [ 485086.391106344992295, 2131271.055278739891946 ], [ 485083.966852524026763, 2131245.873884289991111 ], [ 485081.99372956098523, 2131225.378510720096529 ], [ 485071.256318653991912, 2131146.685280169826001 ], [ 485047.539108056982514, 2131041.83896363992244 ], [ 485028.948229286994319, 2130876.549182329792529 ], [ 485032.286532720027026, 2130855.373533939942718 ], [ 485028.948228081979323, 2130830.241002140101045 ], [ 485024.892036766977981, 2130810.298018310219049 ], [ 485025.03759608900873, 2130795.533608390018344 ], [ 485025.126285929, 2130785.490119819995016 ], [ 484986.30653808201896, 2130754.049332660157233 ], [ 484982.843181552016176, 2130751.244300129823387 ], [ 484962.575246920983773, 2130723.288528580218554 ], [ 484955.935750362987164, 2130686.247130759991705 ], [ 484936.058889021980576, 2130655.327569149900228 ], [ 484983.446312941028737, 2130641.121842669788748 ], [ 484977.328916830010712, 2130590.430690810084343 ], [ 484975.872689974028617, 2130578.36382194980979 ], [ 484974.366007066972088, 2130565.87885437021032 ], [ 484972.369588209025096, 2130549.33574198000133 ], [ 484964.821050618018489, 2130486.785588560160249 ], [ 484958.469198688981123, 2130424.656875779852271 ], [ 484957.641402952023782, 2130416.560042889788747 ], [ 484949.586439380014781, 2130414.412052739877254 ], [ 484937.090700802975334, 2130328.693598739802837 ], [ 484935.622261230018921, 2130318.226924010086805 ], [ 484926.227041582984384, 2130276.940670249983668 ], [ 484937.235490572988056, 2130232.906867559999228 ], [ 484953.076918311009649, 2130213.306500200182199 ], [ 484995.499725908972323, 2130203.103499779943377 ], [ 485014.29464045597706, 2130190.484055920038372 ], [ 485030.94156488601584, 2130183.771585610229522 ], [ 485025.840084610972553, 2130053.818168859928846 ], [ 485032.82105267397128, 2130041.467224100138992 ], [ 485029.867564414977096, 2129978.638506080023944 ], [ 485040.876014009001665, 2129957.427100969944149 ], [ 485049.024370544007979, 2129872.503064330201596 ], [ 485053.446306550002191, 2129851.547356119845062 ], [ 485063.234545590006746, 2129799.34340489981696 ], [ 485040.861423081019893, 2129737.817320390138775 ], [ 485032.937608627020381, 2129707.054278059862554 ], [ 485037.132566880027298, 2129633.409418529830873 ], [ 485045.522486825997476, 2129618.027897039894015 ], [ 485052.047980002011172, 2129601.714162189979106 ], [ 485052.514086458017118, 2129592.858134780079126 ], [ 485074.42110032599885, 2129578.874933050014079 ], [ 485083.277126932982355, 2129562.561198140028864 ], [ 485097.260326515010092, 2129524.340447939932346 ], [ 485121.497873769025318, 2129508.492819339968264 ], [ 485142.472674052987713, 2129486.119696939829737 ], [ 485156.455874448991381, 2129479.128096010070294 ], [ 485176.498461725015659, 2129470.738174799829721 ], [ 485189.08334194397321, 2129459.085506840143353 ], [ 485205.164022181008477, 2129442.538718389812857 ], [ 485231.032942611025646, 2129417.835062339901924 ], [ 485247.812782856984995, 2129400.356060460209846 ], [ 485260.397662842005957, 2129379.381258400157094 ], [ 485269.253689492994454, 2129364.465843600220978 ], [ 485271.584222574019805, 2129350.94874907983467 ], [ 485269.253688824013807, 2129338.363868089858443 ], [ 485265.291781705978792, 2129327.177307260222733 ], [ 485258.300181134021841, 2129316.223799860104918 ], [ 485243.850873533985578, 2129303.172812469769269 ], [ 485237.791486527014058, 2129299.677012340165675 ], [ 485223.109125725983176, 2129292.219305419828743 ], [ 485208.19371158501599, 2129284.994651860091835 ], [ 485202.600431210012175, 2129279.401371540036052 ], [ 485203.066537682025228, 2129271.011450829915702 ], [ 485212.388670784013811, 2129247.006955259945244 ], [ 485222.876070605008863, 2129223.002459649927914 ], [ 485229.634617323987186, 2129214.146432070061564 ], [ 485248.744991148007102, 2129202.260710599832237 ], [ 485270.885058533982374, 2129194.336896040011197 ], [ 485283.469938880007248, 2129187.345295129809529 ], [ 485291.859858845011331, 2129172.196826990228146 ], [ 485310.504125368024688, 2129136.073556830175221 ], [ 485334.741671815980226, 2129087.831512180157006 ], [ 485344.996017677010968, 2129039.356414529960603 ], [ 485351.055403931997716, 2129013.254438850097358 ], [ 485341.733269512013067, 2128985.987196799833328 ], [ 485341.733268590003718, 2128949.863927099853754 ], [ 485334.741667310998309, 2128911.177070689853281 ], [ 485322.622892656014301, 2128879.481815 ], [ 485315.398238911002409, 2128875.286854830104858 ], [ 485308.173585166980047, 2128871.091894660145044 ], [ 485296.987024358997587, 2128858.040907179936767 ], [ 485292.792063694971148, 2128838.930532350204885 ], [ 485281.605503004975617, 2128830.540611930191517 ], [ 485276.478329012985341, 2128813.294663940090686 ], [ 485271.817261872987729, 2128802.574209820013493 ], [ 485268.554514687974006, 2128787.65879531018436 ], [ 485268.321461122017354, 2128779.035821259953082 ], [ 485272.050314351974521, 2128768.781473639886826 ], [ 485272.51642057299614, 2128750.603312090039253 ], [ 485268.08840644301381, 2128726.831870200112462 ], [ 485266.457032795995474, 2128717.276682769879699 ], [ 485247.812764814007096, 2128697.001041530165821 ], [ 485242.918644373014104, 2128687.911960890050977 ], [ 485238.024523901985958, 2128677.657613479997963 ], [ 485236.626203524996527, 2128665.305785810109228 ], [ 485216.583615488023497, 2128645.263197959866375 ], [ 485192.346067046979442, 2128616.364582799840719 ], [ 485165.777984970016405, 2128579.775207050144672 ], [ 485149.231197077024262, 2128559.732619119808078 ], [ 485125.925861547002569, 2128513.355002449825406 ], [ 485108.213806356012356, 2128470.939292650204152 ], [ 485104.951059113023803, 2128454.159451310057193 ], [ 485101.688311856007203, 2128436.680449909996241 ], [ 485104.251897846988868, 2128406.383513940032572 ], [ 485100.991237835027277, 2128379.759450369980186 ], [ 485204.151683837990277, 2128298.045718090143055 ], [ 485248.223999998997897, 2128263.13590929005295 ], [ 485273.131999999983236, 2128211.511909270193428 ], [ 485357.320539559004828, 2128077.417911159805954 ], [ 485372.037119175016414, 2128053.97760671004653 ], [ 485403.524520463019144, 2128003.825037830043584 ], [ 485282.93090606702026, 2127860.605710410047323 ], [ 485278.032926985004451, 2127854.788774969987571 ], [ 485246.378151350014377, 2127789.896484899800271 ], [ 485233.13020922098076, 2127790.066373489797115 ], [ 485161.201640461978968, 2127789.255149030126631 ], [ 485118.206744098977651, 2127803.85718930978328 ], [ 485110.094499501981772, 2127800.612291470170021 ], [ 485108.201642428000923, 2127796.826577320229262 ], [ 485106.579193510988262, 2127788.984740879852325 ], [ 485104.943107020983007, 2127783.254260249901563 ], [ 485078.945675739028957, 2127789.300174499861896 ], [ 485060.203341558983084, 2127802.601185860112309 ], [ 485049.925287333026063, 2127824.971068589948118 ], [ 485046.902330206008628, 2127842.504219919908792 ], [ 484925.077158042986412, 2127888.453168250154704 ], [ 484894.545291072980035, 2127893.289899650029838 ], [ 484858.074100691999774, 2127905.801063099876046 ], [ 484847.387159913021605, 2127909.613868129905313 ], [ 484846.177977062994614, 2127872.12919976003468 ], [ 484841.038949950016104, 2127842.201924209948629 ], [ 484847.203529350983445, 2127783.793936819769442 ], [ 484855.246848439972382, 2127711.005584919825196 ], [ 484857.041238669015002, 2127664.800036489963531 ], [ 484857.665214141015895, 2127648.732668119948357 ], [ 484851.313896860985551, 2127624.576583669986576 ], [ 484844.666498499980662, 2127596.43550982978195 ], [ 484851.627830753976014, 2127543.80031519010663 ], [ 484858.932398764998652, 2127488.569887300021946 ], [ 484875.921038804983255, 2127360.117409740108997 ], [ 484795.880225447996054, 2127340.918430860154331 ], [ 484751.024406970012933, 2127331.009967729914933 ], [ 484684.472066320013255, 2127316.311288909986615 ], [ 484657.160842843994033, 2127312.795982909854501 ], [ 484644.181251488975249, 2127315.50006444985047 ], [ 484636.214961637975648, 2127323.725203389767557 ], [ 484629.038394907023758, 2127343.622512389905751 ], [ 484623.516672628989909, 2127370.663090399932116 ], [ 484614.436354630975984, 2127386.617408770136535 ], [ 484602.808804043976124, 2127402.301081660203636 ], [ 484590.099620840977877, 2127417.173530090134591 ], [ 484575.767988721025176, 2127425.556182839907706 ], [ 484559.273091374023352, 2127431.505162210203707 ], [ 484536.558806503016967, 2127437.183733430225402 ], [ 484516.278195011022035, 2127439.076590510085225 ], [ 484497.282477992004715, 2127417.899998269975185 ], [ 484516.9985458960291, 2127377.99954293994233 ], [ 484548.719262005004566, 2127313.804642510134727 ], [ 484630.458809852018021, 2127146.659784089773893 ], [ 484801.833688425016589, 2126796.224400570150465 ], [ 484805.002359469013754, 2126789.946889599785209 ], [ 484789.937570634006988, 2126782.833381270058453 ], [ 484786.686348239018116, 2126775.224574150051922 ], [ 484783.441450399986934, 2126770.898043700028211 ], [ 484778.033287336002104, 2126766.5715132500045 ], [ 484768.298593820014503, 2126763.597023560199887 ], [ 484758.02308399497997, 2126762.785799100063741 ], [ 484749.640431247011293, 2126765.219472480006516 ], [ 484737.201656198012643, 2126771.43886000989005 ], [ 484726.655738222994842, 2126775.494982310105115 ], [ 484719.354718086018693, 2126775.224574150051922 ], [ 484709.620024571020622, 2126771.709268160164356 ], [ 484699.885331053985283, 2126763.32661540992558 ], [ 484684.014675570011605, 2126762.332535929977894 ], [ 484680.590353031991981, 2126762.49822896020487 ], [ 484669.058801584993489, 2126763.056207249872386 ], [ 484651.211863472010009, 2126753.051105579826981 ], [ 484629.579211211996153, 2126744.938860979862511 ], [ 484615.247579092974775, 2126743.316412060055882 ], [ 484596.319008367019705, 2126747.642942519858479 ], [ 484574.92629890202079, 2126757.689868419896811 ], [ 484568.627948374021798, 2126760.634904849808663 ], [ 484569.439999999012798, 2126755.939954449888319 ], [ 484570.93484741798602, 2126747.297358020208776 ], [ 484561.397093418985605, 2126736.076470959931612 ], [ 484556.475569150003139, 2126729.852190270088613 ], [ 484555.038590752985328, 2126728.034835230093449 ], [ 484549.802176791010424, 2126713.821711619850248 ], [ 484548.632342409982812, 2126700.205870099831372 ], [ 484553.355457693978678, 2126686.8915826799348 ], [ 484549.802176791999955, 2126667.629059889819473 ], [ 484544.830000000016298, 2126655.949954430107027 ], [ 484583.063999999023508, 2126661.467954429797828 ], [ 484582.405785405018833, 2126656.556660930160433 ], [ 484570.064000000013039, 2126564.467954420018941 ], [ 484545.06399999797577, 2126507.467954409774393 ], [ 484551.672324634972028, 2126493.331280900165439 ], [ 484561.02306385099655, 2126485.289645169861615 ], [ 484571.525323644978926, 2126483.833331809844822 ], [ 484631.153607964981347, 2126475.564876390155405 ], [ 484635.7650000010035, 2126472.541954409796745 ], [ 484643.124637546017766, 2126472.136202780064195 ], [ 484699.99999999901047, 2126468.999954409897327 ], [ 484694.729999999981374, 2126453.759954410139471 ], [ 484697.199999999022111, 2126438.989954410120845 ], [ 484709.46999999997206, 2126421.239954399876297 ], [ 484714.720000001019798, 2126378.929954399820417 ], [ 484690.439999999012798, 2126374.839954399969429 ], [ 484693.71999999997206, 2126362.639954399783164 ], [ 484684.739999999001157, 2126359.789954400155693 ], [ 484672.25, 2126350.619954389985651 ], [ 484653.849999999976717, 2126351.579954389948398 ], [ 484648.980000000970904, 2126359.839954390190542 ], [ 484639.28000000002794, 2126360.659954399801791 ], [ 484638.200000001001172, 2126380.329954400192946 ], [ 484593.270000000018626, 2126385.929954399820417 ], [ 484577.600000001024455, 2126365.199954399839044 ], [ 484571.205029111006297, 2126360.709785229992121 ], [ 484561.24999999901047, 2126353.719954390078783 ], [ 484525.60999999998603, 2126360.259954390116036 ], [ 484490.06, 2126372.209954400081187 ], [ 484472.919999998004641, 2126374.569954399950802 ], [ 484436.94, 2126384.159954399801791 ], [ 484412.950000000011642, 2126391.269954400137067 ], [ 484384.76, 2126389.009954399894923 ], [ 484371.080000000016298, 2126401.369954400230199 ], [ 484354.99, 2126414.129954400006682 ], [ 484342.07, 2126416.919954400043935 ], [ 484329.60999999998603, 2126414.239954399876297 ], [ 484316.009999999019783, 2126430.689954400062561 ], [ 484255.68, 2126449.09995440999046 ], [ 484251.543190349009819, 2126476.273535590153188 ], [ 483945.326441054989118, 2125723.906947 ], [ 483941.918169211014174, 2125715.551724679768085 ], [ 483937.521558116015512, 2125704.728986450005323 ], [ 483860.509923576028086, 2125515.501876350026578 ], [ 483856.867033597023692, 2125506.55851580016315 ], [ 483851.290937492973171, 2125492.833162149880081 ], [ 483694.509000001009554, 2125107.617908460088074 ], [ 484253.414511854003649, 2124926.938780010212213 ], [ 484256.844216012977995, 2124925.83004884980619 ], [ 484260.197054651973303, 2124924.746166239958256 ], [ 484566.97158271598164, 2124825.57420750008896 ], [ 484701.496289148984943, 2124782.085985979996622 ], [ 484923.924960073025431, 2124710.180775609798729 ], [ 485120.551109187013935, 2124646.616826970130205 ], [ 485369.050217990006786, 2124566.283744810149074 ], [ 485509.012243444973137, 2124521.037784200161695 ], [ 485511.560800144972745, 2124274.459965240210295 ], [ 485615.867522594984621, 2124115.286700880154967 ], [ 485634.945132591994479, 2124030.696389929857105 ], [ 485638.573726887989324, 2124007.865468049887568 ], [ 485894.204612724017352, 2124006.93856063997373 ], [ 485978.501019579009153, 2124055.143919540103525 ], [ 485985.202323624980636, 2124067.898014119826257 ], [ 485992.984482950007077, 2124073.950804649852216 ], [ 486003.360695259005297, 2124076.977199759799987 ], [ 486016.114789479994215, 2124077.625712739769369 ], [ 486026.491001632995903, 2124074.166974939871579 ], [ 486032.543791968026198, 2124068.546526260208338 ], [ 486034.705502781027462, 2124065.736301939934492 ], [ 486029.949738703027833, 2124060.115853529889137 ], [ 486027.355685423011892, 2124051.036667500156909 ], [ 486028.652711629983969, 2124037.850230540148914 ], [ 486034.273159686999861, 2124028.122531020082533 ], [ 486037.299554725002963, 2124019.908029249869287 ], [ 486040.758291804988403, 2124006.289250030182302 ], [ 486040.974462570971809, 2123993.102813090197742 ], [ 486039.677435690013226, 2123978.619349599815905 ], [ 486039.677435236983001, 2123960.02863522991538 ], [ 486039.893605906981975, 2123942.951118529774249 ], [ 486040.325947295990773, 2123910.525453920010477 ], [ 486040.325946774974, 2123889.124515280127525 ], [ 486043.568512914993335, 2123881.55852678976953 ], [ 486046.378736955986824, 2123877.235104780178517 ], [ 486055.674093591980636, 2123870.533800529781729 ], [ 486068.212016515026335, 2123862.319298529997468 ], [ 486074.480977846018504, 2123852.807770090177655 ], [ 486081.830794463981874, 2123837.02727981004864 ], [ 486086.802729144983459, 2123822.543816159944981 ], [ 486088.099755364004523, 2123809.789721390232444 ], [ 486080.966108935012016, 2123788.604954009875655 ], [ 486073.400120302976575, 2123766.339331159833819 ], [ 486070.157553725992329, 2123755.96311856014654 ], [ 486068.708105467027053, 2123744.689633820205927 ], [ 486066.266473398020025, 2123725.699165009893477 ], [ 486069.076697174983565, 2123710.351017029955983 ], [ 486073.616289546014741, 2123690.46327594993636 ], [ 486078.155882081016898, 2123677.276838900055736 ], [ 486091.774660194991156, 2123658.469953089952469 ], [ 486101.502358886005823, 2123646.580542500130832 ], [ 486119.660729779978283, 2123624.747261220123619 ], [ 486150.140852550975978, 2123595.996504520066082 ], [ 486163.759630775020923, 2123581.513040659949183 ], [ 486174.784355955023784, 2123567.894261249806732 ], [ 486183.215028085978702, 2123554.70782411005348 ], [ 486191.645700050983578, 2123534.603911839891225 ], [ 486195.752950297028292, 2123516.661710639949888 ], [ 486200.508713927003555, 2123503.475273579824716 ], [ 486204.615964372991584, 2123493.747574099805206 ], [ 486204.948660750989802, 2123482.18441632995382 ], [ 486208.390573206008412, 2123467.462064090184867 ], [ 486215.867178734974004, 2123452.675859049893916 ], [ 486227.09775613900274, 2123434.084350639954209 ], [ 486242.240050714986864, 2123418.736996099818498 ], [ 486253.902970539988019, 2123410.305529269855469 ], [ 486272.49368403700646, 2123405.549764680210501 ], [ 486274.936412888986524, 2123404.929967720061541 ], [ 486286.977146880992223, 2123401.874855679925531 ], [ 486310.90639270900283, 2123396.215040150098503 ], [ 486329.000165430014022, 2123394.439741380047053 ], [ 486302.687329644977581, 2123312.517649369779974 ], [ 486364.622586040990427, 2123294.531952470075339 ], [ 486407.513454907981213, 2123287.3636828600429 ], [ 486398.015035972988699, 2123235.60270626982674 ], [ 486395.777830691018607, 2123218.755425119772553 ], [ 486392.51877412002068, 2123190.765944600105286 ], [ 486389.311669756018091, 2123162.911317210178822 ], [ 486385.847686461987905, 2123132.995102819986641 ], [ 486384.042203982011415, 2123045.429299850016832 ], [ 486385.117698593006935, 2123035.212098259944469 ], [ 486385.993220840988215, 2123023.656643790192902 ], [ 486387.653163964976557, 2123011.125170739833266 ], [ 486405.70796699100174, 2122970.501859629992396 ], [ 486422.860030057025142, 2122939.80869115004316 ], [ 486432.658007571997587, 2122892.682835150044411 ], [ 486397.918023295991588, 2122802.487036339938641 ], [ 486390.009519084007479, 2122790.036633810028434 ], [ 486394.87507985701086, 2122770.996267360169441 ], [ 486410.260053443023935, 2122784.559564650058746 ], [ 486422.870344999013469, 2122779.121722590178251 ], [ 486417.894954185001552, 2122738.497618259862065 ], [ 486410.220822539995424, 2122705.521513110026717 ], [ 486339.233722516975831, 2122597.577702859882265 ], [ 486457.936649620998651, 2122553.230933390092105 ], [ 486555.562829388014507, 2122512.812601630110294 ], [ 486629.597844019008335, 2122489.34214746998623 ], [ 486687.796210111002438, 2122554.264860790222883 ], [ 486839.023251333972439, 2122470.83517401991412 ], [ 486834.960919819015544, 2122444.204337089788169 ], [ 486892.7362911850214, 2122380.10977886011824 ], [ 486929.74863833701238, 2122333.167285619769245 ], [ 486944.00448664202122, 2122297.771444770041853 ], [ 487041.876561347977258, 2122153.584654060192406 ], [ 487075.089805994997732, 2122127.342507959809154 ], [ 487087.728167666995432, 2122076.789054300170392 ], [ 487085.019945945008658, 2122027.138341229874641 ], [ 487100.366528121987358, 2121972.071186310146004 ], [ 487095.852826505026314, 2121944.988979239948094 ], [ 487074.197379120974801, 2121887.214398169890046 ], [ 487072.391897942987271, 2121852.910269130021334 ], [ 487094.606800860026851, 2121784.252049560192972 ], [ 487084.608962915022857, 2121776.038023270200938 ], [ 486906.813204567006323, 2121267.444669759832323 ], [ 486921.157577225007117, 2121262.128696539904922 ], [ 487014.034263282024767, 2121106.562998380046338 ], [ 487197.815598036977462, 2120968.661984629929066 ], [ 487335.646598191000521, 2120823.100915830116719 ], [ 487228.445812464982737, 2120585.609179260209203 ], [ 487044.664469419978559, 2120363.43755650985986 ], [ 487067.63463285099715, 2120194.896321789827198 ], [ 486952.773792341991793, 2120011.034977939911187 ], [ 486853.223061653028708, 2119758.213128659874201 ], [ 486830.252891739015467, 2119643.302287590224296 ], [ 486876.040285303024575, 2119414.235714630223811 ], [ 486960.433830988011323, 2119260.249479049816728 ], [ 486868.54315719299484, 2119061.058022100012749 ], [ 486960.433819097990636, 2118739.295663020107895 ], [ 486822.592802737024613, 2118203.021737410221249 ], [ 486393.9154771839967, 2117942.638402210082859 ], [ 486277.076648900983855, 2116677.97670659981668 ], [ 485454.339674144983292, 2117283.885740969795734 ], [ 485150.41069436800899, 2117522.184993620030582 ], [ 485036.586004081007559, 2116964.986080579925328 ], [ 484182.021603580971714, 2113188.921971689909697 ], [ 486779.856526151997969, 2110552.485989749897271 ], [ 483473.641500000027008, 2110737.659399999771267 ], [ 478726.192112768010702, 2110829.252450780011714 ], [ 478437.011612231028266, 2110834.576824190095067 ], [ 477416.666645388992038, 2110853.355392110068351 ], [ 477309.542342912987806, 2110855.327522910200059 ], [ 477258.029179545002989, 2110879.408106829971075 ], [ 476298.844816554978024, 2111327.791135999839753 ], [ 474014.331946375023108, 2112985.794506540056318 ], [ 471201.310859294026159, 2115027.366915539838374 ], [ 471098.912944424024317, 2115101.683016709983349 ], [ 470348.570662170008291, 2115646.253047610167414 ], [ 470334.162525448016822, 2115692.604533859994262 ], [ 469889.084231185028329, 2117124.426054960116744 ], [ 468787.085744765005074, 2120250.190750670153648 ], [ 468489.353624242008664, 2121108.87707117991522 ], [ 468424.65495394798927, 2121160.62163008004427 ], [ 468403.032999682007357, 2121177.937582910060883 ], [ 468374.797755693027284, 2121210.968469469808042 ], [ 468356.152661454980262, 2121232.797988189850003 ], [ 468372.992786978022195, 2121286.028378029819578 ], [ 468450.11335533199599, 2121412.539302439894527 ], [ 468366.982761049992405, 2121608.540745790116489 ], [ 468251.891933300998062, 2121786.942061549983919 ], [ 468187.326468252984341, 2121873.647701520007104 ], [ 468122.761003223014995, 2121960.353341490030289 ], [ 468205.763489637989551, 2123535.050815689843148 ], [ 468131.6053604860208, 2123731.702461120206863 ], [ 468179.389903470000718, 2124026.617427359800786 ], [ 468300.84079698898131, 2124209.048755269963294 ], [ 468491.682193708023988, 2124365.409888649825007 ], [ 468691.203646819980349, 2124400.160131989978254 ], [ 468880.602755509025883, 2124307.857913840096444 ], [ 469036.753891759028193, 2124316.547969010192901 ], [ 469246.39767707802821, 2124252.479021789971739 ], [ 469401.096537670004182, 2124238.35737757012248 ], [ 469574.587804207985755, 2124325.238003959879279 ], [ 469696.038686215004418, 2124299.167806849814951 ], [ 469993.619990235019941, 2124155.231875420082361 ], [ 470572.205047114985064, 2124064.616045610047877 ], [ 470884.497322720009834, 2124142.806601780001074 ], [ 471170.769416394992732, 2124368.668239680118859 ], [ 471337.032898125995416, 2124539.151011189911515 ], [ 471402.103382544999477, 2124762.852644289843738 ], [ 471374.630928112019319, 2124948.542471180204302 ], [ 471809.826374738011509, 2125310.1366271302104 ], [ 472078.748341724975035, 2125544.688329440075904 ], [ 472276.827529237023555, 2125773.80846277019009 ], [ 472658.520311196974944, 2125912.79946098010987 ], [ 472786.992279611004051, 2125986.113496449775994 ], [ 473044.916755998972803, 2126133.301123780198395 ], [ 473335.653339396987576, 2126342.621293699834496 ], [ 473595.585243178007659, 2126647.913513939827681 ], [ 473759.08644867700059, 2127018.096212910022587 ], [ 473823.066923153004609, 2127224.547719269990921 ], [ 473822.578849777986761, 2127554.991413440089673 ], [ 473893.669377458980307, 2127797.033179449848831 ], [ 474050.060524655971676, 2128031.9648895598948 ], [ 474444.633412200026214, 2128483.898174969945103 ], [ 474511.533905791002326, 2128652.349403060041368 ], [ 474474.953644248016644, 2128748.250105489976704 ], [ 474479.123678769974504, 2128843.460801070090383 ], [ 474416.923231042979751, 2128938.28149671992287 ], [ 474458.763539373001549, 2129035.842207769863307 ], [ 474395.993088770017494, 2129158.51310691004619 ], [ 474515.822049973998219, 2129288.072769709862769 ], [ 474518.543654638982844, 2129314.535145930014551 ], [ 474523.434023679001257, 2129362.08458874002099 ], [ 474482.173726444016211, 2129418.915005790069699 ], [ 474407.713182633975521, 2129354.484538319986314 ], [ 474309.972473784000613, 2129382.094744380097836 ], [ 474251.363751246011816, 2129461.831283580046147 ], [ 474230.860501801013015, 2129490.529289950150996 ], [ 474198.884552363015246, 2129751.190586789976805 ], [ 474202.5163219239912, 2129780.64826358994469 ], [ 474206.148091483977623, 2129810.105940380133688 ], [ 474225.517523976974189, 2129852.073040930088609 ], [ 474241.658718970022164, 2129915.023692320100963 ], [ 474228.745766313979402, 2129939.23548216978088 ], [ 474227.131647675007116, 2129952.14843651978299 ], [ 474233.588124905014411, 2129960.219032660126686 ], [ 474240.044601844972931, 2129961.833151650149375 ], [ 474257.799913240014575, 2129961.833150859922171 ], [ 474275.555225351999979, 2129977.974342919886112 ], [ 474282.011702726013027, 2129989.273177629802376 ], [ 474280.39758415898541, 2130003.800251259934157 ], [ 474270.712869648006745, 2130021.555563820060343 ], [ 474259.414035919995513, 2130039.310876450035721 ], [ 474238.430486240016762, 2130042.539115949999541 ], [ 474220.675174779025838, 2130040.924997460097075 ], [ 474210.990459329972509, 2130037.696759319864213 ], [ 474204.533983545028605, 2130061.90854887990281 ], [ 474191.621030242007691, 2130071.593265159986913 ], [ 474175.479838357015979, 2130078.049743019975722 ], [ 474169.028955031011719, 2130076.428643370047212 ], [ 474160.952765188005287, 2130073.207385810092092 ], [ 474143.197453727014363, 2130071.593267320189625 ], [ 474133.512739147001412, 2130087.734460589941591 ], [ 474107.686832616978791, 2130108.718012440018356 ], [ 474157.724536093999632, 2130281.428773600142449 ], [ 474160.95277521701064, 2130296.762906650081277 ], [ 474139.969226379005704, 2130318.553517919965088 ], [ 474139.969227720983326, 2130348.41472466988489 ], [ 474135.12687137699686, 2130377.480945299845189 ], [ 474135.126871883985586, 2130388.767706970218569 ], [ 474128.758172535977792, 2130414.19877017987892 ], [ 474130.284516627027187, 2130442.033643539994955 ], [ 474148.846890185028315, 2130499.334877269808203 ], [ 474162.566904135979712, 2130513.054890559986234 ], [ 474196.463408862997312, 2130539.687857219949365 ], [ 474220.675198255979922, 2130565.51376467011869 ], [ 474260.221120089001488, 2130588.918492520228028 ], [ 474311.065876137989108, 2130605.866742730140686 ], [ 474334.470606169023085, 2130637.342067710123956 ], [ 474366.752990839013364, 2130645.412662699818611 ], [ 474390.157721078023314, 2130681.730345520190895 ], [ 474393.385960765008349, 2130709.977432829793543 ], [ 474382.447121455974411, 2130750.515493229962885 ], [ 474379.665949694986921, 2130760.822190830018371 ], [ 474385.555993189977016, 2130784.545424459967762 ], [ 474384.3333635830204, 2130799.251721859909594 ], [ 474389.005032802000642, 2130837.661988989915699 ], [ 474381.280075692979153, 2130913.356462929863483 ], [ 474369.981242266017944, 2130937.568252659868449 ], [ 474356.261230018979404, 2130961.780042489990592 ], [ 474346.57651534100296, 2130975.500056819990277 ], [ 474319.943549468996935, 2131001.729496330022812 ], [ 474308.729518900974654, 2131015.405669589992613 ], [ 474302.705235882021952, 2131027.163134669885039 ], [ 474294.525116512028035, 2131045.689238430000842 ], [ 474312.861567964020651, 2131086.899099770002067 ], [ 474322.768263037025463, 2131112.7001968100667 ], [ 474329.565799782983959, 2131127.368564479984343 ], [ 474347.024198919010814, 2131164.123028200119734 ], [ 474364.735366019012872, 2131189.370860820170492 ], [ 474381.280089451989625, 2131222.863835169933736 ], [ 474396.614223678014241, 2131260.997402510140091 ], [ 474403.474231599015184, 2131289.446254529990256 ], [ 474420.018954866973218, 2131319.307460499927402 ], [ 474411.550630269979592, 2131343.113518309779465 ], [ 474375.630678606976289, 2131366.923981240019202 ], [ 474360.700075611995999, 2131360.871034599840641 ], [ 474352.629480210016482, 2131375.801638300064951 ], [ 474344.155354843009263, 2131387.100473640020937 ], [ 474332.452991047990508, 2131398.399309129919857 ], [ 474317.966808272001799, 2131401.986545280087739 ], [ 474284.432945995999034, 2131433.102875790093094 ], [ 474263.449395932024345, 2131426.646399599965662 ], [ 474255.378799883008469, 2131427.049929779954255 ], [ 474234.798780562006868, 2131441.577004219871014 ], [ 474219.061119352001697, 2131466.595853759907186 ], [ 474217.04347123997286, 2131486.772344859782606 ], [ 474230.359958931978326, 2131580.391262520104647 ], [ 474238.957829884020612, 2131612.783236970193684 ], [ 474269.820342612976674, 2131723.088014530017972 ], [ 474272.327065168006811, 2131730.504353689961135 ], [ 474268.790935885976069, 2131781.777565159834921 ], [ 474261.835294430027716, 2131823.316212730016559 ], [ 474265.790331055992283, 2131831.421283159870654 ], [ 474295.772473301971331, 2131853.120370720047504 ], [ 474328.821243176003918, 2131855.598595350049436 ], [ 474348.997734010976274, 2131870.932727610226721 ], [ 474369.981284593988676, 2131889.495098399929702 ], [ 474369.174225130991545, 2131892.723336989991367 ], [ 474394.193074028997216, 2131917.742184710223228 ], [ 474425.668400096008554, 2131950.024568900000304 ], [ 474430.510758375981823, 2131964.551642199978232 ], [ 474432.124878232018091, 2131979.078715640120208 ], [ 474429.703699663979933, 2131984.72813323000446 ], [ 474422.440163641003892, 2131994.412849219981581 ], [ 474415.176627616980113, 2132004.097565220203251 ], [ 474402.263674890971743, 2132025.888176050037146 ], [ 474395.807198796013836, 2132042.836428760085255 ], [ 474397.42131858097855, 2132055.74938292009756 ], [ 474406.298974925011862, 2132071.083515679929405 ], [ 474423.247227472020313, 2132089.645886640064418 ], [ 474441.809599154978059, 2132106.594138239976019 ], [ 474475.706108740007039, 2132111.436583559960127 ], [ 474490.233176177018322, 2132121.928269260097295 ], [ 474507.988487716997042, 2132126.770626309793442 ], [ 474526.550858578004409, 2132125.156506219878793 ], [ 474533.007335531001445, 2132127.577684860210866 ], [ 474552.376767171022948, 2132152.596532819792628 ], [ 474574.479885285021737, 2132178.603680630214512 ], [ 474567.710901495011058, 2132193.75657375017181 ], [ 474539.463815474009607, 2132197.791873190086335 ], [ 474491.847300458990503, 2132236.530737959779799 ], [ 474480.548466586973518, 2132250.250752320047468 ], [ 474474.899049991974607, 2132264.7778260698542 ], [ 474473.558793793024961, 2132289.883337189909071 ], [ 474489.64990417700028, 2132305.218591620214283 ], [ 474513.158304644981399, 2132308.996726510114968 ], [ 474516.516647860000376, 2132316.133205320220441 ], [ 474514.417683861975092, 2132323.269684370141476 ], [ 474541.284429395978805, 2132376.163586060050875 ], [ 474603.833570374001283, 2132477.753460249863565 ], [ 474605.512743377010338, 2132513.016062079928815 ], [ 474621.045081094023772, 2132554.155763620045036 ], [ 474675.626370646990836, 2132587.127974439878017 ], [ 474700.796990926028229, 2132614.261760680004954 ], [ 474699.504681514983531, 2132640.107972689904273 ], [ 474666.672009136003908, 2132682.641212990041822 ], [ 474652.494264487992041, 2132706.51952314004302 ], [ 474645.778490966011304, 2132723.682058409787714 ], [ 474631.227647600986529, 2132744.202481300104409 ], [ 474603.991453614027705, 2132782.631636899895966 ], [ 474595.037088765995577, 2132802.03276378987357 ], [ 474583.844132265017834, 2132816.210510559845716 ], [ 474565.189204245980363, 2132828.149666139855981 ], [ 474549.519064761989284, 2132839.342624419834465 ], [ 474533.848925278987736, 2132850.535582699812949 ], [ 474514.447799792978913, 2132855.012766589876264 ], [ 474498.031462706974708, 2132855.758964490145445 ], [ 474483.312794891011436, 2132855.394902320113033 ], [ 474478.63034669298213, 2133074.394736920017749 ], [ 474475.645558919990435, 2133092.303469189908355 ], [ 474481.612789658014663, 2133122.139617260079831 ], [ 474501.016262718010694, 2133114.689383250195533 ], [ 474518.168507317022886, 2133119.117580269929022 ], [ 474526.715739091974683, 2133127.825228559784591 ], [ 474532.609959812019952, 2133141.971357129979879 ], [ 474536.098833314026706, 2133157.885190289933234 ], [ 474535.341333460994065, 2133165.430789459962398 ], [ 474540.564713777974248, 2133172.892760959919542 ], [ 474539.818518088024575, 2133205.725436570122838 ], [ 474542.925657677988056, 2133209.693396919872612 ], [ 474556.981052928022109, 2133219.156984920147806 ], [ 474565.935418986016884, 2133227.36515343002975 ], [ 474583.844150606018957, 2133232.588532850146294 ], [ 474604.737671021022834, 2133243.035292339976877 ], [ 474607.954389464983251, 2133248.872710390016437 ], [ 474611.453445848019328, 2133255.720643979962915 ], [ 474577.128378601977602, 2133284.076138029806316 ], [ 474615.930632013012655, 2133331.086558179929852 ], [ 474624.884998427005485, 2133347.502895569894463 ], [ 474641.301336548000108, 2133370.63500719005242 ], [ 474651.748096946976148, 2133380.335569969844073 ], [ 474686.073165860027075, 2133390.036131709814072 ], [ 474697.266123304027133, 2133397.498102940153331 ], [ 474710.697671971982345, 2133400.482891050167382 ], [ 474740.383834689971991, 2133381.894426410086453 ], [ 474766.529725129017606, 2133385.00029766978696 ], [ 474783.824991923989728, 2133403.467676550149918 ], [ 474815.663652781979181, 2133419.772818069905043 ], [ 474832.406322547001764, 2133422.497940970119089 ], [ 474849.637758726021275, 2133432.297849440015852 ], [ 474866.652875814004801, 2133431.8231655000709 ], [ 474877.099636061990168, 2133438.165841009933501 ], [ 474916.279517897986807, 2133444.510664599947631 ], [ 474929.706535071018152, 2133451.224289239849895 ], [ 474947.242167784017511, 2133448.98569697001949 ], [ 474980.543742561014369, 2133434.559125300031155 ], [ 474991.454347367980517, 2133425.480484140105546 ], [ 475025.6641336689936, 2133404.332888340111822 ], [ 475043.501597277005203, 2133409.810341290198267 ], [ 475062.156525238009635, 2133396.751889979932457 ], [ 475073.352331512025557, 2133406.822999340016395 ], [ 475086.407932595990133, 2133403.094564899802208 ], [ 475100.585678178002127, 2133400.85597277013585 ], [ 475112.524832612019964, 2133404.960056710056961 ], [ 475130.806663178023882, 2133419.13780219014734 ], [ 475149.088493277027737, 2133422.495688689872622 ], [ 475200.205846094002482, 2133421.00074017001316 ], [ 475212.145000623015221, 2133427.343415619805455 ], [ 475217.738630697014742, 2133432.942446160130203 ], [ 475217.36838123499183, 2133441.894260259810835 ], [ 475211.395955962012522, 2133455.328361589927226 ], [ 475189.102147153986152, 2133479.361595029942691 ], [ 475202.068493622995447, 2133500.100192309822887 ], [ 475220.723422256996855, 2133502.711881610099226 ], [ 475234.528069283987861, 2133500.846388089936227 ], [ 475253.375059521989897, 2133489.972278249915689 ], [ 475261.018067402997985, 2133491.892020899802446 ], [ 475275.195813464000821, 2133500.846386360004544 ], [ 475295.954469260002952, 2133518.734279369935393 ], [ 475316.886999109003227, 2133527.004577150102705 ], [ 475325.929847116000019, 2133537.339260119944811 ], [ 475354.350226115027908, 2133559.300461059901863 ], [ 475364.684909126022831, 2133561.238213750068098 ], [ 475375.019592167984229, 2133563.821884150151163 ], [ 475388.583864065993112, 2133576.740237779915333 ], [ 475398.918548373971134, 2133609.036122839897871 ], [ 475419.273404710984323, 2133626.808426639996469 ], [ 475436.381774734996725, 2133626.475899420212954 ], [ 475447.362375679018442, 2133634.226911480072886 ], [ 475466.739907022973057, 2133654.25035966001451 ], [ 475512.600063916994259, 2133687.192160930018872 ], [ 475520.351077043975238, 2133709.153362739831209 ], [ 475535.207184494007379, 2133726.593140279874206 ], [ 475552.001045044977218, 2133745.324753160122782 ], [ 475562.981646504020318, 2133765.348201700020581 ], [ 475572.024494829005562, 2133783.433897200040519 ], [ 475572.670413167972583, 2133798.935922199860215 ], [ 475567.503072633000556, 2133820.897124549839646 ], [ 475561.043896463001147, 2133836.399149859789759 ], [ 475554.584720180020668, 2133849.317504330072552 ], [ 475546.382785169000272, 2133869.30439228983596 ], [ 475542.312285657972097, 2133883.551143459975719 ], [ 475542.958203970978502, 2133898.407250749878585 ], [ 475546.833712444989942, 2133954.602091330103576 ], [ 475536.499030178994872, 2133970.104116789996624 ], [ 475538.740759339998476, 2133993.706422930117697 ], [ 475551.572638417012058, 2134014.75896161980927 ], [ 475567.296542590018362, 2134025.191004460211843 ], [ 475571.935607348976191, 2134023.949762200005352 ], [ 475562.169685621978715, 2134043.909486019983888 ], [ 475556.712858095997944, 2134052.181085249874741 ], [ 475496.208761061017867, 2134125.727849409915507 ], [ 475582.29816992598353, 2134186.824591679964215 ], [ 475597.844297477975488, 2134197.85751385986805 ], [ 475618.219031850981992, 2134216.728618680033833 ], [ 475627.602476380008738, 2134225.865210449788719 ], [ 475648.970396364980843, 2134252.627163089811802 ], [ 475656.952941127994563, 2134273.633858039975166 ], [ 475670.255899799987674, 2134354.620327369775623 ], [ 475679.558018910000101, 2134411.250269840005785 ], [ 475681.402707530010957, 2134434.006208159960806 ], [ 475685.397910460014828, 2134481.948620929848403 ], [ 475689.83722578099696, 2134535.220379889942706 ], [ 475695.517677024006844, 2134550.196113709826022 ], [ 475700.165318739018403, 2134557.425778230186552 ], [ 475706.362174171023071, 2134562.589824200142175 ], [ 475726.286735994974151, 2134574.086236 ], [ 475702.423858703987207, 2134616.537044699769467 ], [ 475837.951600452011917, 2134681.969452430028468 ], [ 475849.639865721983369, 2134691.926122420001775 ], [ 475861.32813099399209, 2134701.882792409975082 ], [ 475870.837046651984565, 2134729.904915070161223 ], [ 475918.862675388983916, 2134750.044693360105157 ], [ 475951.602582723018713, 2134743.298779 ], [ 476096.161771056009457, 2134806.728856219910085 ], [ 476111.517133985005785, 2134825.465215689968318 ], [ 476103.437212830001954, 2134839.493209439795464 ], [ 476086.324831189005636, 2134864.248661629855633 ], [ 476076.570181364018936, 2134884.570851759985089 ], [ 476069.254194509005174, 2134912.209030100144446 ], [ 476175.74246843601577, 2135013.007086790166795 ], [ 476221.194619801011868, 2135041.461138390004635 ], [ 476258.457606433017645, 2135067.079440520144999 ], [ 476286.295178799016867, 2135082.102527339942753 ], [ 476316.372019473987166, 2135109.740704140160233 ], [ 476326.939558108977508, 2135119.901798570062965 ], [ 476337.50709674297832, 2135130.062893 ], [ 476351.418899763026275, 2135189.542792770080268 ], [ 476354.71690616797423, 2135214.984549370128661 ], [ 476392.880351678002626, 2135225.520284589845687 ], [ 476463.769454862980638, 2135245.090551670175046 ], [ 476573.967605679004919, 2135254.101128169801086 ], [ 476700.162246134015732, 2135266.82048822985962 ], [ 476816.07116314797895, 2135275.709525739774108 ] ] ] ] } },
{ "type": "Feature", "properties": { "ID": 6.0, "ENTIDAD": 9, "MUNICIPIO": 17, "NOMBRE": "VENUSTIANO CARRANZA", "CONTROL": 6.0, "GEOMETRY1_": null, "ClaveEnt": "09" }, "geometry": { "type": "MultiPolygon", "coordinates": [ [ [ [ 487180.368193080998026, 2151725.799036900047213 ], [ 487198.246484022994991, 2151719.1208486398682 ], [ 487206.935222196974792, 2151715.875290689989924 ], [ 487243.263076830015052, 2151703.188333749771118 ], [ 487288.524900051997975, 2151687.381322619970888 ], [ 487321.188327796990052, 2151675.974111670162529 ], [ 487370.355232896981761, 2151658.803309440147132 ], [ 487423.051958025025669, 2151640.389420359861106 ], [ 487473.157123411016073, 2151622.901295119896531 ], [ 487526.589540607994422, 2151604.748910270165652 ], [ 487576.63629548199242, 2151587.746723169926554 ], [ 487625.574212634004653, 2151571.121237149927765 ], [ 487653.836063072027173, 2151561.519949920009822 ], [ 487688.981829472992104, 2151552.114743640180677 ], [ 487709.277271976985503, 2151543.452053910121322 ], [ 487716.017766127013601, 2151538.99462996982038 ], [ 487739.967940978007391, 2151523.156609749887139 ], [ 487753.318795536004473, 2151511.913783910218626 ], [ 487801.075076725974213, 2151471.697964820079505 ], [ 487817.009827221976593, 2151458.371127990074456 ], [ 487850.855021560972091, 2151430.080188179854304 ], [ 487893.23957066499861, 2151394.835890360176563 ], [ 487938.797619175980799, 2151356.952712099999189 ], [ 487977.805948362976778, 2151324.515864249784499 ], [ 487986.498777204018552, 2151317.805841300170869 ], [ 487991.292404860025272, 2151314.105624480172992 ], [ 487993.575142866990063, 2151312.343571559991688 ], [ 487997.166444670991041, 2151309.5714339800179 ], [ 487999.867567761975806, 2151307.4864282598719 ], [ 488006.159992654982489, 2151302.629284949973226 ], [ 488010.724041473993566, 2151298.587670640088618 ], [ 488053.684909990988672, 2151260.544418280012906 ], [ 488084.00043914001435, 2151233.699026979971677 ], [ 488097.805193368985783, 2151221.684519129805267 ], [ 488142.944015035987832, 2151182.399449789896607 ], [ 488146.610924209002405, 2151179.208077580202371 ], [ 488177.496046610991471, 2151152.328240450005978 ], [ 488190.748079118027817, 2151140.794775540009141 ], [ 488223.918073303007986, 2151114.995889040175825 ], [ 488232.243523516983259, 2151109.181288400199264 ], [ 488252.941818262974266, 2151094.725335299968719 ], [ 488298.550560552976094, 2151073.072698059957474 ], [ 488341.855831096996553, 2151056.718046349938959 ], [ 488366.272632615990005, 2151049.577282830141485 ], [ 488392.494556575024035, 2151043.980535020120442 ], [ 488413.954499806975946, 2151039.211658109910786 ], [ 488438.601648550014943, 2151033.91367213986814 ], [ 488482.448565869999584, 2151019.396416769828647 ], [ 488521.065940079977736, 2150989.226314689964056 ], [ 488562.067738292971626, 2150947.994165979791433 ], [ 488570.011422901006881, 2150946.442233580164611 ], [ 488588.424662492005154, 2150938.11128559987992 ], [ 488606.821811023983173, 2150929.773377030156553 ], [ 488674.797635781986173, 2150904.871669800020754 ], [ 488741.555541526002344, 2150878.592856009956449 ], [ 488787.659184620017186, 2150860.652709569782019 ], [ 488809.549773938022554, 2150851.306727509945631 ], [ 488874.960471018974204, 2150823.958462690003216 ], [ 488940.66468981502112, 2150798.116951580159366 ], [ 489007.294459677010309, 2150771.656019310001284 ], [ 489054.126923841016833, 2150753.140368389897048 ], [ 489075.12723806098802, 2150744.159634369891137 ], [ 489140.50027634302387, 2150715.505902010016143 ], [ 489184.971409365010913, 2150697.967646399978548 ], [ 489235.307287244009785, 2150677.196008219849318 ], [ 489297.963225583021995, 2150649.797066370025277 ], [ 489315.480132816999685, 2150644.074001669883728 ], [ 489359.162905943987425, 2150629.800823090132326 ], [ 489406.226235658978112, 2150618.125625940039754 ], [ 489456.456159316992853, 2150614.244717599824071 ], [ 489517.823570988024585, 2150622.615172099787742 ], [ 489599.791861062985845, 2150651.586706549860537 ], [ 489662.408415890997276, 2150679.368053390178829 ], [ 489715.529272662010044, 2150702.610160210169852 ], [ 489772.083221503009554, 2150727.622033759951591 ], [ 489845.500893658027053, 2150755.020940349902958 ], [ 489920.021974587987643, 2150784.095452710054815 ], [ 489987.322284592024516, 2150810.501214050222188 ], [ 490048.633223447017372, 2150831.059343149885535 ], [ 490107.491179828997701, 2150838.112002159934491 ], [ 490154.517353051982354, 2150834.616812670137733 ], [ 490189.151494022982661, 2150824.76673485012725 ], [ 490219.972701985971071, 2150812.692446100059897 ], [ 490241.42064752598526, 2150801.2620267001912 ], [ 490269.254782687989064, 2150780.727417840156704 ], [ 490295.227171188977081, 2150759.675657120067626 ], [ 490331.629529284022283, 2150724.586755880154669 ], [ 490359.417778016999364, 2150696.279646459966898 ], [ 490370.982294609013479, 2150684.436885070055723 ], [ 490414.460067857988179, 2150639.9130271198228 ], [ 490448.412955529987812, 2150605.143225570209324 ], [ 490468.820403432007879, 2150584.245116950012743 ], [ 490486.188407876994461, 2150566.459529790095985 ], [ 490508.713831001019571, 2150544.54494770988822 ], [ 490545.41346957400674, 2150508.840524420142174 ], [ 490583.43899168598, 2150471.846172709949315 ], [ 490617.274229859001935, 2150438.928473449777812 ], [ 490660.96779125300236, 2150397.843759779818356 ], [ 490697.635257121000905, 2150365.186520169954747 ], [ 490719.571764888998587, 2150343.338235060218722 ], [ 490771.755994224979077, 2150291.363876469898969 ], [ 490820.84852212597616, 2150239.405303279869258 ], [ 490834.580324081995059, 2150217.927354999817908 ], [ 490838.885842864983715, 2150210.841726449783891 ], [ 490841.348607945023105, 2150206.788733189925551 ], [ 490854.13236990297446, 2150177.050669080112129 ], [ 490855.10892467101803, 2150174.778970940038562 ], [ 490858.810135486011859, 2150166.200767709873617 ], [ 490863.153268048015889, 2150156.173075890168548 ], [ 490865.909727292018943, 2150149.824613419827074 ], [ 490897.344583059020806, 2150173.915418460033834 ], [ 490900.571130228985567, 2150175.756900270003825 ], [ 490994.026040150027256, 2150248.009416250046343 ], [ 491049.028931282984558, 2150290.162112520076334 ], [ 491135.214025303022936, 2150347.362058610189706 ], [ 491221.584731535986066, 2150404.652710170019418 ], [ 491232.859269178006798, 2150413.135275340173393 ], [ 491385.686186354025267, 2150527.857391669880599 ], [ 491487.197496530017816, 2150601.182073520030826 ], [ 491530.470942100975662, 2150632.439788780175149 ], [ 491554.222289161989465, 2150632.56557998014614 ], [ 491575.592429366020951, 2150630.714276160113513 ], [ 491597.553386730025522, 2150624.308996319770813 ], [ 491616.159197819011752, 2150618.208729850128293 ], [ 491632.01988923700992, 2150612.718490030150861 ], [ 491654.590873197012115, 2150606.31321018980816 ], [ 491668.316471547004767, 2150602.043023639824241 ], [ 491687.837322585983202, 2150599.602916880045086 ], [ 491715.593532669008709, 2150597.162810009904206 ], [ 491733.28430393798044, 2150595.942756520118564 ], [ 491759.51544751500478, 2150592.282596420031041 ], [ 491771.258459431002848, 2150588.164916569832712 ], [ 491786.645485489978455, 2150583.058301459997892 ], [ 491810.299202187976334, 2150576.924942160025239 ], [ 491814.765163266973104, 2150577.535146680194885 ], [ 491831.455434554023668, 2150579.098160579800606 ], [ 491930.095851534977555, 2150542.935386009979993 ], [ 492051.914487649977673, 2150500.67896337993443 ], [ 492183.010145447973628, 2150452.449564619921148 ], [ 492230.95930170599604, 2150435.050168119836599 ], [ 492599.26047274802113, 2150301.404060440137982 ], [ 492667.230248902982567, 2150275.999530289787799 ], [ 492681.22962572198594, 2150270.778028429951519 ], [ 492728.364443038008176, 2150253.149882030207664 ], [ 492779.702923153003212, 2150235.324431499931961 ], [ 492823.086193247989286, 2150223.482312479987741 ], [ 492836.490214549994562, 2150222.946151440031826 ], [ 492850.168474745005369, 2150223.730969519820064 ], [ 492866.61138995399233, 2150226.189977849833667 ], [ 492880.734295968024526, 2150230.951041829772294 ], [ 492894.783878832997289, 2150235.868056400213391 ], [ 492906.227935347007588, 2150239.837104570120573 ], [ 492941.030727524019312, 2150254.109668040182441 ], [ 492944.673460718011484, 2150251.453105960041285 ], [ 492949.5248255560291, 2150247.922553199809045 ], [ 492957.614942407992203, 2150243.495035369880497 ], [ 492962.212371969013475, 2150240.978977600112557 ], [ 492965.705059259023983, 2150239.067517530173063 ], [ 492985.844878782983869, 2150231.427321089897305 ], [ 493144.984981267014518, 2150172.596083160024136 ], [ 493155.608037418976892, 2150168.511619680095464 ], [ 493204.290018839004915, 2150150.913294250145555 ], [ 493208.215883473982103, 2150144.144097909796983 ], [ 493271.208984397992026, 2150121.624412910081446 ], [ 493283.853061980975326, 2150117.321130369789898 ], [ 493335.540034971025307, 2150098.594644169788808 ], [ 493347.963535452028736, 2150094.191355159971863 ], [ 493397.643066311022267, 2150076.417075530160218 ], [ 493412.939959554001689, 2150071.187011280097067 ], [ 493423.832687156973407, 2150067.218266540206969 ], [ 493432.793415658001322, 2150063.749177809804678 ], [ 493439.708825196023099, 2150061.990106930024922 ], [ 493466.479040347971022, 2150051.69081238983199 ], [ 493481.721797922975384, 2150057.621248519979417 ], [ 493541.788700559991412, 2150081.350738789886236 ], [ 493550.044577363994904, 2150084.203307429794222 ], [ 493645.859369345998857, 2150121.893889099825174 ], [ 493654.327619588992093, 2150124.776275840122253 ], [ 493661.674308063986246, 2150127.634621299803257 ], [ 493743.253286272985861, 2150159.374214210081846 ], [ 493749.416263069026172, 2150161.772017899900675 ], [ 493756.602917428012006, 2150164.568099540192634 ], [ 493848.228835578018334, 2150200.216613510157913 ], [ 493922.72699770599138, 2150229.64662700984627 ], [ 494013.957968321978115, 2150265.102925559971482 ], [ 494019.175614695996046, 2150267.129005489870906 ], [ 494063.408154773002025, 2150284.101477249991149 ], [ 494087.599209864973091, 2150293.383829089812934 ], [ 494094.392283079971094, 2150295.990399799775332 ], [ 494180.655610261019319, 2150329.552512910217047 ], [ 494262.258891106001101, 2150361.301561229862273 ], [ 494264.386244662979152, 2150362.539555380120873 ], [ 494328.763634901028126, 2150387.590446739923209 ], [ 494336.769169521983713, 2150390.705148320179433 ], [ 494367.95213229698129, 2150402.833944750018418 ], [ 494451.097082226013299, 2150434.880190759897232 ], [ 494480.809704512997996, 2150446.33221525978297 ], [ 494490.484437345003244, 2150456.685993940103799 ], [ 494500.159170177998021, 2150467.039772619958967 ], [ 494640.777323379006702, 2150617.527570310048759 ], [ 494643.663052482006606, 2150621.003251430112869 ], [ 494651.50757341098506, 2150630.454426379874349 ], [ 494654.539931733976118, 2150634.407704960089177 ], [ 494665.517761295021046, 2150646.811418199911714 ], [ 494660.897226270986721, 2150657.639653080143034 ], [ 494672.096170542004984, 2150673.823549120221287 ], [ 494702.323655583022628, 2150597.9987952997908 ], [ 494849.547607955988497, 2150228.691054299939424 ], [ 494915.267218613997102, 2150076.08971757022664 ], [ 494940.27289285097504, 2150018.026356920134276 ], [ 495009.159350388974417, 2149843.606420259922743 ], [ 495011.173363693989813, 2149838.506909810006618 ], [ 495013.187376770016272, 2149833.407491019926965 ], [ 495017.215403151989449, 2149823.208561779931188 ], [ 495074.365726410993375, 2149673.349608209915459 ], [ 495076.286396645009518, 2149668.140517380088568 ], [ 495078.030220018990804, 2149663.41105670016259 ], [ 495091.311395741999149, 2149627.39089587982744 ], [ 494994.110571962024551, 2149548.415224649943411 ], [ 494963.050523068988696, 2149506.141492410097271 ], [ 494928.692332278995309, 2149457.030631000176072 ], [ 494778.212355774012394, 2149109.207670410163701 ], [ 494641.086159184982534, 2148792.249568779952824 ], [ 494574.439200999971945, 2148638.199103999882936 ], [ 494532.288191266008653, 2148546.987081400118768 ], [ 494521.295902621990535, 2148507.024461760185659 ], [ 494510.303613976982888, 2148467.061842110008001 ], [ 494508.779784406011458, 2148461.521938330028206 ], [ 494507.25595483800862, 2148455.982034539803863 ], [ 494497.145290394022595, 2148419.224572060164064 ], [ 494495.319682202010881, 2148412.587547849863768 ], [ 494494.889884322008584, 2148409.382798139937222 ], [ 494478.826325809990522, 2148371.828096409793943 ], [ 494317.594108803023119, 2147994.885634299833328 ], [ 494302.461875142995268, 2147959.50810596998781 ], [ 494197.723746623029001, 2147719.961451559793204 ], [ 494116.361649208003655, 2147539.020704039838165 ], [ 494114.050606596982107, 2147533.820858090184629 ], [ 494111.739563987008296, 2147528.621012149844319 ], [ 494093.369586491025984, 2147500.491983559913933 ], [ 494070.981176529021468, 2147477.529511319939047 ], [ 494041.704025071987417, 2147450.548606470227242 ], [ 494021.073679412016645, 2147435.304574669804424 ], [ 493992.370589855010621, 2147419.804906039964408 ], [ 493955.630635308974888, 2147408.323670189827681 ], [ 493923.24090758501552, 2147404.352692179847509 ], [ 493913.07912337500602, 2147404.456829950213432 ], [ 493840.782398810028099, 2147405.197725410107523 ], [ 493717.440737502998672, 2147404.384999359957874 ], [ 493713.546048894000705, 2147404.574103150051087 ], [ 493709.817682298016734, 2147404.316974420100451 ], [ 493707.742076663009357, 2147404.336505829822272 ], [ 493698.333530485979281, 2147404.425040099769831 ], [ 493677.843533931009006, 2147404.087919820100069 ], [ 493627.203374464006629, 2147403.254708840046078 ], [ 493531.04683056299109, 2147401.434233400039375 ], [ 493313.469519904989284, 2147400.224131119903177 ], [ 493265.128554878989235, 2147399.796870660036802 ], [ 493192.86952485400252, 2147398.55629146983847 ], [ 493189.672000124002807, 2147398.501394759863615 ], [ 493096.62336177501129, 2147396.903889169916511 ], [ 492874.261770260985941, 2147391.550154730211943 ], [ 492868.720776011992712, 2147391.483670569956303 ], [ 492865.203488412022125, 2147391.104585339780897 ], [ 492836.174269710027147, 2147387.975882430095226 ], [ 492802.878685908974148, 2147379.939017479773611 ], [ 492762.120298762980383, 2147363.865287249907851 ], [ 492731.69502378499601, 2147346.643433270044625 ], [ 492693.806945473013911, 2147322.532837649807334 ], [ 492680.029462408972904, 2147310.477539769839495 ], [ 492661.659484958974645, 2147292.107562019955367 ], [ 492653.622619744972326, 2147277.7560168299824 ], [ 492623.19734429201344, 2147223.794206900056452 ], [ 492610.097760992997792, 2147203.796889579854906 ], [ 492583.944345641008113, 2147163.872097029816359 ], [ 492580.971462748013437, 2147156.768077029846609 ], [ 492526.019075826974586, 2147068.034252509940416 ], [ 492524.826357752026524, 2147066.062149450182915 ], [ 492446.422651592991315, 2146936.425320730078965 ], [ 492418.503130970988423, 2146890.407502260059118 ], [ 492375.776708251971286, 2146815.636261680163443 ], [ 492339.610814811021555, 2146757.656019099988043 ], [ 492324.759226240974385, 2146737.543425890151411 ], [ 492323.489761458011344, 2146735.82426779018715 ], [ 492318.400560497015249, 2146728.932275849860162 ], [ 492307.186482375022024, 2146709.576739190146327 ], [ 492305.653289998997934, 2146707.036089090164751 ], [ 492299.868971928022802, 2146697.450906880199909 ], [ 492292.551461479975842, 2146685.325074580032378 ], [ 492289.095773720007855, 2146679.598661120049655 ], [ 492283.942191363021266, 2146671.038273389916867 ], [ 492234.219949964026455, 2146588.664040519855917 ], [ 492170.262583471019752, 2146482.680413169786334 ], [ 492128.71398974902695, 2146413.469793910160661 ], [ 492120.177466478024144, 2146399.249864690005779 ], [ 492083.531791036017239, 2146338.411215220112354 ], [ 492062.991794775007293, 2146305.271585819777101 ], [ 491950.375782857008744, 2146121.804173820186406 ], [ 491945.816131661995314, 2146113.576195579953492 ], [ 491939.99108572199475, 2146101.351767910178751 ], [ 491937.996534265985247, 2146097.431228709872812 ], [ 491935.994527332019061, 2146093.480644329916686 ], [ 491932.511749588011298, 2146086.621399119962007 ], [ 491929.765490131976549, 2146081.757076589856297 ], [ 491926.728142672975082, 2146075.916710960213095 ], [ 491917.330044202972203, 2146056.736736529972404 ], [ 491907.65237938798964, 2146037.661480170208961 ], [ 491905.757381755975075, 2146033.929328879807144 ], [ 491903.945377768017352, 2146030.701855089981109 ], [ 491898.642122838005889, 2146021.986234359908849 ], [ 491895.714752528001554, 2146016.87873318977654 ], [ 491893.482842352008447, 2146012.387205 ], [ 491883.425171456008684, 2145995.624420010019094 ], [ 491827.422514275996946, 2145902.932636280078441 ], [ 491820.030537875019945, 2145890.157821159809828 ], [ 491816.796422848012298, 2145886.548739669844508 ], [ 491800.553720404976048, 2145878.313741359859705 ], [ 491789.071603586024139, 2145872.554315960034728 ], [ 491764.466539222979918, 2145867.330894620157778 ], [ 491741.373517993022688, 2145867.605811870191246 ], [ 491729.776433434977662, 2145867.975775919854641 ], [ 491713.919369039009325, 2145867.722719249781221 ], [ 491701.108956323005259, 2145868.89031059993431 ], [ 491657.81421278801281, 2145859.572094370145351 ], [ 491617.915247460012324, 2145853.87224252987653 ], [ 491580.785035818000324, 2145856.721388520207256 ], [ 491530.511351232999004, 2145863.018015319947153 ], [ 491494.331097558024339, 2145867.655858939979225 ], [ 491472.334105952992104, 2145870.475590609945357 ], [ 491437.255700387991965, 2145876.267239610198885 ], [ 491219.490657692018431, 2145907.40778501983732 ], [ 491016.951491612999234, 2145937.040684579871595 ], [ 490814.412325532990508, 2145966.673584130126983 ], [ 490520.974445194995496, 2146014.151167070027441 ], [ 490509.723061739001423, 2146015.776347199920565 ], [ 490423.531775630021002, 2146028.226048689801246 ], [ 490351.874680762994103, 2146038.191788599826396 ], [ 490339.15977325901622, 2146039.222727300133556 ], [ 490264.657288298010826, 2146050.081947300117463 ], [ 490228.255194297002163, 2146055.203850800171494 ], [ 490155.240354656998534, 2146065.477297239936888 ], [ 490134.544316507992335, 2146068.502103299833834 ], [ 490091.152080047992058, 2146074.844046560116112 ], [ 489894.619115779991262, 2146103.415838109795004 ], [ 489871.762783019978087, 2146104.46703182021156 ], [ 489812.352379061980173, 2146107.199396799784154 ], [ 489800.155646446975879, 2146107.151803609915078 ], [ 489762.221528380003292, 2146106.877304339781404 ], [ 489716.747445070010144, 2146102.837143119890243 ], [ 489708.680423635989428, 2146101.964406750164926 ], [ 489696.68269305001013, 2146100.666423860006034 ], [ 489590.34650350100128, 2146082.160462719853967 ], [ 489584.41191953397356, 2146081.127651779912412 ], [ 489492.493002988980152, 2146064.73005711985752 ], [ 489410.27407259301981, 2146049.256270550191402 ], [ 489351.61225155700231, 2146043.251518039964139 ], [ 489299.878991902980488, 2146029.394395359791815 ], [ 489183.017253633996006, 2146001.680150249972939 ], [ 489174.16257076698821, 2145999.265833599958569 ], [ 489113.948513926006854, 2145982.8478768998757 ], [ 489121.420325017999858, 2145975.460972169879824 ], [ 489133.812902436999138, 2145963.209218529984355 ], [ 489143.172561220009811, 2145953.955918780062348 ], [ 489091.214530075027142, 2145941.883514119777828 ], [ 488873.352869478985667, 2145891.263541279826313 ], [ 488797.615905194019433, 2145873.666121620219201 ], [ 488757.249209821980912, 2145864.794320879969746 ], [ 488636.149123687006067, 2145837.735328610055149 ], [ 488335.838653657003306, 2145772.084003330208361 ], [ 488214.766262522025499, 2145746.033592760097235 ], [ 488119.36670477601001, 2145725.507049739826471 ], [ 488082.263283399981447, 2145703.151698430068791 ], [ 488063.733331341005396, 2145706.610549259930849 ], [ 488047.061525165976491, 2145712.199348940048367 ], [ 488042.646175873989705, 2145726.484304159879684 ], [ 488040.768802426988259, 2145732.558160129934549 ], [ 487995.088946518022567, 2145724.452468039933592 ], [ 487950.921028363984078, 2145716.411658740136772 ], [ 487896.484441318025347, 2145710.85299316002056 ], [ 487694.26402112597134, 2145709.511246290057898 ], [ 487557.022484768996947, 2145709.702924420125782 ], [ 487511.085191885998938, 2145706.544751729816198 ], [ 487452.546768867003266, 2145697.318161780014634 ], [ 487355.986316666007042, 2145678.766579459886998 ], [ 487293.065461463993415, 2145667.44953212980181 ], [ 487293.438549074984621, 2145655.790535870008171 ], [ 487293.989561653987039, 2145638.571380250155926 ], [ 487284.025014774990268, 2145613.968807130120695 ], [ 487244.816582296974957, 2145605.491308759897947 ], [ 487230.165969348978251, 2145608.095862609799951 ], [ 487197.130651318992022, 2145613.968809019774199 ], [ 487174.624628578021657, 2145613.863862719852477 ], [ 487163.205999622005038, 2145632.130647670011967 ], [ 487159.815119514008984, 2145641.67841354990378 ], [ 487058.394227124983445, 2145622.49277839018032 ], [ 486804.355155616009142, 2145574.039923809934407 ], [ 486803.818123057018965, 2145581.313587320037186 ], [ 486802.609723924018908, 2145597.680357910227031 ], [ 486789.285559906973504, 2145671.266094480175525 ], [ 486753.608447715989314, 2145847.537022389937192 ], [ 486696.512688213028014, 2146081.951350249815732 ], [ 486618.141730075993109, 2146314.397556030191481 ], [ 486590.941871395974886, 2146451.570921400096267 ], [ 486576.686429525027052, 2146573.959134900011122 ], [ 486575.65470217197435, 2146582.81689384020865 ], [ 486561.486103939008899, 2146601.832645799964666 ], [ 486543.961784726998303, 2146610.408377329818904 ], [ 486557.612983281025663, 2146709.298670419957489 ], [ 486572.327473665005527, 2146816.104270190000534 ], [ 486578.538122090976685, 2146861.184460729826242 ], [ 486601.55155430897139, 2147021.767056920100003 ], [ 486624.32497431000229, 2147160.059028069954365 ], [ 486629.853309438971337, 2147198.362488249782473 ], [ 486650.114242449984886, 2147338.741792830172926 ], [ 486653.222386281006038, 2147360.276786770205945 ], [ 486710.592946161981672, 2147494.788944120053202 ], [ 486762.796352435019799, 2147617.18609023001045 ], [ 486766.428917940997053, 2147624.337525280192494 ], [ 486770.114947599009611, 2147631.541795920114964 ], [ 486776.455635707010515, 2147643.979299330152571 ], [ 486782.87327441200614, 2147691.653180629946291 ], [ 486787.488135104009416, 2147725.934998440090567 ], [ 486794.777394794975407, 2147788.558557909913361 ], [ 486807.648214971995912, 2147899.13447467982769 ], [ 486808.391113721008878, 2147905.516873729880899 ], [ 486809.764407548005693, 2147917.315129139926285 ], [ 486810.355001725023612, 2147922.254172809887677 ], [ 486811.137701374012977, 2147929.113384560216218 ], [ 486811.580326961004175, 2147932.409495609812438 ], [ 486814.764964403002523, 2147956.124615060165524 ], [ 486823.847533700987697, 2148023.760011440142989 ], [ 486824.697421762975864, 2148030.841377600096166 ], [ 486828.582741155987605, 2148059.021799460053444 ], [ 486841.502674099989235, 2148155.546260130126029 ], [ 486852.949451940017752, 2148229.200565610080957 ], [ 486859.27110942901345, 2148274.190845519769937 ], [ 486866.164431983022951, 2148323.249579189810902 ], [ 486878.44647507101763, 2148393.15165142994374 ], [ 486894.171586055017542, 2148504.873065839987248 ], [ 486900.461791819019709, 2148548.077714779879898 ], [ 486901.764412435994018, 2148557.024841249920428 ], [ 486912.404010555997957, 2148630.103547879960388 ], [ 486926.657193450024351, 2148723.59446563012898 ], [ 486944.717654715990648, 2148849.296347919851542 ], [ 486960.230190709000453, 2148935.334942129906267 ], [ 486974.654123954998795, 2149030.484531280118972 ], [ 486988.536571496981196, 2149123.244511339813471 ], [ 487005.966563832014799, 2149240.614795839879662 ], [ 487024.19941297697369, 2149367.766835810150951 ], [ 487045.595236042980105, 2149473.886380449868739 ], [ 487053.465331571991555, 2149540.414184490218759 ], [ 487061.978863238997292, 2149613.457311459816992 ], [ 487071.243813320004847, 2149692.543203929904848 ], [ 487086.552872432977892, 2149809.809546439908445 ], [ 487019.510965584020596, 2149911.412018749862909 ], [ 487015.56745322002098, 2149917.695090480148792 ], [ 487012.954671666026115, 2149922.010584 ], [ 486963.049156303983182, 2150004.438802320044488 ], [ 486945.906246015976649, 2150044.371703340206295 ], [ 486937.970194679975975, 2150062.858036589808762 ], [ 486936.671446415013634, 2150067.15833692997694 ], [ 486924.693097642972134, 2150106.819985489826649 ], [ 486840.309766862017568, 2150253.458164889831096 ], [ 486820.18106735299807, 2150286.267299910075963 ], [ 486808.641565727011766, 2150305.076317680068314 ], [ 486780.924977615999524, 2150367.871719060000032 ], [ 486788.202816027973313, 2150428.693645180203021 ], [ 486788.942461316008121, 2150434.874965589959174 ], [ 486809.107683249982074, 2150541.715255389921367 ], [ 486821.58507124701282, 2150607.823516140226275 ], [ 486831.745097787003033, 2150646.976787129882723 ], [ 486856.80472815502435, 2150743.261702009942383 ], [ 486873.927552098000888, 2150785.890309480018914 ], [ 486876.968879166990519, 2150793.461930749937892 ], [ 486892.883399897022173, 2150830.022315470036119 ], [ 486902.778581517981365, 2150846.4771294798702 ], [ 486938.484083304996602, 2150995.977932849898934 ], [ 486958.107011332002003, 2151080.38030858989805 ], [ 486969.247166146989912, 2151128.296477450057864 ], [ 486975.501438290986698, 2151155.197428559884429 ], [ 487007.590769580972847, 2151293.22044908022508 ], [ 487015.238578582997434, 2151326.11529783019796 ], [ 487019.024911226995755, 2151342.401117680128664 ], [ 487032.577362271025777, 2151402.412957460153848 ], [ 487033.647976552019827, 2151407.153762829955667 ], [ 487057.354608130990528, 2151495.971324230078608 ], [ 487076.231441669980995, 2151566.69391155987978 ], [ 487153.745352150988765, 2151691.22663917997852 ], [ 487166.589341812010389, 2151707.891838449984789 ], [ 487180.368193080998026, 2151725.799036900047213 ] ] ] ] } },
{ "type": "Feature", "properties": { "ID": 13.0, "ENTIDAD": 9, "MUNICIPIO": 13, "NOMBRE": "XOCHIMILCO", "CONTROL": 16.0, "GEOMETRY1_": null, "ClaveEnt": "09" }, "geometry": { "type": "MultiPolygon", "coordinates": [ [ [ [ 489623.325424003007356, 2136292.97990457015112 ], [ 489611.924320644990075, 2136274.591333449818194 ], [ 489619.818066719977651, 2136214.824388099834323 ], [ 489628.839491348015144, 2136176.483328749891371 ], [ 489626.58413410698995, 2136125.737809259910136 ], [ 489628.839489889971446, 2136095.290497499983758 ], [ 489707.776959325012285, 2135978.011962070129812 ], [ 489754.011762905982323, 2135911.478946739807725 ], [ 489786.714428793988191, 2135860.733426619786769 ], [ 489829.566198016982526, 2135800.966480620205402 ], [ 489857.758151552989148, 2135767.136133749969304 ], [ 489946.844724629016127, 2135653.240632739849389 ], [ 489962.632218630984426, 2135635.197781070135534 ], [ 490082.166101508017164, 2135479.578185650054365 ], [ 490293.560635448026005, 2135199.69127131998539 ], [ 490452.133253170992248, 2134989.740711969789118 ], [ 490498.034790923993569, 2134928.966956320218742 ], [ 490550.30329776200233, 2134859.763317009899765 ], [ 490574.722766935999971, 2134827.431876169983298 ], [ 490608.618855547974817, 2134782.553366499952972 ], [ 490636.516246836981736, 2134745.617147730197757 ], [ 490670.944802499026991, 2134700.033650299999863 ], [ 490749.017928556015249, 2134596.664627950172871 ], [ 490784.722507404978387, 2134549.39167251996696 ], [ 490791.100818096019793, 2134542.353536060079932 ], [ 490838.753538666001987, 2134489.7712198398076 ], [ 490854.088536485971417, 2134472.849841690156609 ], [ 490873.160501790989656, 2134449.695019930135459 ], [ 490899.032482761016581, 2134418.28446007007733 ], [ 490902.084135330980644, 2134414.579520899802446 ], [ 490929.05898252298357, 2134381.829997249878943 ], [ 490953.973077656992245, 2134351.582383930217475 ], [ 490979.848851127026137, 2134320.167219690047204 ], [ 491005.724624596012291, 2134288.752055449876934 ], [ 491017.218301222019363, 2134274.797854660078883 ], [ 491037.195684977981728, 2134249.729040789883584 ], [ 491061.874800531018991, 2134218.760213170200586 ], [ 491089.651265586027876, 2134183.904646470211446 ], [ 491117.429641150985844, 2134149.051587719935924 ], [ 491171.910719653009437, 2134080.68057235982269 ], [ 491197.687756410974544, 2134048.334007670171559 ], [ 491222.767794143990614, 2134016.86207896983251 ], [ 491238.711207634012681, 2133996.855331860017031 ], [ 491254.60062319401186, 2133979.376973479986191 ], [ 491267.414392134000082, 2133965.281826640013605 ], [ 491326.455571567988954, 2133893.726478979922831 ], [ 491355.437491137010511, 2133858.601650009863079 ], [ 491551.285434639023151, 2133614.481429299805313 ], [ 491593.998996036010794, 2133559.030069710221142 ], [ 491623.275218437018339, 2133521.023256829939783 ], [ 491675.466516853019129, 2133453.267762780189514 ], [ 491699.247368780022953, 2133422.395118880085647 ], [ 491731.291952131025027, 2133380.794380010105669 ], [ 491796.110870858014096, 2133296.645527740009129 ], [ 491816.12360178201925, 2133270.664712709840387 ], [ 491824.830882397014648, 2133259.345247100107372 ], [ 491911.800883416028228, 2133146.28423776011914 ], [ 491919.606490463018417, 2133136.415458130184561 ], [ 492007.98701040702872, 2133024.747647169977427 ], [ 492085.3364203760284, 2132926.26733754016459 ], [ 492115.650675738987047, 2132883.573103929869831 ], [ 492172.406860276998486, 2132843.103473839815706 ], [ 492389.59488352999324, 2132688.238959460053593 ], [ 492415.798242454009596, 2132662.512023500166833 ], [ 492431.375085968989879, 2132648.781067479867488 ], [ 492496.937567248009145, 2132590.987872969824821 ], [ 492740.324681043974124, 2132346.289302019868046 ], [ 492760.500056722026784, 2132329.476487820036709 ], [ 492803.733004685025662, 2132299.21342218015343 ], [ 493071.777282264025416, 2132121.958323290105909 ], [ 493217.088024214026518, 2132026.1252820501104 ], [ 493402.847253320971504, 2131955.81412771018222 ], [ 493722.192968819988891, 2131834.939563380088657 ], [ 493757.680013798002619, 2131821.48931183014065 ], [ 493808.598819456994534, 2131802.274666760116816 ], [ 493851.351401588006411, 2131787.863682909868658 ], [ 493903.471122512011789, 2131771.050868399906904 ], [ 493942.096835716976784, 2131760.029258570168167 ], [ 493964.517677767027635, 2131753.165734949987382 ], [ 494037.728590729995631, 2131744.929506139829755 ], [ 494196.478222846984863, 2131737.016379630193114 ], [ 494250.732940357003827, 2131734.311967419926077 ], [ 494280.388832206022926, 2131725.790158750023693 ], [ 494350.949402395985089, 2131697.156881889794022 ], [ 494407.375444579985924, 2131672.398514749947935 ], [ 494484.571351715014316, 2131638.526838920079172 ], [ 494543.542262951028533, 2131604.439604820217937 ], [ 494676.823339776019566, 2131522.63024308020249 ], [ 494835.736960981972516, 2131418.799227409996092 ], [ 494865.425848270999268, 2131401.171449489891529 ], [ 494932.225844657979906, 2131358.49367140000686 ], [ 494962.842509721987881, 2131344.577004559803754 ], [ 495034.281394961988553, 2131322.310337429866195 ], [ 495040.505657566012815, 2131319.934664519969374 ], [ 495155.820277587976307, 2131275.921447820030153 ], [ 495230.970273724000435, 2131247.16033626999706 ], [ 495339.520268213993404, 2131212.832557830028236 ], [ 495609.039699063985609, 2131131.65200068987906 ], [ 495633.161920107027981, 2131128.86866720020771 ], [ 495680.942473180999514, 2131103.818666989915073 ], [ 495702.745249797008, 2131088.510333590209484 ], [ 495752.845247202028986, 2131062.068666719831526 ], [ 495766.298024225980043, 2131047.224222269840539 ], [ 495965.582295642001554, 2130924.800159309990704 ], [ 496039.39312552701449, 2130903.34724758984521 ], [ 496067.833404433971737, 2130893.374988669995219 ], [ 496080.29764697898645, 2130889.008593029808253 ], [ 496083.528173792990856, 2130887.875777619890869 ], [ 496095.203342747001443, 2130886.307471199892461 ], [ 496231.467921658011619, 2130769.783571740146726 ], [ 496382.70744123501936, 2130539.323351399973035 ], [ 496469.130023850011639, 2130440.897632299922407 ], [ 496569.925169526017271, 2130346.676083070226014 ], [ 496579.558879413991235, 2130337.670658609829843 ], [ 496790.814081360993441, 2130088.005419909954071 ], [ 496791.256652584008407, 2130085.928739550057799 ], [ 496822.022236193995923, 2129941.567154900170863 ], [ 496889.239800450974144, 2129874.349590640049428 ], [ 496898.459113809978589, 2129871.951070089824498 ], [ 497169.148371581977699, 2129801.527848539873958 ], [ 497184.516957717016339, 2129797.529517190065235 ], [ 497189.905206047988031, 2129799.201732189860195 ], [ 497238.520178553008009, 2129814.289137450046837 ], [ 497254.135149269015528, 2129819.135162849910557 ], [ 497285.34330410201801, 2129843.141435800120234 ], [ 497655.039907510974444, 2129747.1163439899683 ], [ 497791.875663315993734, 2129713.507561860140413 ], [ 497864.492332415014971, 2129699.891936399973929 ], [ 497868.695736753987148, 2129699.103798090014607 ], [ 497926.310791829018854, 2129718.308816450182348 ], [ 498024.736510918999556, 2129679.898779729846865 ], [ 498156.771012137003709, 2129624.684351940173656 ], [ 498250.395476637000684, 2129591.075569809880108 ], [ 498254.340797543001827, 2129588.192450679838657 ], [ 498293.508253570995294, 2129559.570078969933093 ], [ 498312.811786302016117, 2129545.463651199825108 ], [ 498376.008389159978833, 2129509.351306700147688 ], [ 498380.029350558994338, 2129507.053614470176399 ], [ 498473.653815057012253, 2129471.044205049984157 ], [ 498538.677795636991505, 2129439.580988630186766 ], [ 498548.073261199984699, 2129435.034795620013028 ], [ 498572.853420872997958, 2129419.203026940114796 ], [ 498634.495843813987449, 2129379.820367829874158 ], [ 498683.044073375000153, 2129326.417315309867263 ], [ 498706.514662659028545, 2129300.599667089991271 ], [ 498717.834119569975883, 2129283.76920560002327 ], [ 498740.816456063999794, 2129249.597660779953003 ], [ 498766.299341273028404, 2129231.144537010230124 ], [ 498760.587660105025861, 2129204.343571519944817 ], [ 498756.358962216007058, 2129184.501219890080392 ], [ 498754.87597893801285, 2129177.542606039904058 ], [ 498766.292817160021514, 2129161.619121150113642 ], [ 498769.920794781995937, 2129156.559047100134194 ], [ 498778.033204375009518, 2129145.244370560161769 ], [ 498788.267345762986224, 2129130.970436519943178 ], [ 498793.450196173973382, 2129126.898196910042316 ], [ 498812.871510793978814, 2129111.638592559844255 ], [ 498815.483837051026057, 2129110.178306450136006 ], [ 498817.740554459975101, 2129108.916805109940469 ], [ 498821.320009033021051, 2129106.915895849931985 ], [ 498869.128767659014557, 2129080.190877879969776 ], [ 498875.418178809981328, 2129076.675107319839299 ], [ 498978.351789133972488, 2128978.125760510098189 ], [ 499259.799264346016571, 2128663.974840229842812 ], [ 499224.266262358985841, 2128590.755320969969034 ], [ 499218.517228159995284, 2128578.908826250117272 ], [ 499214.212289243994746, 2128570.038043030072004 ], [ 499210.131713573995512, 2128565.431793040130287 ], [ 499121.582116530975327, 2128465.474920900072902 ], [ 499119.974941789987497, 2128463.66070420993492 ], [ 499115.651459267013706, 2128458.78025534003973 ], [ 499060.534557602019049, 2128396.562998959794641 ], [ 499057.97800472099334, 2128393.677101870067418 ], [ 499055.714160635019653, 2128391.12162136984989 ], [ 499040.966875498008449, 2128374.474538660142571 ], [ 499037.394396017014515, 2128370.441839709877968 ], [ 498991.147422315028962, 2128318.237166869919747 ], [ 498985.47491466999054, 2128311.833906679879874 ], [ 498976.873429063009098, 2128302.124347189906985 ], [ 498956.446080504974816, 2128279.065475159790367 ], [ 498920.849521294992883, 2128238.883240969851613 ], [ 498916.785820411983877, 2128234.296039729844779 ], [ 498860.404801656026393, 2128170.651818220037967 ], [ 498855.932224176009186, 2128165.603067450225353 ], [ 498832.818331794987898, 2128139.511561490129679 ], [ 498829.462950583023485, 2128135.723928169813007 ], [ 498777.569299143971875, 2128077.145152539946139 ], [ 498771.233962515019812, 2128069.99367538979277 ], [ 498731.859104757022578, 2128025.546408830210567 ], [ 498727.597330848977435, 2128020.735618100035936 ], [ 498671.574296619975939, 2127957.495497949887067 ], [ 498663.490787715010811, 2127948.37064275983721 ], [ 498638.206448552024085, 2127919.829085370060056 ], [ 498633.388742200972047, 2127914.390745010226965 ], [ 498580.50873117998708, 2127854.69854346010834 ], [ 498575.745794045971707, 2127849.322027869988233 ], [ 498551.633787263010163, 2127822.103826879989356 ], [ 498547.297850844974164, 2127817.209319760091603 ], [ 498518.323666059994139, 2127784.502577750012279 ], [ 498512.55033011501655, 2127777.985500189941376 ], [ 498486.937293763970956, 2127749.072901680134237 ], [ 498457.495612000988331, 2127715.838438080158085 ], [ 498296.063334105012473, 2127533.609881720039994 ], [ 498293.424546763999388, 2127530.631156439892948 ], [ 498291.944512746995315, 2127528.960459189955145 ], [ 498229.368837294983678, 2127458.323563340120018 ], [ 498221.88424765097443, 2127449.87478232011199 ], [ 498210.921751064015552, 2127448.97632618015632 ], [ 498202.885039778018836, 2127428.428029119968414 ], [ 498198.683579149015713, 2127417.685716989915818 ], [ 498177.369087003986351, 2127388.793052989989519 ], [ 498186.702857260999735, 2127339.612766239792109 ], [ 498167.456914036010858, 2127319.336359220091254 ], [ 498129.517975117021706, 2127221.278748480137438 ], [ 498113.456566823995672, 2127191.218732560053468 ], [ 498078.044319907028694, 2127145.747675349935889 ], [ 498062.384918278024998, 2127145.400167849846184 ], [ 498030.574577180028427, 2127168.163576699793339 ], [ 497987.38255440897774, 2127177.210508950054646 ], [ 497981.875428739993367, 2127178.946990020107478 ], [ 497954.988537330995314, 2127187.42488416004926 ], [ 497940.980313730018679, 2127209.896409519948065 ], [ 497938.841807276010513, 2127237.74812246998772 ], [ 497949.535096671024803, 2127269.683469930198044 ], [ 497969.884904614009429, 2127300.763177659828216 ], [ 497976.260078732972033, 2127308.198523890227079 ], [ 497966.015799391025212, 2127307.003357959911227 ], [ 497950.307904423971195, 2127312.296235890127718 ], [ 497934.429271425993647, 2127305.808192090131342 ], [ 497916.790406033978797, 2127310.56808567000553 ], [ 497884.60071001999313, 2127312.418068389873952 ], [ 497853.634747440984938, 2127309.821594030130655 ], [ 496663.492937461996917, 2125690.725921589881182 ], [ 496379.859370885998942, 2125530.331570830196142 ], [ 496180.38095758901909, 2125417.670051880180836 ], [ 496120.540816841006745, 2125383.863180010113865 ], [ 495554.149708434008062, 2125061.4090197798796 ], [ 495212.019099764991552, 2124870.617857129778713 ], [ 495195.489170173008461, 2124887.550956720020622 ], [ 495192.062233571021352, 2124893.396907759830356 ], [ 495188.635296972002834, 2124899.646027820184827 ], [ 495188.232128, 2124905.088809799868613 ], [ 495189.240050608001184, 2124912.749021450057626 ], [ 495191.255895751994103, 2124918.998141469899565 ], [ 495194.178871171025094, 2124924.037754380144179 ], [ 495197.505015600007027, 2124927.767067919950932 ], [ 495202.242251600022428, 2124932.50430404022336 ], [ 495207.88661788700847, 2124937.039955640211701 ], [ 495212.724646129994653, 2124940.567684649955481 ], [ 495217.764258870971389, 2124942.78511429997161 ], [ 495222.29991035402054, 2124946.514427839778364 ], [ 495226.331600587989669, 2124953.065924619790167 ], [ 495229.960121784999501, 2124957.601576230023056 ], [ 495232.580720441008452, 2124962.439604619983584 ], [ 495235.604488111974206, 2124966.97525623999536 ], [ 495239.031424832006451, 2124975.139429159928113 ], [ 495239.938555166998412, 2124980.582211120054126 ], [ 495240.34172425797442, 2124989.351137630175799 ], [ 495240.24093204899691, 2124994.894711850211024 ], [ 495237.922710266022477, 2125003.159677079878747 ], [ 495235.604488452023361, 2125007.695328739937395 ], [ 495230.968044785025995, 2125012.130188160110265 ], [ 495225.827639824012294, 2125014.045241119805723 ], [ 495220.888819359999616, 2125014.649994709994644 ], [ 495216.756336927996017, 2125014.549202490132302 ], [ 495212.4006774519803, 2125014.409466850105673 ], [ 495199.205159035976976, 2125015.791151590179652 ], [ 495194.383863640017807, 2125016.295982849784195 ], [ 495180.945896120974794, 2125017.703054110053927 ], [ 495164.076872162986547, 2125019.469386610202491 ], [ 495148.869493829028215, 2125020.023534819949418 ], [ 495134.176358532975428, 2125018.186892909929156 ], [ 495114.934125953994226, 2125011.875399630051106 ], [ 495030.925368233991321, 2124991.055123430211097 ], [ 495020.701515215972904, 2124988.357756999786943 ], [ 495026.374109040014446, 2125009.414129619952291 ], [ 495033.644067574001383, 2125036.399836789816618 ], [ 495045.626533347996883, 2125066.216670730151236 ], [ 495063.93500130798202, 2125099.451929959934205 ], [ 495078.508648641989566, 2125138.390128559898585 ], [ 495083.108600175997708, 2125154.824621770065278 ], [ 495087.281242687022313, 2125166.96321817021817 ], [ 495094.867865435022395, 2125190.861079830210656 ], [ 495108.12028808798641, 2125230.16322884010151 ], [ 495119.193299894977827, 2125244.003026360180229 ], [ 495133.683723473979626, 2125263.788028260227293 ], [ 495142.322245247021783, 2125278.557114209979773 ], [ 495149.010133107018191, 2125294.162186169996858 ], [ 495157.927316916000564, 2125314.504512120038271 ], [ 495136.191681857977528, 2125320.913738309871405 ], [ 495133.126399900997058, 2125311.439230320043862 ], [ 495054.265057391021401, 2125342.370713020209223 ], [ 495047.587488406978082, 2125341.814182830043137 ], [ 495043.118577822984662, 2125339.862755119800568 ], [ 495035.326360901002772, 2125340.978196930140257 ], [ 495028.081149212026503, 2125342.650169 ], [ 495015.809703045990318, 2125352.12388336006552 ], [ 495012.465759205981158, 2125354.631841389928013 ], [ 495010.793787294998765, 2125357.139799410011619 ], [ 495006.892519467975944, 2125358.533109449781477 ], [ 495001.040617708000354, 2125358.811771499924362 ], [ 494994.352729976992123, 2125358.254447550047189 ], [ 494988.222166227002162, 2125358.254447610117495 ], [ 494980.698292555985972, 2125360.762405669782311 ], [ 494975.96103879500879, 2125365.778321720194072 ], [ 494966.486531217989977, 2125369.679589809849858 ], [ 494963.69991134700831, 2125371.630223830230534 ], [ 494963.142587392998394, 2125374.138181840069592 ], [ 494963.142587438982446, 2125379.432759840041399 ], [ 494961.749277520983014, 2125382.21937985997647 ], [ 494954.205922899011057, 2125385.18804570985958 ], [ 494941.685614379006438, 2125386.120648039970547 ], [ 494933.883078678976744, 2125383.891352099832147 ], [ 494926.916528920992278, 2125379.154098160099238 ], [ 494916.048711314972024, 2125373.302196249831468 ], [ 494903.23025978601072, 2125367.171632349956781 ], [ 494887.903850377013441, 2125363.270364480093122 ], [ 494872.856102957972325, 2125359.369096610229462 ], [ 494865.628036578011233, 2125355.468682089820504 ], [ 494852.513777911022771, 2125373.023534810170531 ], [ 494846.104552274977323, 2125384.170014869887382 ], [ 494842.203284523973707, 2125394.201846919953823 ], [ 494839.41666465299204, 2125395.595156940165907 ], [ 494831.335466958989855, 2125393.087199009954929 ], [ 494826.876875111018308, 2125389.464593050070107 ], [ 494822.418283258972224, 2125385.841987079940736 ], [ 494817.95969144400442, 2125386.120649130083621 ], [ 494810.714479735994246, 2125385.563325189985335 ], [ 494805.141239919001237, 2125380.547409240156412 ], [ 494800.403986100980546, 2125379.154099280014634 ], [ 494785.388177439977881, 2125386.588326959870756 ], [ 494773.373773312021513, 2125390.579241530038416 ], [ 494757.211377974017523, 2125390.579241679981351 ], [ 494735.197080828016624, 2125385.284663869999349 ], [ 494709.281515785027295, 2125373.859522089827806 ], [ 494690.332500473014079, 2125364.942338259890676 ], [ 494686.152570638980251, 2125364.106352290138602 ], [ 494668.039541481994092, 2125374.9741704701446 ], [ 494655.499752035015263, 2125379.432762589771301 ], [ 494643.238624576013535, 2125383.334030710160732 ], [ 494615.372425800014753, 2125392.251214969903231 ], [ 494603.668622308003251, 2125395.316497080028057 ], [ 494594.751438706996851, 2125398.939103169832379 ], [ 494591.964818833977915, 2125400.053751199971884 ], [ 494587.784889054019004, 2125405.626991239842027 ], [ 494585.276931206986774, 2125410.642907270230353 ], [ 494579.146367567998823, 2125422.068049340043217 ], [ 494575.523761770979036, 2125427.919951380230486 ], [ 494571.901155953994021, 2125431.542557409964502 ], [ 494557.968056557001546, 2125434.886501550208777 ], [ 494556.017422655015253, 2125436.837135570123792 ], [ 494553.509464801987633, 2125441.295727599877864 ], [ 494548.493549052975141, 2125446.032981649972498 ], [ 494542.362985325977206, 2125448.540939710102975 ], [ 494533.167139742989093, 2125452.442207800224423 ], [ 494527.593899974017404, 2125452.720869849901646 ], [ 494520.070026293979026, 2125453.835517920088023 ], [ 494511.710166658973321, 2125456.064814 ], [ 494497.77706724498421, 2125457.458124130032957 ], [ 494490.531855535984505, 2125456.900800200179219 ], [ 494485.515939723991323, 2125455.228828249964863 ], [ 494482.171995850978419, 2125454.114180279895663 ], [ 494475.484108133008704, 2125454.671504340134561 ], [ 494469.632206387992483, 2125456.064814399927855 ], [ 494465.452276592026465, 2125459.687420439906418 ], [ 494462.386994739004876, 2125461.638054470065981 ], [ 494456.535093004989903, 2125464.424674530047923 ], [ 494452.912487147026695, 2125463.588688559830189 ], [ 494450.125867228023708, 2125460.244744590017945 ], [ 494446.781923348025884, 2125458.572772619780153 ], [ 494436.750091788999271, 2125461.638054720126092 ], [ 494430.340866081998684, 2125464.424674780108035 ], [ 494420.788473203021567, 2125470.909467760007828 ], [ 494404.178697448980529, 2125475.06191169982776 ], [ 494389.377553873986471, 2125475.571155190002173 ], [ 494384.082976093981415, 2125475.571155239827931 ], [ 494365.145724426023662, 2125474.646667299792171 ], [ 494360.439621297002304, 2125469.386904980055988 ], [ 494352.025612726982217, 2125463.001806280110031 ], [ 494340.923134784970898, 2125454.576521600130945 ], [ 494335.386542866006494, 2125453.192373619880527 ], [ 494331.372513725014869, 2125449.87041846010834 ], [ 494329.711536150018219, 2125441.703945380169898 ], [ 494329.573121352994349, 2125431.322835530154407 ], [ 494327.220069783972576, 2125426.893561999779195 ], [ 494325.143847818020731, 2125420.80331089021638 ], [ 494317.310830737987999, 2125415.710877549834549 ], [ 494307.782956807990558, 2125408.300308779813349 ], [ 494236.949445492005907, 2125410.921572620049119 ], [ 494219.115078081027605, 2125396.98847278021276 ], [ 494209.650889209005982, 2125395.874618629924953 ], [ 494162.825356360990554, 2125394.201853349804878 ], [ 494198.55301957501797, 2125300.956965790130198 ], [ 494222.346740877022967, 2125262.645039190072566 ], [ 494231.218975985015277, 2125252.562953220214695 ], [ 494240.494494576996658, 2125249.336685639806092 ], [ 494246.14046242198674, 2125247.723551840055734 ], [ 494250.576579997024965, 2125244.900567749980837 ], [ 494253.802847285987809, 2125239.254599620122463 ], [ 494257.034273858007509, 2125223.930225919932127 ], [ 494278.816737484012265, 2125188.844963689800352 ], [ 494301.390289896982722, 2125161.017612670082599 ], [ 494308.649391291022766, 2125146.902692359872162 ], [ 494310.665808285004459, 2125136.820606450084597 ], [ 494313.488792123971507, 2125127.948370839934796 ], [ 494344.729402992990799, 2125104.368890549987555 ], [ 494430.440982637985144, 2125037.209596709813923 ], [ 494441.329634795023594, 2125021.884826050139964 ], [ 494484.480959801992867, 2124940.018288199789822 ], [ 494509.081247892987449, 2124892.834125990048051 ], [ 494521.583033571019769, 2124860.974734460003674 ], [ 494535.294669418013655, 2124819.839823879767209 ], [ 494539.391822991019581, 2124801.818543119821697 ], [ 494538.974553290987387, 2124797.539270769804716 ], [ 494532.71405930299079, 2124733.33533116010949 ], [ 494536.189654115994927, 2124715.957355489954352 ], [ 494543.158694870013278, 2124692.402258099988103 ], [ 494554.768750905990601, 2124674.902866940014064 ], [ 494577.437785036978312, 2124646.024662650190294 ], [ 494592.762554645014461, 2124612.955420759972185 ], [ 494610.103741279977839, 2124572.627077009994537 ], [ 494614.943142128002364, 2124553.672755479812622 ], [ 493865.572108497028239, 2124127.166364029981196 ], [ 493840.317413381009828, 2124138.888843770138919 ], [ 493836.051861158979591, 2124140.868786490056664 ], [ 493754.516351941972971, 2124174.094746349845082 ], [ 493738.022055041976273, 2124180.816220859996974 ], [ 493721.814254480006639, 2124189.679862400051206 ], [ 493707.125935256015509, 2124200.822725980076939 ], [ 493679.522025103971828, 2124232.2253413698636 ], [ 493652.93110240297392, 2124255.017562290187925 ], [ 493638.242783155001234, 2124263.881203810218722 ], [ 493624.151198035979178, 2124271.330895820166916 ], [ 493598.483022402971983, 2124284.900696599856019 ], [ 493539.476498496020213, 2124316.556559239979833 ], [ 493436.602043482998852, 2124373.104015090037137 ], [ 493424.434626895992551, 2124377.145315510220826 ], [ 493409.534162010997534, 2124382.126642960123718 ], [ 493403.368700097023975, 2124382.126643029972911 ], [ 493389.684382163977716, 2124379.720609169919044 ], [ 493385.072817132982891, 2124377.815832289867103 ], [ 493382.065650650009047, 2124376.57374178012833 ], [ 493371.238122026028577, 2124371.098987480159849 ], [ 493334.345601606008131, 2124341.02356267021969 ], [ 493321.713923421979416, 2124330.998421070165932 ], [ 493295.648555751016829, 2124311.750149220228195 ], [ 493278.80631816998357, 2124298.516962309833616 ], [ 493229.282119581010193, 2124261.022932750172913 ], [ 493206.224294372019358, 2124247.789745919872075 ], [ 493159.507135535997804, 2124226.135440300218761 ], [ 493148.078474365000147, 2124221.323372390121222 ], [ 493103.767349459987599, 2124201.273089420050383 ], [ 493085.922597808006685, 2124193.854484740179032 ], [ 493063.867286788998172, 2124185.63386877020821 ], [ 493049.43108323100023, 2124181.623812249861658 ], [ 493037.199831823993009, 2124179.399948410224169 ], [ 493000.909399099007715, 2124172.801688089966774 ], [ 492988.879229440994095, 2124167.388111690059304 ], [ 492978.252579535997938, 2124159.568501260131598 ], [ 492971.947059178026393, 2124153.754712869878858 ], [ 492967.938093131990172, 2124150.70205692993477 ], [ 492965.558959799003787, 2124153.699256930034608 ], [ 492963.816375990980305, 2124156.761461739894003 ], [ 492960.407827959978022, 2124158.565987300127745 ], [ 492954.793748850992415, 2124161.17252421984449 ], [ 492945.771121694007888, 2124164.18006685981527 ], [ 492938.753522782004438, 2124165.784089620225132 ], [ 492931.936426686006598, 2124166.185095369815826 ], [ 492928.786813703016378, 2124165.408911409787834 ], [ 492926.380587204010226, 2124163.532054749783128 ], [ 492925.520336166024208, 2124160.5710160699673 ], [ 492924.918827586981934, 2124152.55090268002823 ], [ 492923.715810432971921, 2124136.711178729776293 ], [ 492923.515307498979382, 2124128.089556830003858 ], [ 492920.68459045002237, 2124127.105136740021408 ], [ 492669.49891938699875, 2124039.772600539959967 ], [ 492561.801826842012815, 2124002.328247140161693 ], [ 492488.825177837978117, 2124000.369256409816444 ], [ 492470.378917786991224, 2124000.168753820005804 ], [ 492456.343719900993165, 2123998.364228480029851 ], [ 492418.849691390001681, 2124003.176297009922564 ], [ 492006.635401243984234, 2123778.971117840148509 ], [ 491998.749317948997486, 2123774.574168669991195 ], [ 491993.238684347015806, 2123745.643342250026762 ], [ 491934.688202316989191, 2123700.180615019984543 ], [ 491939.51000671798829, 2123679.515739 ], [ 491971.196149935014546, 2123667.80564258992672 ], [ 491951.908932325022761, 2123631.986524160020053 ], [ 491928.48873951198766, 2123636.808328569866717 ], [ 491896.802596296009142, 2123643.007791370153427 ], [ 491895.954986128024757, 2123703.718161589931697 ], [ 491768.68036503001349, 2123702.247102620080113 ], [ 491861.672307079017628, 2123608.56633134977892 ], [ 491974.171031938982196, 2123479.63520844001323 ], [ 491984.283904741983861, 2123468.045174439903349 ], [ 492024.924827561015263, 2123353.699527150020003 ], [ 492146.266241554985754, 2123247.08444102993235 ], [ 492194.8880233290256, 2123215.601163490209728 ], [ 492014.178894634009339, 2123105.209005999844521 ], [ 491565.707909605000168, 2122553.122040260117501 ], [ 491561.357149002025835, 2122555.594020300079137 ], [ 491551.181297202012502, 2122562.86248640017584 ], [ 491547.401695106003899, 2122565.769872840028256 ], [ 491534.897342363023199, 2122587.024975480046123 ], [ 491534.025126686028671, 2122600.689691490028054 ], [ 491531.701810003025457, 2122612.86953245010227 ], [ 491513.385276748973411, 2122625.080555520020425 ], [ 491508.604935724986717, 2122631.200118789914995 ], [ 491514.490365157020278, 2122649.54145585000515 ], [ 491503.519887396018021, 2122676.601969949901104 ], [ 491490.355313938984182, 2122699.274292630143464 ], [ 491469.877088473993354, 2122728.52890258980915 ], [ 491445.96651431999635, 2122749.43665941990912 ], [ 491409.357150257972535, 2122781.448424459900707 ], [ 491401.860124974977225, 2122801.66542772995308 ], [ 491390.889647055009846, 2122817.755463209934533 ], [ 491374.644849721982609, 2122820.384742349851876 ], [ 491364.796301766997203, 2122827.120002650190145 ], [ 491366.023230336024426, 2122847.010073230136186 ], [ 491368.217326287005562, 2122868.219665190204978 ], [ 491362.366404923028313, 2122889.429257280193269 ], [ 491347.739101042971015, 2122911.370214730035514 ], [ 491298.9216932990239, 2122963.948468530084938 ], [ 491235.84022517001722, 2122998.402680110186338 ], [ 491219.018825644976459, 2123018.88090712018311 ], [ 491202.197426287981216, 2123050.329612739849836 ], [ 491189.032852753007319, 2123066.419648239854723 ], [ 491130.536229650024325, 2123103.739015679806471 ], [ 491118.821793582988903, 2123132.242521 ], [ 491092.49264635599684, 2123154.183478630147874 ], [ 491055.954479258973151, 2123172.522027859929949 ], [ 490998.877900001010858, 2123189.289011640008539 ], [ 490969.623291792988311, 2123201.722221190109849 ], [ 490900.133278855995741, 2123250.722899669781327 ], [ 490892.219520478975028, 2123240.902128850109875 ], [ 490876.91918640898075, 2123233.259494570083916 ], [ 490867.71276509197196, 2123214.604377659969032 ], [ 490859.59657784801675, 2123196.43380921985954 ], [ 490845.797264640976209, 2123169.905481029767543 ], [ 490839.851226887025405, 2123158.033341289963573 ], [ 490832.461862429976463, 2123144.58712066989392 ], [ 490828.590816245006863, 2123134.915323480032384 ], [ 490823.5080340920249, 2123125.690431190188974 ], [ 490818.894504619005602, 2123112.364645950030535 ], [ 490814.533568152983207, 2123100.4932078900747 ], [ 490813.686104813998099, 2123097.474119800142944 ], [ 490810.657180132984649, 2123086.683575829956681 ], [ 490809.688082984008361, 2123074.327589219901711 ], [ 490807.992163095972501, 2123060.275682889856398 ], [ 490807.265340270998422, 2123053.249729719944298 ], [ 490807.62875155400252, 2123048.646519009955227 ], [ 490807.992162837006617, 2123044.043308299966156 ], [ 490807.992162653012201, 2123032.656418660189956 ], [ 490807.992162446025759, 2123019.815883540082723 ], [ 490807.26533952500904, 2123006.733074170071632 ], [ 490807.023064975976013, 2122987.351134370081127 ], [ 490807.265338921977673, 2122969.180565789807588 ], [ 490807.74988709698664, 2122950.525448710191995 ], [ 490805.811692973016761, 2122936.715816619805992 ], [ 490805.084870134014636, 2122928.720766460057348 ], [ 490803.025539020018186, 2122922.906184549909085 ], [ 490798.917195704998448, 2122921.332103650085628 ], [ 490794.788214888016228, 2122919.272070969920605 ], [ 490792.123198212997522, 2122915.516820169985294 ], [ 490789.942729978996795, 2122909.459964009933174 ], [ 490788.004535957996268, 2122901.949462359771132 ], [ 490784.007010895002168, 2122892.985315260011703 ], [ 490777.707880589005072, 2122884.990265190135688 ], [ 490770.803064703999553, 2122877.722037869971246 ], [ 490765.230757142009679, 2122871.665181760210544 ], [ 490761.354369212989695, 2122863.670131649821997 ], [ 490761.604182185023092, 2122845.190452250186354 ], [ 490755.176375842012931, 2122844.409329059999436 ], [ 490752.26503623201279, 2122847.391267789993435 ], [ 490749.604068473970983, 2122850.22391108982265 ], [ 490744.516309526981786, 2122852.767790779937059 ], [ 490735.552162787993439, 2122855.796219020150602 ], [ 490729.010758400021587, 2122857.371001730207354 ], [ 490719.440926047973335, 2122859.309195870067924 ], [ 490711.324739121017046, 2122861.005115730222315 ], [ 490698.968753057997674, 2122864.275818270165473 ], [ 490690.004606306029018, 2122866.577423769980669 ], [ 490683.826613268000074, 2122867.788795109838247 ], [ 490677.164071773993783, 2122870.090400570072234 ], [ 490670.501530308974907, 2122874.209062890149653 ], [ 490663.475577479985077, 2122877.964313840027899 ], [ 490656.934173105983064, 2122880.144782179966569 ], [ 490653.057785323006101, 2122881.356153479777277 ], [ 490649.423671816010028, 2122884.747992999851704 ], [ 490649.423671863973141, 2122887.655283980071545 ], [ 490649.42367191798985, 2122891.047123440075666 ], [ 490650.150494694011286, 2122894.802374269813299 ], [ 490650.877317504025996, 2122900.859230449888855 ], [ 490652.088688814023044, 2122908.369732109829783 ], [ 490653.663471503008623, 2122917.212742120027542 ], [ 490655.238254246010911, 2122929.447591609787196 ], [ 490654.995980106003117, 2122935.5044478001073 ], [ 490653.905746094998904, 2122938.896287289913744 ], [ 490651.84641510702204, 2122940.834481299854815 ], [ 490648.81798718101345, 2122943.378360949922353 ], [ 490644.093639576982241, 2122945.074280759785324 ], [ 490637.309960954997223, 2122946.770200610160828 ], [ 490627.134443016024306, 2122948.950669 ], [ 490619.260530312021729, 2122949.91976612014696 ], [ 490610.296383549983148, 2122951.494548869784921 ], [ 490599.878591353015509, 2122952.463646030053496 ], [ 490591.64126727799885, 2122952.342509040143341 ], [ 490581.102337937976699, 2122951.857960720080882 ], [ 490577.46822435897775, 2122950.888863789848983 ], [ 490574.68207059497945, 2122948.82953272992745 ], [ 490571.16909407597268, 2122944.226322080008686 ], [ 490568.746351616980974, 2122939.138562920037657 ], [ 490565.475649310974404, 2122933.081706780008972 ], [ 490559.297656141978223, 2122926.298027940094471 ], [ 490542.370228777988814, 2122921.298430359922349 ], [ 490500.325582372024655, 2122921.298431050032377 ], [ 490457.647097086999565, 2122921.93227068008855 ], [ 490436.941693319997285, 2122921.509711740072817 ], [ 490428.490508118004072, 2122921.720991520211101 ], [ 490420.575242981023621, 2122921.215761939994991 ], [ 490411.165578402986284, 2122919.291275950148702 ], [ 490408.735862615983933, 2122916.967199959792197 ], [ 490406.834345902025234, 2122914.431844329927117 ], [ 490405.154427569999825, 2122912.002922260202467 ], [ 490403.348231941985432, 2122910.734450700227171 ], [ 490400.179037476016674, 2122909.88933219993487 ], [ 490393.946288397011813, 2122910.734450859948993 ], [ 490388.030458779016044, 2122912.213408430106938 ], [ 490382.959747666027397, 2122912.847247430123389 ], [ 490374.825481905019842, 2122912.952887389808893 ], [ 490344.597634574980475, 2122917.450154129881412 ], [ 490246.050547608989291, 2122930.700379219837487 ], [ 490235.486566153995227, 2122933.869573989883065 ], [ 490229.570736552996095, 2122936.404929759912193 ], [ 490190.705603434995282, 2122941.265155860222876 ], [ 490148.952697563974652, 2122948.508264369796962 ], [ 490070.779234590998385, 2122959.49480694020167 ], [ 490040.354967889026739, 2122961.818883489817381 ], [ 490036.97449376899749, 2122959.706087159924209 ], [ 490028.865406807977706, 2122945.913310689851642 ], [ 490008.793841945996974, 2122946.124590670224279 ], [ 489912.108232428028714, 2122964.565521019976586 ], [ 489883.58548242301913, 2122968.368555020075291 ], [ 489865.324654699012171, 2122968.096881879959255 ], [ 489861.944180712976959, 2122973.590152559801936 ], [ 489859.077045559999533, 2122981.679172710049897 ], [ 489854.971953138010576, 2122986.05565138021484 ], [ 489850.008453165995888, 2122990.851532000117004 ], [ 489843.562853341980372, 2122999.154989200178534 ], [ 489838.069583149976097, 2123009.930250890087336 ], [ 489836.470125807973091, 2123019.709508129861206 ], [ 489835.111668761994224, 2123034.438689060043544 ], [ 489835.534228264004923, 2123047.96058594994247 ], [ 489835.868238497001585, 2123054.972946850117296 ], [ 489837.103965468006209, 2123063.021834109909832 ], [ 489836.590627019002568, 2123081.976607809774578 ], [ 489831.82197496300796, 2123076.966290379874408 ], [ 489826.328704508021474, 2123072.951977329794317 ], [ 489817.877519274014048, 2123071.473020010162145 ], [ 489805.955080425017513, 2123069.299830010160804 ], [ 489795.270598825009074, 2123069.994062929879874 ], [ 489779.002067336987238, 2123071.684300330001861 ], [ 489761.607079105975572, 2123074.270192259922624 ], [ 489703.484459967003204, 2123077.751017389819026 ], [ 489692.28663961001439, 2123079.863813969772309 ], [ 489682.356497047003359, 2123082.821729099843651 ], [ 489672.637634157028515, 2123088.10372025007382 ], [ 489657.214221373025794, 2123099.935380300041288 ], [ 489646.227680819982197, 2123111.767040280159563 ], [ 489631.438106928020716, 2123123.598700330127031 ], [ 489623.83204037201358, 2123130.782208189833909 ], [ 489615.803414628026076, 2123141.76874956022948 ], [ 489605.239433400973212, 2123156.980883759912103 ], [ 489598.055926299013663, 2123174.728373560123146 ], [ 489596.879028155002743, 2123180.704597290139645 ], [ 489590.963198594981804, 2123185.352749450132251 ], [ 489570.690672913973685, 2123188.311458509881049 ], [ 489541.523765165009536, 2123185.775309619959444 ], [ 489525.466513209976256, 2123181.972276410087943 ], [ 489514.057413085014559, 2123176.479006010107696 ], [ 489502.225753665028606, 2123169.295498500112444 ], [ 489497.9093814130174, 2123162.474156309850514 ], [ 489493.261229336028919, 2123150.642496610060334 ], [ 489491.570991760992911, 2123121.485906470101327 ], [ 489489.458195273997262, 2123111.34448383981362 ], [ 489470.956367117003538, 2123098.728099649772048 ], [ 489465.382635910995305, 2123096.133144020102918 ], [ 489457.011911583016627, 2123101.686014850158244 ], [ 489443.49001536500873, 2123107.601844990160316 ], [ 489437.996745024982374, 2123109.925921120215207 ], [ 489429.334280214970931, 2123111.193599110003561 ], [ 489420.037976455001626, 2123109.292082529980689 ], [ 489412.854468956997152, 2123105.277769519947469 ], [ 489407.14991886401549, 2123101.052176849916577 ], [ 489403.467385551019106, 2123096.97746994998306 ], [ 489400.720750268024858, 2123091.906758670229465 ], [ 489399.332572304992937, 2123087.741559729911387 ], [ 489395.016200024983846, 2123079.44126007007435 ], [ 489389.100370243017096, 2123072.046472819987684 ], [ 489384.120438584999647, 2123068.72639250010252 ], [ 489372.695295083976816, 2123065.879762390162796 ], [ 489360.668399598973338, 2123066.402316910214722 ], [ 489351.583375549991615, 2123068.937672739848495 ], [ 489335.526123762014322, 2123074.430943650193512 ], [ 489325.395020326017402, 2123077.600932170171291 ], [ 489320.848192794015631, 2123057.522946109995246 ], [ 489266.346905108017381, 2123070.356237969826907 ], [ 489262.543871460016817, 2123053.87642619991675 ], [ 489253.347303232003469, 2123036.566458509769291 ], [ 489248.267635656986386, 2123028.371983970049769 ], [ 489241.623713655979373, 2123020.599848759826273 ], [ 489237.069815014023334, 2123015.272646559868008 ], [ 489216.696190661983564, 2122997.676043080165982 ], [ 489188.901191627024673, 2122983.934491809923202 ], [ 489162.695988631981891, 2122966.199187539983541 ], [ 489137.474044753005728, 2122952.273957919795066 ], [ 489066.946655603998806, 2122906.963367159944028 ], [ 489055.970713094982784, 2122899.911830930039287 ], [ 489044.080730798013974, 2122891.402387890033424 ], [ 489033.827332373009995, 2122883.627695649862289 ], [ 489022.409708158986177, 2122878.152164860162884 ], [ 489002.126863415003754, 2122865.264107270166278 ], [ 488992.408000299998093, 2122858.714438640046865 ], [ 488989.518789854017086, 2122856.5340681001544 ], [ 488986.157944650971331, 2122853.098516220226884 ], [ 488983.48723740899004, 2122849.315014290157706 ], [ 488981.484206974972039, 2122846.421748099848628 ], [ 488979.481176529021468, 2122842.638246160000563 ], [ 488976.942248645005748, 2122836.6138782100752 ], [ 488975.606894896016456, 2122827.934079570230097 ], [ 488976.274571529997047, 2122819.699398779775947 ], [ 488978.055042782973032, 2122809.684246439952403 ], [ 488980.948308792023454, 2122805.010508640203625 ], [ 488986.512281924020499, 2122797.888622450176626 ], [ 488996.527433653012849, 2122789.65394147997722 ], [ 489007.210262252017856, 2122785.647880349773914 ], [ 489015.389302913972642, 2122783.311011319980025 ], [ 489021.899151550023817, 2122778.748552930075675 ], [ 489024.569858665985521, 2122776.077845599967986 ], [ 489025.460094344976824, 2122773.62969723995775 ], [ 489025.10575594502734, 2122770.306589759886265 ], [ 489020.341238561028149, 2122754.044510600157082 ], [ 489016.335177681001369, 2122747.590301420073956 ], [ 489004.368014, 2122737.706654369831085 ], [ 488999.198139159998391, 2122703.301072659902275 ], [ 488996.527431670983788, 2122686.609152200166136 ], [ 489001.12720188399544, 2122676.091291970107704 ], [ 489006.834899738023523, 2122668.188325069844723 ], [ 489012.98165114101721, 2122652.821445059962571 ], [ 489016.494080331001896, 2122634.381189120002091 ], [ 489015.176918526994996, 2122596.622569980099797 ], [ 489012.981649853987619, 2122585.646227240096778 ], [ 489002.791045708989259, 2122550.078353370074183 ], [ 489004.510881608992349, 2122546.158798339776695 ], [ 489009.779525856021792, 2122542.646368550136685 ], [ 489012.413847956981044, 2122539.792519379872829 ], [ 489013.950535801006481, 2122535.621509090065956 ], [ 489011.974793655972462, 2122507.961125319823623 ], [ 489008.681890785985161, 2122498.96052430011332 ], [ 489008.023310100019444, 2122491.277084370143712 ], [ 489008.33356154197827, 2122485.382304519880563 ], [ 489008.371584088017698, 2122482.029551470186561 ], [ 489007.71300347201759, 2122478.078068079892546 ], [ 489007.145202337997034, 2122471.739194230176508 ], [ 489006.497218455013353, 2122438.165603030007333 ], [ 489006.361354522989132, 2122431.126168529968709 ], [ 489014.298806757025886, 2122368.095113260205835 ], [ 489014.737859171000309, 2122301.578475969843566 ], [ 488998.053818233020138, 2122270.186135909985751 ], [ 488998.712398215022404, 2122241.20859094010666 ], [ 488994.6321675759973, 2122237.064985710196197 ], [ 488986.257650288986042, 2122230.106903289910406 ], [ 488834.848601653997321, 2122210.287155840080231 ], [ 488783.093984704988543, 2122226.266693720128387 ], [ 488773.224683267006185, 2122238.717258499935269 ], [ 488747.113699096022174, 2122236.611541689839214 ], [ 488695.562582242011558, 2122218.481625330168754 ], [ 488697.375813857011963, 2122160.286811930127442 ], [ 488690.06784204102587, 2122131.05492589995265 ], [ 488703.952985142997932, 2122017.050569530110806 ], [ 488714.184139314980712, 2121734.962867610156536 ], [ 488696.977530073025264, 2121640.058079579845071 ], [ 488690.067827188991942, 2121379.795450690202415 ], [ 488666.682315171987284, 2121176.633841920178384 ], [ 488665.220716661016922, 2120961.779478160198778 ], [ 488751.403731643978972, 2120842.752856410108507 ], [ 488758.57541388302343, 2120856.563972330186516 ], [ 488764.86307239899179, 2120849.477460450027138 ], [ 489423.119543184991926, 2119868.117051839828491 ], [ 488022.657983131997753, 2118448.025503570213914 ], [ 486277.076648900983855, 2116677.97670659981668 ], [ 486393.9154771839967, 2117942.638402210082859 ], [ 486822.592802737024613, 2118203.021737410221249 ], [ 486960.433819097990636, 2118739.295663020107895 ], [ 486868.54315719299484, 2119061.058022100012749 ], [ 486960.433830988011323, 2119260.249479049816728 ], [ 486876.040285303024575, 2119414.235714630223811 ], [ 486830.252891739015467, 2119643.302287590224296 ], [ 486853.223061653028708, 2119758.213128659874201 ], [ 486952.773792341991793, 2120011.034977939911187 ], [ 487067.63463285099715, 2120194.896321789827198 ], [ 487044.664469419978559, 2120363.43755650985986 ], [ 487228.445812464982737, 2120585.609179260209203 ], [ 487335.646598191000521, 2120823.100915830116719 ], [ 487197.815598036977462, 2120968.661984629929066 ], [ 487014.034263282024767, 2121106.562998380046338 ], [ 486921.157577225007117, 2121262.128696539904922 ], [ 486906.813204567006323, 2121267.444669759832323 ], [ 487084.608962915022857, 2121776.038023270200938 ], [ 487094.606800860026851, 2121784.252049560192972 ], [ 487072.391897942987271, 2121852.910269130021334 ], [ 487074.197379120974801, 2121887.214398169890046 ], [ 487095.852826505026314, 2121944.988979239948094 ], [ 487100.366528121987358, 2121972.071186310146004 ], [ 487085.019945945008658, 2122027.138341229874641 ], [ 487087.728167666995432, 2122076.789054300170392 ], [ 487075.089805994997732, 2122127.342507959809154 ], [ 487041.876561347977258, 2122153.584654060192406 ], [ 486944.00448664202122, 2122297.771444770041853 ], [ 486929.74863833701238, 2122333.167285619769245 ], [ 486892.7362911850214, 2122380.10977886011824 ], [ 486834.960919819015544, 2122444.204337089788169 ], [ 486839.023251333972439, 2122470.83517401991412 ], [ 486687.796210111002438, 2122554.264860790222883 ], [ 486629.597844019008335, 2122489.34214746998623 ], [ 486555.562829388014507, 2122512.812601630110294 ], [ 486457.936649620998651, 2122553.230933390092105 ], [ 486339.233722516975831, 2122597.577702859882265 ], [ 486410.220822539995424, 2122705.521513110026717 ], [ 486417.894954185001552, 2122738.497664339840412 ], [ 486422.870344999013469, 2122779.121722590178251 ], [ 486410.260053443023935, 2122784.559564650058746 ], [ 486394.87507985701086, 2122770.996267360169441 ], [ 486390.009519084007479, 2122790.036633810028434 ], [ 486397.918023295991588, 2122802.487036339938641 ], [ 486432.658007571997587, 2122892.682835150044411 ], [ 486422.860030057025142, 2122939.80869115004316 ], [ 486405.70796699100174, 2122970.501859629992396 ], [ 486387.653163964976557, 2123011.125170739833266 ], [ 486385.993220840988215, 2123023.656643790192902 ], [ 486385.117698593006935, 2123035.212098259944469 ], [ 486384.042203982011415, 2123045.429299850016832 ], [ 486385.847686461987905, 2123132.995102819986641 ], [ 486389.311669756018091, 2123162.911317210178822 ], [ 486392.51877412002068, 2123190.765944600105286 ], [ 486395.777830691018607, 2123218.755425119772553 ], [ 486398.015035972988699, 2123235.60270626982674 ], [ 486407.513454907981213, 2123287.3636828600429 ], [ 486364.622586040990427, 2123294.531952470075339 ], [ 486302.687329644977581, 2123312.517649369779974 ], [ 486329.000165430014022, 2123394.439741380047053 ], [ 486310.90639270900283, 2123396.215040150098503 ], [ 486286.977146880992223, 2123401.874855679925531 ], [ 486274.936412888986524, 2123404.929967720061541 ], [ 486272.49368403700646, 2123405.549764680210501 ], [ 486253.902970539988019, 2123410.305529269855469 ], [ 486242.240050714986864, 2123418.736996099818498 ], [ 486227.09775613900274, 2123434.084350639954209 ], [ 486215.867178734974004, 2123452.675859049893916 ], [ 486208.390573206008412, 2123467.462064090184867 ], [ 486204.948660750989802, 2123482.18441632995382 ], [ 486204.615964372991584, 2123493.747574099805206 ], [ 486200.508713927003555, 2123503.475273579824716 ], [ 486195.752950297028292, 2123516.661710639949888 ], [ 486191.645700050983578, 2123534.603911839891225 ], [ 486183.215028085978702, 2123554.70782411005348 ], [ 486174.784355955023784, 2123567.894261249806732 ], [ 486163.759630775020923, 2123581.513040659949183 ], [ 486150.140852550975978, 2123595.996504520066082 ], [ 486119.660729779978283, 2123624.747261220123619 ], [ 486101.502358886005823, 2123646.580542500130832 ], [ 486091.774660194991156, 2123658.469953089952469 ], [ 486078.155882081016898, 2123677.276838900055736 ], [ 486073.616289546014741, 2123690.46327594993636 ], [ 486069.076697174983565, 2123710.351017029955983 ], [ 486066.266473398020025, 2123725.699165009893477 ], [ 486068.708105467027053, 2123744.689633820205927 ], [ 486070.157553725992329, 2123755.96311856014654 ], [ 486073.400120302976575, 2123766.339331159833819 ], [ 486080.966108935012016, 2123788.604954009875655 ], [ 486088.099755364004523, 2123809.789721390232444 ], [ 486086.802729144983459, 2123822.543816159944981 ], [ 486081.830794463981874, 2123837.02727981004864 ], [ 486074.480977846018504, 2123852.807770090177655 ], [ 486068.212016515026335, 2123862.319298529997468 ], [ 486055.674093591980636, 2123870.533800529781729 ], [ 486046.378736955986824, 2123877.235104780178517 ], [ 486043.568512914993335, 2123881.55852678976953 ], [ 486040.325946774974, 2123889.124515280127525 ], [ 486040.325947295990773, 2123910.525453920010477 ], [ 486039.893605906981975, 2123942.951118529774249 ], [ 486039.677435236983001, 2123960.02863522991538 ], [ 486039.677435690013226, 2123978.619349599815905 ], [ 486040.974462570971809, 2123993.102813090197742 ], [ 486040.758291804988403, 2124006.289250030182302 ], [ 486037.299554725002963, 2124019.908029249869287 ], [ 486034.273159686999861, 2124028.122531020082533 ], [ 486028.652711629983969, 2124037.850230540148914 ], [ 486027.355685423011892, 2124051.036667500156909 ], [ 486029.949738703027833, 2124060.115853529889137 ], [ 486034.705502781027462, 2124065.736301939934492 ], [ 486032.543791968026198, 2124068.546526260208338 ], [ 486026.491001632995903, 2124074.166974939871579 ], [ 486016.114789479994215, 2124077.625712739769369 ], [ 486003.360695259005297, 2124076.977199759799987 ], [ 485992.984482950007077, 2124073.950804649852216 ], [ 485985.202323624980636, 2124067.898014119826257 ], [ 485978.501019579009153, 2124055.143919540103525 ], [ 485894.204612724017352, 2124006.93856063997373 ], [ 485638.573726887989324, 2124007.865468049887568 ], [ 485634.945132591994479, 2124030.696389929857105 ], [ 485615.867522594984621, 2124115.286700880154967 ], [ 485511.560800144972745, 2124274.459965240210295 ], [ 485509.012243444973137, 2124521.037784200161695 ], [ 485369.050217990006786, 2124566.283744810149074 ], [ 485120.551109187013935, 2124646.616826970130205 ], [ 484923.924960073025431, 2124710.180775609798729 ], [ 484701.496289148984943, 2124782.085985979996622 ], [ 484566.97158271598164, 2124825.57420750008896 ], [ 484260.197054651973303, 2124924.746166239958256 ], [ 484256.844216012977995, 2124925.83004884980619 ], [ 484253.414511854003649, 2124926.938780010212213 ], [ 483694.509000001009554, 2125107.617908460088074 ], [ 483851.290937492973171, 2125492.833162149880081 ], [ 483856.867033597023692, 2125506.55851580016315 ], [ 483860.509923576028086, 2125515.501876350026578 ], [ 483937.521558116015512, 2125704.728986450005323 ], [ 483941.918169211014174, 2125715.551724679768085 ], [ 483945.326441054989118, 2125723.906947 ], [ 484251.543190349009819, 2126476.273535590153188 ], [ 484255.68, 2126449.09995440999046 ], [ 484316.009999999019783, 2126430.689954400062561 ], [ 484329.60999999998603, 2126414.239954399876297 ], [ 484342.07, 2126416.919954400043935 ], [ 484354.99, 2126414.129954400006682 ], [ 484371.080000000016298, 2126401.369954400230199 ], [ 484384.76, 2126389.009954399894923 ], [ 484412.950000000011642, 2126391.269954400137067 ], [ 484436.94, 2126384.159954399801791 ], [ 484472.919999998004641, 2126374.569954399950802 ], [ 484490.06, 2126372.209954400081187 ], [ 484525.60999999998603, 2126360.259954390116036 ], [ 484561.24999999901047, 2126353.719954390078783 ], [ 484571.205029111006297, 2126360.709785229992121 ], [ 484577.600000001024455, 2126365.199954399839044 ], [ 484593.270000000018626, 2126385.929954399820417 ], [ 484638.200000001001172, 2126380.329954400192946 ], [ 484639.28000000002794, 2126360.659954399801791 ], [ 484648.980000000970904, 2126359.839954390190542 ], [ 484653.849999999976717, 2126351.579954389948398 ], [ 484672.25, 2126350.619954389985651 ], [ 484684.739999999001157, 2126359.789954400155693 ], [ 484693.71999999997206, 2126362.639954399783164 ], [ 484690.439999999012798, 2126374.839954399969429 ], [ 484714.720000001019798, 2126378.929954399820417 ], [ 484709.46999999997206, 2126421.239954399876297 ], [ 484697.199999999022111, 2126438.989954410120845 ], [ 484694.729999999981374, 2126453.759954410139471 ], [ 484699.99999999901047, 2126468.999954409897327 ], [ 484643.124637546017766, 2126472.136202780064195 ], [ 484635.7650000010035, 2126472.541954409796745 ], [ 484631.153607964981347, 2126475.564876390155405 ], [ 484571.525323644978926, 2126483.833331809844822 ], [ 484561.02306385099655, 2126485.289645169861615 ], [ 484551.672324634972028, 2126493.331280900165439 ], [ 484545.06399999797577, 2126507.467954409774393 ], [ 484570.064000000013039, 2126564.467954420018941 ], [ 484582.405785405018833, 2126656.556660930160433 ], [ 484583.063999999023508, 2126661.467954429797828 ], [ 484544.830000000016298, 2126655.949954430107027 ], [ 484549.802176791999955, 2126667.629059889819473 ], [ 484553.355457693978678, 2126686.8915826799348 ], [ 484548.632342409982812, 2126700.205870099831372 ], [ 484549.802176791010424, 2126713.821711619850248 ], [ 484555.038590752985328, 2126728.034835230093449 ], [ 484556.475569150003139, 2126729.852190270088613 ], [ 484561.397093418985605, 2126736.076470959931612 ], [ 484570.93484741798602, 2126747.297358020208776 ], [ 484569.439999999012798, 2126755.939954449888319 ], [ 484568.627948374021798, 2126760.634904849808663 ], [ 484574.92629890202079, 2126757.689868419896811 ], [ 484596.319008367019705, 2126747.642942519858479 ], [ 484615.247579092974775, 2126743.316412060055882 ], [ 484629.579211211996153, 2126744.938860979862511 ], [ 484651.211863472010009, 2126753.051105579826981 ], [ 484669.058801584993489, 2126763.056207249872386 ], [ 484680.590353031991981, 2126762.49822896020487 ], [ 484684.014675570011605, 2126762.332535929977894 ], [ 484699.885331053985283, 2126763.32661540992558 ], [ 484709.620024571020622, 2126771.709268160164356 ], [ 484719.354718086018693, 2126775.224574150051922 ], [ 484726.655738222994842, 2126775.494982310105115 ], [ 484737.201656198012643, 2126771.43886000989005 ], [ 484749.640431247011293, 2126765.219472480006516 ], [ 484758.02308399497997, 2126762.785799100063741 ], [ 484768.298593820014503, 2126763.597023560199887 ], [ 484778.033287336002104, 2126766.5715132500045 ], [ 484783.441450399986934, 2126770.898043700028211 ], [ 484786.686348239018116, 2126775.224574150051922 ], [ 484789.937570634006988, 2126782.833381270058453 ], [ 484805.002359469013754, 2126789.946889599785209 ], [ 484801.833688425016589, 2126796.224400570150465 ], [ 484630.458809852018021, 2127146.659784089773893 ], [ 484548.719262005004566, 2127313.804642510134727 ], [ 484516.9985458960291, 2127377.99954293994233 ], [ 484497.282477992004715, 2127417.899998269975185 ], [ 484516.278195011022035, 2127439.076590510085225 ], [ 484536.558806503016967, 2127437.183733430225402 ], [ 484559.273091374023352, 2127431.505162210203707 ], [ 484575.767988721025176, 2127425.556182839907706 ], [ 484590.099620840977877, 2127417.173530090134591 ], [ 484602.808804043976124, 2127402.301081660203636 ], [ 484614.436354630975984, 2127386.617408770136535 ], [ 484623.516672628989909, 2127370.663090399932116 ], [ 484629.038394907023758, 2127343.622512389905751 ], [ 484636.214961637975648, 2127323.725203389767557 ], [ 484644.181251488975249, 2127315.50006444985047 ], [ 484657.160842843994033, 2127312.795982909854501 ], [ 484684.472066320013255, 2127316.311288909986615 ], [ 484751.024406970012933, 2127331.009967729914933 ], [ 484795.880225447996054, 2127340.918430860154331 ], [ 484875.921038804983255, 2127360.117409740108997 ], [ 484858.932398764998652, 2127488.569887300021946 ], [ 484851.627830753976014, 2127543.80031519010663 ], [ 484844.666498499980662, 2127596.43550982978195 ], [ 484851.313896860985551, 2127624.576583669986576 ], [ 484857.665214141015895, 2127648.732668119948357 ], [ 484857.041238669015002, 2127664.800036489963531 ], [ 484855.246848439972382, 2127711.005584919825196 ], [ 484847.203529350983445, 2127783.793936819769442 ], [ 484841.038949950016104, 2127842.201924209948629 ], [ 484846.177977062994614, 2127872.12919976003468 ], [ 484847.387159913021605, 2127909.613868129905313 ], [ 484858.074100691999774, 2127905.801063099876046 ], [ 484894.545291072980035, 2127893.289899650029838 ], [ 484925.077158042986412, 2127888.453168250154704 ], [ 485046.902330206008628, 2127842.504219919908792 ], [ 485049.925287333026063, 2127824.971068589948118 ], [ 485060.203341558983084, 2127802.601185860112309 ], [ 485078.945675739028957, 2127789.300174499861896 ], [ 485104.943107020983007, 2127783.254260249901563 ], [ 485106.579193510988262, 2127788.984740879852325 ], [ 485108.201642428000923, 2127796.826577320229262 ], [ 485110.094499501981772, 2127800.612291470170021 ], [ 485118.206744098977651, 2127803.85718930978328 ], [ 485161.201640461978968, 2127789.255149030126631 ], [ 485233.13020922098076, 2127790.066373489797115 ], [ 485246.378151350014377, 2127789.896484899800271 ], [ 485278.032926985004451, 2127854.788774969987571 ], [ 485282.93090606702026, 2127860.605710410047323 ], [ 485403.524520463019144, 2128003.825037830043584 ], [ 485372.037119175016414, 2128053.97760671004653 ], [ 485357.320539559004828, 2128077.417911159805954 ], [ 485273.131999999983236, 2128211.511909270193428 ], [ 485248.223999998997897, 2128263.13590929005295 ], [ 485204.151683837990277, 2128298.045718090143055 ], [ 485100.991237835027277, 2128379.759450369980186 ], [ 485104.251897846988868, 2128406.383513940032572 ], [ 485101.688311856007203, 2128436.680449909996241 ], [ 485104.951059113023803, 2128454.159451310057193 ], [ 485108.213806356012356, 2128470.939292650204152 ], [ 485125.925861547002569, 2128513.355002449825406 ], [ 485149.231197077024262, 2128559.732619119808078 ], [ 485165.777984970016405, 2128579.775207050144672 ], [ 485192.346067046979442, 2128616.364582799840719 ], [ 485216.583615488023497, 2128645.263197959866375 ], [ 485236.626203524996527, 2128665.305785810109228 ], [ 485238.024523901985958, 2128677.657613479997963 ], [ 485242.918644373014104, 2128687.911960890050977 ], [ 485247.812764814007096, 2128697.001041530165821 ], [ 485266.457032795995474, 2128717.276682769879699 ], [ 485268.08840644301381, 2128726.831870200112462 ], [ 485272.51642057299614, 2128750.603312090039253 ], [ 485272.050314351974521, 2128768.781473639886826 ], [ 485268.321461122017354, 2128779.035821259953082 ], [ 485268.554514687974006, 2128787.65879531018436 ], [ 485271.817261872987729, 2128802.574209820013493 ], [ 485276.478329012985341, 2128813.294663940090686 ], [ 485281.605503004975617, 2128830.540611930191517 ], [ 485292.792063694971148, 2128838.930532350204885 ], [ 485296.987024358997587, 2128858.040907179936767 ], [ 485308.173585166980047, 2128871.091894660145044 ], [ 485315.398238911002409, 2128875.286854830104858 ], [ 485322.622892656014301, 2128879.481815 ], [ 485334.741667310998309, 2128911.177070689853281 ], [ 485341.733268590003718, 2128949.863927099853754 ], [ 485341.733269512013067, 2128985.987196799833328 ], [ 485351.055403931997716, 2129013.254438850097358 ], [ 485344.996017677010968, 2129039.356414529960603 ], [ 485334.741671815980226, 2129087.831512180157006 ], [ 485310.504125368024688, 2129136.073556830175221 ], [ 485291.859858845011331, 2129172.196826990228146 ], [ 485283.469938880007248, 2129187.345295129809529 ], [ 485270.885058533982374, 2129194.336896040011197 ], [ 485248.744991148007102, 2129202.260710599832237 ], [ 485229.634617323987186, 2129214.146432070061564 ], [ 485222.876070605008863, 2129223.002459649927914 ], [ 485212.388670784013811, 2129247.006955259945244 ], [ 485203.066537682025228, 2129271.011450829915702 ], [ 485202.600431210012175, 2129279.401371540036052 ], [ 485208.19371158501599, 2129284.994651860091835 ], [ 485223.109125725983176, 2129292.219305419828743 ], [ 485237.791486527014058, 2129299.677012340165675 ], [ 485243.850873533985578, 2129303.172812469769269 ], [ 485258.300181134021841, 2129316.223799860104918 ], [ 485265.291781705978792, 2129327.177307260222733 ], [ 485269.253688824013807, 2129338.363868089858443 ], [ 485271.584222574019805, 2129350.94874907983467 ], [ 485269.253689492994454, 2129364.465843600220978 ], [ 485260.397662842005957, 2129379.381258400157094 ], [ 485247.812782856984995, 2129400.356060460209846 ], [ 485231.032942611025646, 2129417.835062339901924 ], [ 485205.164022181008477, 2129442.538718389812857 ], [ 485189.08334194397321, 2129459.085506840143353 ], [ 485176.498461725015659, 2129470.738174799829721 ], [ 485156.455874448991381, 2129479.128096010070294 ], [ 485142.472674052987713, 2129486.119696939829737 ], [ 485121.497873769025318, 2129508.492819339968264 ], [ 485097.260326515010092, 2129524.340447939932346 ], [ 485083.277126932982355, 2129562.561198140028864 ], [ 485074.42110032599885, 2129578.874933050014079 ], [ 485052.514086458017118, 2129592.858134780079126 ], [ 485052.047980002011172, 2129601.714162189979106 ], [ 485045.522486825997476, 2129618.027897039894015 ], [ 485037.132566880027298, 2129633.409418529830873 ], [ 485032.937608627020381, 2129707.054278059862554 ], [ 485040.861423081019893, 2129737.817320390138775 ], [ 485063.234545590006746, 2129799.34340489981696 ], [ 485053.446306550002191, 2129851.547356119845062 ], [ 485049.024370544007979, 2129872.503064330201596 ], [ 485040.876014009001665, 2129957.427100969944149 ], [ 485029.867564414977096, 2129978.638506080023944 ], [ 485032.82105267397128, 2130041.467224100138992 ], [ 485025.840084610972553, 2130053.818168859928846 ], [ 485030.94156488601584, 2130183.771585610229522 ], [ 485014.29464045597706, 2130190.484055920038372 ], [ 484995.499725908972323, 2130203.103499779943377 ], [ 484953.076918311009649, 2130213.306500200182199 ], [ 484937.235490572988056, 2130232.906867559999228 ], [ 484926.227041582984384, 2130276.940670249983668 ], [ 484935.622261230018921, 2130318.226924010086805 ], [ 484937.090700802975334, 2130328.693598739802837 ], [ 484949.586439380014781, 2130414.412052739877254 ], [ 484957.641402952023782, 2130416.560042889788747 ], [ 484958.469198688981123, 2130424.656875779852271 ], [ 484964.821050618018489, 2130486.785588560160249 ], [ 484972.369588209025096, 2130549.33574198000133 ], [ 484974.366007066972088, 2130565.87885437021032 ], [ 484975.872689974028617, 2130578.36382194980979 ], [ 484977.328916830010712, 2130590.430690810084343 ], [ 484983.446312941028737, 2130641.121842669788748 ], [ 484936.058889021980576, 2130655.327569149900228 ], [ 484955.935750362987164, 2130686.247130759991705 ], [ 484962.575246920983773, 2130723.288528580218554 ], [ 484982.843181552016176, 2130751.244300129823387 ], [ 484986.30653808201896, 2130754.049332660157233 ], [ 485025.126285929, 2130785.490119819995016 ], [ 485025.03759608900873, 2130795.533563369885087 ], [ 485024.89203676598845, 2130810.298063329886645 ], [ 485028.948228083027061, 2130830.240957119967788 ], [ 485032.286532720027026, 2130855.373533939942718 ], [ 485028.948229286994319, 2130876.549137310124934 ], [ 485047.539108057972044, 2131041.838918650057167 ], [ 485071.256318653991912, 2131146.685280169826001 ], [ 485081.99372956098523, 2131225.378510720096529 ], [ 485083.966852524026763, 2131245.873884289991111 ], [ 485086.391106344992295, 2131271.055278739891946 ], [ 485087.974893664999399, 2131284.061254269909114 ], [ 485092.722638718027156, 2131323.04947907011956 ], [ 485095.025488200015388, 2131342.462091589812189 ], [ 485095.671633997990284, 2131347.908986050169915 ], [ 485116.061013239028398, 2131519.787835469935089 ], [ 485118.728599874011707, 2131542.275117509998381 ], [ 485125.370563190022949, 2131598.265689820051193 ], [ 485130.762853311025538, 2131643.721738830208778 ], [ 485135.712206423981115, 2131685.443907440174371 ], [ 485135.200529570982326, 2131698.625965289771557 ], [ 485138.012378864979837, 2131727.623885490000248 ], [ 485141.103197304997593, 2131750.73250380018726 ], [ 485146.165486001991667, 2131788.580892350059003 ], [ 485165.110835969971959, 2131927.295324159786105 ], [ 485168.261767158983275, 2131950.365873409900814 ], [ 485172.553951689973474, 2132021.196919499896467 ], [ 485179.098653034016024, 2132069.096538090147078 ], [ 485180.609004629019182, 2132080.928920770063996 ], [ 485182.260758885007817, 2132092.239483240060508 ], [ 485233.657920821977314, 2132084.223410440143198 ], [ 485307.138343453989364, 2132074.625348600093275 ], [ 485401.077288345026318, 2132062.435160799883306 ], [ 485533.731830819975585, 2132059.32626164983958 ], [ 485748.481075636984315, 2132076.983417170122266 ], [ 485878.28506402799394, 2132104.662206649780273 ], [ 486132.091537614993285, 2132179.197775110136718 ], [ 486300.969362189993262, 2132228.737484519835562 ], [ 486385.44708311202703, 2132253.525133289862424 ], [ 486420.724085277994163, 2132263.874408950097859 ], [ 486487.685143096023239, 2132283.518891269806772 ], [ 486524.84993362298701, 2132294.421990689821541 ], [ 486557.511531601019669, 2132304.003980659879744 ], [ 486598.986211028008256, 2132316.198965560179204 ], [ 486850.574941792991012, 2132390.174721720162779 ], [ 486863.836737671983428, 2132394.071800029836595 ], [ 486873.125451177009381, 2132396.170427820179611 ], [ 486924.136569828027859, 2132407.6955277598463 ], [ 487146.521440665994305, 2132499.868202520068735 ], [ 487607.384824378998019, 2132704.696369620040059 ], [ 487818.943712920998223, 2132803.459234099835157 ], [ 487951.060593219008297, 2132865.148741799872369 ], [ 488031.776450538018253, 2132903.057177090086043 ], [ 488134.822071601985954, 2132949.451933740172535 ], [ 488388.962380659009796, 2133064.426435519941151 ], [ 488401.973724894982297, 2133069.76184866996482 ], [ 488409.354805729992222, 2133072.788424400147051 ], [ 488658.16116586298449, 2133184.567579989787191 ], [ 488852.17042203102028, 2133254.366595929954201 ], [ 488888.811817827983759, 2133267.549128660000861 ], [ 488901.758333250007126, 2133272.206916919909418 ], [ 489013.03425809199689, 2133319.716981269884855 ], [ 489092.362960922997445, 2133353.586947139818221 ], [ 489185.40528024698142, 2133396.087759349960834 ], [ 489237.309230160026345, 2133418.44411659007892 ], [ 489343.104485411022324, 2133463.403165900148451 ], [ 489355.507925359997898, 2133467.525623970199376 ], [ 489354.151541522005573, 2133494.377283940091729 ], [ 489353.15113888902124, 2133513.685062429867685 ], [ 489351.476786952989642, 2133541.90986223006621 ], [ 489359.609357618028298, 2133627.541034230031073 ], [ 489361.762097043974791, 2133657.44018648006022 ], [ 489370.861757859005593, 2133665.573549489956349 ], [ 489379.69985093397554, 2133793.478881659917533 ], [ 489387.834160714992322, 2133872.95327564002946 ], [ 489399.771655888005625, 2134027.129030390176922 ], [ 489446.610192800988443, 2134536.983388139866292 ], [ 489465.421107642992865, 2134739.887641579844058 ], [ 489467.848033876973204, 2134768.440220550168306 ], [ 489497.685721684014425, 2135119.478057890199125 ], [ 489506.658135399979074, 2135225.697931330185384 ], [ 489511.674742072005756, 2135284.845829870086163 ], [ 489515.420774748024996, 2135329.013127659913152 ], [ 489533.002631401992403, 2135536.310598229989409 ], [ 489544.211057090025861, 2135668.462642279919237 ], [ 489557.924315227020998, 2135830.147712459787726 ], [ 489562.273091381997801, 2135881.646008899901062 ], [ 489573.420512997021433, 2136012.854389439802617 ], [ 489596.949812992010266, 2136290.274714060127735 ], [ 489623.325424003007356, 2136292.97990457015112 ] ] ] ] } }
]
}
